简历ID,应聘岗位,所属部门,招聘渠道,简历投递时间,简历筛选结果,筛选完成时间,一面时间,一面面试官,一面结果,二面时间,二面面试官,二面结果,终面时间,终面面试官,终面结果,Offer发放时间,候选人期望薪资,Offer定薪,是否接受Offer,入职时间,是否到岗
RES00001,产品经理,产品部,BOSS直聘,2025-05-24,不通过,,,,,,,,,,,,,,,,否
RES00002,Java开发工程师,技术部,猎聘,2025-03-16,不通过,,,,,,,,,,,,,,,,否
RES00003,Java开发工程师,技术部,内部推荐,2024-06-28,不通过,,,,,,,,,,,,,,,,否
RES00004,财务会计,财务部,智联招聘,2024-05-12,不通过,,,,,,,,,,,,,,,,否
RES00005,销售代表,销售部,校园招聘,2025-01-24,不通过,,,,,,,,,,,,,,,,否
RES00006,Java开发工程师,技术部,BOSS直聘,2025-06-29,不通过,,,,,,,,,,,,,,,,否
RES00007,HRBP,人事部,BOSS直聘,2024-08-23,不通过,,,,,,,,,,,,,,,,否
RES00008,HRBP,人事部,BOSS直聘,2025-05-27,不通过,,,,,,,,,,,,,,,,否
RES00009,产品运营,运营部,BOSS直聘,2024-12-28,不通过,,,,,,,,,,,,,,,,否
RES00010,财务会计,财务部,BOSS直聘,2024-03-14,通过,2024-03-16,2024-03-22,唐玉华,通过,2024-03-25,王宁,不通过,,,,,,,,,否
RES00011,财务会计,财务部,校园招聘,2025-02-10,不通过,,,,,,,,,,,,,,,,否
RES00012,测试工程师,技术部,BOSS直聘,2024-02-13,不通过,,,,,,,,,,,,,,,,否
RES00013,客服主管,客服部,智联招聘,2025-03-22,通过,2025-03-24,2025-03-31,侯桂兰,候选人放弃,,,,,,,,,,,,否
RES00014,测试工程师,技术部,前程无忧,2024-01-20,通过,2024-01-25,2024-01-24,刘桂花,通过,2024-02-02,黄秀英,不通过,,,,,,,,,否
RES00015,Java开发工程师,技术部,校园招聘,2025-04-15,不通过,,,,,,,,,,,,,,,,否
RES00016,销售代表,销售部,猎头,2024-03-20,不通过,,,,,,,,,,,,,,,,否
RES00017,市场推广,市场部,内部推荐,2024-11-16,通过,2024-11-19,2024-11-25,方坤,通过,2024-11-24,黄鹏,通过,2024-12-05,李冬梅,通过,2024-12-08,29k,30104.0,是,2025-01-15,是
RES00018,产品经理,产品部,猎头,2025-03-15,通过,2025-03-16,2025-03-24,黎红,通过,2025-03-29,陈丽娟,不通过,,,,,,,,,否
RES00019,财务会计,财务部,内部推荐,2025-02-18,不通过,,,,,,,,,,,,,,,,否
RES00020,产品运营,运营部,猎头,2025-03-03,不通过,,,,,,,,,,,,,,,,否
RES00021,产品运营,运营部,猎聘,2024-10-23,不通过,,,,,,,,,,,,,,,,否
RES00022,测试工程师,技术部,BOSS直聘,2024-04-27,不通过,,,,,,,,,,,,,,,,否
RES00023,Java开发工程师,技术部,智联招聘,2025-02-18,通过,2025-02-20,2025-02-26,李文,通过,2025-03-03,郑莉,通过,2025-03-05,安秀珍,通过,2025-03-09,21k,22987.0,否,,否
RES00024,Java开发工程师,技术部,猎聘,2024-01-22,不通过,,,,,,,,,,,,,,,,否
RES00025,市场推广,市场部,智联招聘,2024-11-28,通过,2024-12-02,2024-12-05,莫飞,候选人放弃,,,,,,,,,,,,否
RES00026,前端开发工程师,技术部,BOSS直聘,2024-06-24,不通过,,,,,,,,,,,,,,,,否
RES00027,前端开发工程师,技术部,前程无忧,2025-04-16,不通过,,,,,,,,,,,,,,,,否
RES00028,Java开发工程师,技术部,校园招聘,2025-01-05,不通过,,,,,,,,,,,,,,,,否
RES00029,行政专员,人事部,BOSS直聘,2024-03-31,不通过,,,,,,,,,,,,,,,,否
RES00030,HRBP,人事部,内部推荐,2025-03-23,通过,2025-03-25,2025-03-30,李淑兰,通过,2025-04-01,孙峰,通过,2025-04-06,魏平,不通过,,,,,,否
RES00031,HRBP,人事部,猎聘,2024-04-18,不通过,,,,,,,,,,,,,,,,否
RES00032,市场推广,市场部,猎头,2024-09-06,通过,2024-09-09,2024-09-14,杜婷婷,通过,2024-09-19,赵敏,通过,2024-09-26,王建,通过,2024-09-25,21k,23186.0,是,2024-10-06,是
RES00033,市场推广,市场部,校园招聘,2025-03-22,通过,2025-03-23,2025-03-27,张霞,通过,2025-04-02,陈霞,不通过,,,,,,,,,否
RES00034,客服主管,客服部,内部推荐,2025-02-14,通过,2025-02-15,2025-02-21,王梅,通过,2025-03-01,伍帅,通过,2025-03-05,王雪,通过,2025-03-02,28k,30262.0,是,2025-04-12,是
RES00035,销售代表,销售部,前程无忧,2025-06-20,不通过,,,,,,,,,,,,,,,,否
RES00036,产品运营,运营部,BOSS直聘,2024-03-21,不通过,,,,,,,,,,,,,,,,否
RES00037,数据分析师,产品部,前程无忧,2025-02-09,不通过,,,,,,,,,,,,,,,,否
RES00038,HRBP,人事部,内部推荐,2024-11-13,不通过,,,,,,,,,,,,,,,,否
RES00039,行政专员,人事部,校园招聘,2024-12-13,不通过,,,,,,,,,,,,,,,,否
RES00040,Java开发工程师,技术部,内部推荐,2024-08-14,不通过,,,,,,,,,,,,,,,,否
RES00041,财务会计,财务部,BOSS直聘,2024-12-07,通过,2024-12-11,2024-12-15,陈杰,通过,2024-12-14,陈波,不通过,,,,,,,,,否
RES00042,行政专员,人事部,前程无忧,2024-06-21,通过,2024-06-24,2024-07-01,郭建军,通过,2024-07-03,刘玉英,不通过,,,,,,,,,否
RES00043,客服主管,客服部,智联招聘,2024-03-19,不通过,,,,,,,,,,,,,,,,否
RES00044,数据分析师,产品部,BOSS直聘,2025-06-06,不通过,,,,,,,,,,,,,,,,否
RES00045,行政专员,人事部,BOSS直聘,2024-04-26,不通过,,,,,,,,,,,,,,,,否
RES00046,财务会计,财务部,BOSS直聘,2025-06-27,不通过,,,,,,,,,,,,,,,,否
RES00047,产品经理,产品部,内部推荐,2025-06-06,不通过,,,,,,,,,,,,,,,,否
RES00048,前端开发工程师,技术部,BOSS直聘,2024-07-17,通过,2024-07-19,2024-07-22,刘芳,通过,2024-08-01,申金凤,不通过,,,,,,,,,否
RES00049,产品经理,产品部,BOSS直聘,2024-12-23,通过,2024-12-24,2024-12-30,崔娟,通过,2025-01-03,陈玉珍,通过,2025-01-11,周涛,通过,2025-01-09,9k,8663.0,是,2025-01-23,是
RES00050,产品运营,运营部,猎头,2024-12-25,通过,2024-12-28,2025-01-02,张勇,通过,2025-01-06,苏志强,通过,2025-01-08,曹海燕,通过,2025-01-17,10k,10819.0,是,2025-02-10,是
RES00051,产品运营,运营部,智联招聘,2024-05-31,通过,2024-06-02,2024-06-08,刘旭,候选人放弃,,,,,,,,,,,,否
RES00052,HRBP,人事部,BOSS直聘,2024-08-29,通过,2024-09-01,2024-09-08,丁杰,通过,2024-09-05,何兵,不通过,,,,,,,,,否
RES00053,测试工程师,技术部,BOSS直聘,2024-04-15,通过,2024-04-18,2024-04-21,任军,通过,2024-04-27,许俊,不通过,,,,,,,,,否
RES00054,财务会计,财务部,BOSS直聘,2024-05-29,不通过,,,,,,,,,,,,,,,,否
RES00055,测试工程师,技术部,BOSS直聘,2024-09-19,不通过,,,,,,,,,,,,,,,,否
RES00056,产品运营,运营部,BOSS直聘,2024-07-21,通过,2024-07-24,2024-07-24,温杨,不通过,,,,,,,,,,,,否
RES00057,市场推广,市场部,前程无忧,2024-06-26,不通过,,,,,,,,,,,,,,,,否
RES00058,HRBP,人事部,BOSS直聘,2024-06-05,不通过,,,,,,,,,,,,,,,,否
RES00059,客服主管,客服部,智联招聘,2024-03-18,不通过,,,,,,,,,,,,,,,,否
RES00060,HRBP,人事部,校园招聘,2024-06-30,不通过,,,,,,,,,,,,,,,,否
RES00061,产品经理,产品部,智联招聘,2025-05-20,不通过,,,,,,,,,,,,,,,,否
RES00062,Java开发工程师,技术部,校园招聘,2025-04-20,通过,2025-04-22,2025-04-24,王淑英,通过,2025-04-29,傅春梅,不通过,,,,,,,,,否
RES00063,数据分析师,产品部,前程无忧,2025-04-04,不通过,,,,,,,,,,,,,,,,否
RES00064,市场推广,市场部,智联招聘,2024-11-26,不通过,,,,,,,,,,,,,,,,否
RES00065,市场推广,市场部,内部推荐,2024-11-19,通过,2024-11-20,2024-11-25,李婷,通过,2024-12-02,王刚,不通过,,,,,,,,,否
RES00066,销售代表,销售部,BOSS直聘,2024-06-03,不通过,,,,,,,,,,,,,,,,否
RES00067,市场推广,市场部,BOSS直聘,2025-03-26,通过,2025-03-30,2025-03-31,周桂芳,通过,2025-04-07,贾桂芳,通过,2025-04-08,司博,通过,2025-04-10,13k,14645.0,是,2025-05-13,是
RES00068,市场推广,市场部,猎聘,2024-03-10,不通过,,,,,,,,,,,,,,,,否
RES00069,产品经理,产品部,前程无忧,2025-04-25,不通过,,,,,,,,,,,,,,,,否
RES00070,行政专员,人事部,内部推荐,2025-03-28,通过,2025-04-01,2025-03-31,金春梅,通过,2025-04-05,李林,通过,2025-04-10,张丽丽,通过,2025-04-21,9k,9872.0,是,2025-05-26,是
RES00071,市场推广,市场部,校园招聘,2024-11-06,不通过,,,,,,,,,,,,,,,,否
RES00072,Java开发工程师,技术部,智联招聘,2024-10-08,不通过,,,,,,,,,,,,,,,,否
RES00073,数据分析师,产品部,前程无忧,2024-02-27,不通过,,,,,,,,,,,,,,,,否
RES00074,前端开发工程师,技术部,前程无忧,2024-12-26,通过,2024-12-30,2024-12-29,李淑英,通过,2025-01-10,戴桂花,通过,2025-01-13,陈洁,通过,2025-01-18,17k,19290.0,是,2025-02-15,是
RES00075,产品经理,产品部,猎头,2025-06-03,不通过,,,,,,,,,,,,,,,,否
RES00076,产品经理,产品部,内部推荐,2024-03-16,不通过,,,,,,,,,,,,,,,,否
RES00077,测试工程师,技术部,校园招聘,2024-11-13,不通过,,,,,,,,,,,,,,,,否
RES00078,行政专员,人事部,BOSS直聘,2025-04-17,不通过,,,,,,,,,,,,,,,,否
RES00079,销售代表,销售部,内部推荐,2025-04-07,通过,2025-04-12,2025-04-10,陆建,通过,2025-04-20,李秀芳,通过,2025-04-20,张娜,通过,2025-04-26,14k,15622.0,否,,否
RES00080,行政专员,人事部,BOSS直聘,2024-02-08,通过,2024-02-12,2024-02-13,熊淑珍,候选人放弃,,,,,,,,,,,,否
RES00081,数据分析师,产品部,BOSS直聘,2024-02-28,通过,2024-03-01,2024-03-05,白刚,不通过,,,,,,,,,,,,否
RES00082,数据分析师,产品部,校园招聘,2025-01-12,通过,2025-01-17,2025-01-22,段志强,候选人放弃,,,,,,,,,,,,否
RES00083,HRBP,人事部,BOSS直聘,2024-10-20,不通过,,,,,,,,,,,,,,,,否
RES00084,测试工程师,技术部,猎头,2024-03-19,通过,2024-03-20,2024-03-25,陈丽娟,通过,2024-04-02,黄瑞,通过,2024-04-05,洪秀云,不通过,,,,,,否
RES00085,前端开发工程师,技术部,BOSS直聘,2024-04-02,通过,2024-04-04,2024-04-06,鲁博,通过,2024-04-14,黄旭,不通过,,,,,,,,,否
RES00086,数据分析师,产品部,内部推荐,2025年06月3日,通过,2025-06-06,2025-06-10,刘晶,通过,2025-06-12,许春梅,通过,2025-06-20,赵婷婷,通过,2025-06-23,22k,20573.0,是,2025-07-28,是
RES00087,产品运营,运营部,BOSS直聘,2025-01-28,不通过,,,,,,,,,,,,,,,,否
RES00088,客服主管,客服部,智联招聘,2025-04-18,不通过,,,,,,,,,,,,,,,,否
RES00089,产品运营,运营部,BOSS直聘,2024-02-12,不通过,,,,,,,,,,,,,,,,否
RES00090,销售代表,销售部,前程无忧,2025-04-05,通过,2025-04-08,2025-04-15,唐秀华,不通过,,,,,,,,,,,,否
RES00091,销售代表,销售部,智联招聘,2024-07-11,不通过,,,,,,,,,,,,,,,,否
RES00092,市场推广,市场部,猎聘,2024-11-25,通过,2024-11-30,2024-11-29,赵楠,通过,2024-12-04,徐建华,不通过,,,,,,,,,否
RES00093,行政专员,人事部,BOSS直聘,2025-05-02,不通过,,,,,,,,,,,,,,,,否
RES00094,HRBP,人事部,BOSS直聘,2025-05-28,通过,2025-05-29,2025-05-31,高玉英,通过,2025-06-10,黄婷,不通过,,,,,,,,,否
RES00095,市场推广,市场部,BOSS直聘,2024-06-03,不通过,,,,,,,,,,,,,,,,否
RES00096,财务会计,财务部,智联招聘,2024-03-04,通过,2024-03-05,2024-03-14,杨红梅,候选人放弃,,,,,,,,,,,,否
RES00097,HRBP,人事部,内部推荐,2025-04-06,不通过,,,,,,,,,,,,,,,,否
RES00098,销售代表,销售部,校园招聘,2024-04-15,通过,2024-04-19,2024-04-22,马琴,通过,2024-04-30,韩超,通过,2024-05-03,蓝博,通过,2024-05-05,24k,22061.0,是,2024-06-14,是
RES00099,销售代表,销售部,BOSS直聘,2024-12-17,不通过,,,,,,,,,,,,,,,,否
RES00100,产品经理,产品部,前程无忧,2024-03-27,通过,2024-04-01,2024-04-01,袁林,通过,2024-04-05,瞿洁,通过,2024-04-15,沙磊,不通过,,,,,,否
RES00101,财务会计,财务部,内部推荐,2025-05-31,不通过,,,,,,,,,,,,,,,,否
RES00102,市场推广,市场部,BOSS直聘,2024-06-25,通过,2024-06-29,2024-07-02,张雪梅,通过,2024-07-02,蒋秀芳,通过,2024-07-15,王亮,通过,2024-07-15,20k,20591.0,是,2024-07-26,是
RES00103,销售代表,销售部,智联招聘,2024-02-10,不通过,,,,,,,,,,,,,,,,否
RES00104,财务会计,财务部,前程无忧,2024-09-10,通过,2024-09-15,2024-09-17,连勇,不通过,,,,,,,,,,,,否
RES00105,前端开发工程师,技术部,BOSS直聘,2025-03-24,不通过,,,,,,,,,,,,,,,,否
RES00106,客服主管,客服部,BOSS直聘,2025-03-25,不通过,,,,,,,,,,,,,,,,否
RES00107,行政专员,人事部,BOSS直聘,2025-06-20,不通过,,,,,,,,,,,,,,,,否
RES00108,销售代表,销售部,前程无忧,2025-06-19,不通过,,,,,,,,,,,,,,,,否
RES00109,前端开发工程师,技术部,BOSS直聘,2024-06-11,不通过,,,,,,,,,,,,,,,,否
RES00110,HRBP,人事部,BOSS直聘,2025-01-07,不通过,,,,,,,,,,,,,,,,否
RES00111,行政专员,人事部,智联招聘,2025-01-16,通过,2025-01-19,2025-01-22,袁秀英,通过,2025-01-28,丁玉,通过,2025-02-02,洪娜,不通过,,,,,,否
RES00112,财务会计,财务部,BOSS直聘,2024-10-16,不通过,,,,,,,,,,,,,,,,否
RES00113,行政专员,人事部,BOSS直聘,2025-01-31,不通过,,,,,,,,,,,,,,,,否
RES00114,产品运营,运营部,校园招聘,2025-02-22,不通过,,,,,,,,,,,,,,,,否
RES00115,产品经理,产品部,BOSS直聘,2024-12-12,不通过,,,,,,,,,,,,,,,,否
RES00116,财务会计,财务部,猎聘,2024-02-23,通过,2024-02-25,2024-03-01,邓健,通过,2024-03-03,李秀英,通过,2024-03-07,何莹,通过,2024-03-19,15k,15281.0,是,2024-03-27,是
RES00117,前端开发工程师,技术部,智联招聘,2024-12-08,不通过,,,,,,,,,,,,,,,,否
RES00118,销售代表,销售部,猎聘,2024-03-08,通过,2024-03-10,2024-03-11,唐洋,不通过,,,,,,,,,,,,否
RES00119,财务会计,财务部,前程无忧,2024-12-03,通过,2024-12-05,2024-12-08,姚志强,通过,2024-12-10,王建军,不通过,,,,,,,,,否
RES00120,Java开发工程师,技术部,BOSS直聘,2024-04-06,不通过,,,,,,,,,,,,,,,,否
RES00121,产品运营,运营部,内部推荐,2025-01-30,通过,2025-02-01,2025-02-04,杨春梅,通过,2025-02-12,谢慧,通过,2025-02-11,萧欢,通过,2025-02-24,34k,33399.0,是,2025-03-15,是
RES00122,前端开发工程师,技术部,前程无忧,2024-10-17,不通过,,,,,,,,,,,,,,,,否
RES00123,HRBP,人事部,内部推荐,2024-09-15,通过,2024-09-17,2024-09-20,刘桂芳,候选人放弃,,,,,,,,,,,,否
RES00124,测试工程师,技术部,智联招聘,2024-06-02,不通过,,,,,,,,,,,,,,,,否
RES00125,Java开发工程师,技术部,猎头,2024-12-07,不通过,,,,,,,,,,,,,,,,否
RES00126,财务会计,财务部,内部推荐,2024-03-24,通过,2024-03-29,2024-04-01,毛静,通过,2024-04-01,刘洋,不通过,,,,,,,,,否
RES00127,产品经理,产品部,猎头,2024-05-24,通过,2024-05-28,2024-05-27,韩秀珍,通过,2024-06-08,何红霞,通过,2024-06-07,王宁,通过,2024-06-17,11k,10435.0,否,,否
RES00128,测试工程师,技术部,前程无忧,2024-12-24,不通过,,,,,,,,,,,,,,,,否
RES00129,Java开发工程师,技术部,智联招聘,2024-11-13,不通过,,,,,,,,,,,,,,,,否
RES00130,行政专员,人事部,内部推荐,2025-02-05,通过,2025-02-06,2025-02-10,熊旭,通过,2025-02-20,乔军,不通过,,,,,,,,,否
RES00131,财务会计,财务部,校园招聘,2024-05-12,不通过,,,,,,,,,,,,,,,,否
RES00132,前端开发工程师,技术部,猎头,2024-03-27,不通过,,,,,,,,,,,,,,,,否
RES00133,财务会计,财务部,智联招聘,2024-11-13,不通过,,,,,,,,,,,,,,,,否
RES00134,产品经理,产品部,内部推荐,2025-01-20,不通过,,,,,,,,,,,,,,,,否
RES00135,客服主管,客服部,BOSS直聘,2024-12-02,不通过,,,,,,,,,,,,,,,,否
RES00136,行政专员,人事部,前程无忧,2024-05-10,不通过,,,,,,,,,,,,,,,,否
RES00137,销售代表,销售部,BOSS直聘,2025-06-23,通过,2025-06-28,2025-07-03,金凤英,通过,2025-07-06,萧建平,不通过,,,,,,,,,否
RES00138,财务会计,财务部,智联招聘,2024-04-05,不通过,,,,,,,,,,,,,,,,否
RES00139,产品经理,产品部,校园招聘,2025-03-09,不通过,,,,,,,,,,,,,,,,否
RES00140,Java开发工程师,技术部,BOSS直聘,2025-06-04,不通过,,,,,,,,,,,,,,,,否
RES00141,Java开发工程师,技术部,猎聘,2025-01-05,不通过,,,,,,,,,,,,,,,,否
RES00142,数据分析师,产品部,前程无忧,2024-01-19,不通过,,,,,,,,,,,,,,,,否
RES00143,前端开发工程师,技术部,BOSS直聘,2025-01-06,不通过,,,,,,,,,,,,,,,,否
RES00144,行政专员,人事部,智联招聘,2024-11-12,通过,2024-11-14,2024-11-19,阚慧,通过,2024-11-27,张晨,不通过,,,,,,,,,否
RES00145,Java开发工程师,技术部,前程无忧,2024-07-03,不通过,,,,,,,,,,,,,,,,否
RES00146,数据分析师,产品部,BOSS直聘,2024-08-07,通过,2024-08-08,2024-08-10,张丽娟,通过,2024-08-17,李建平,通过,2024-08-24,陈建军,通过,2024-08-28,19k,18306.0,是,2024-09-24,是
RES00147,测试工程师,技术部,内部推荐,2024-12-15,不通过,,,,,,,,,,,,,,,,否
RES00148,销售代表,销售部,猎头,2025-05-12,通过,2025-05-15,2025-05-21,王宇,通过,2025-05-25,冯桂荣,通过,2025-06-01,王超,通过,2025-06-03,13k,13496.0,是,2025-06-19,试用期离职
RES00149,客服主管,客服部,BOSS直聘,2024-07-15,不通过,,,,,,,,,,,,,,,,否
RES00150,测试工程师,技术部,BOSS直聘,2024-08-19,不通过,,,,,,,,,,,,,,,,否
RES00151,客服主管,客服部,智联招聘,2024-05-20,不通过,,,,,,,,,,,,,,,,否
RES00152,前端开发工程师,技术部,内部推荐,2024-06-07,通过,2024-06-08,2024-06-12,李佳,不通过,,,,,,,,,,,,否
RES00153,财务会计,财务部,BOSS直聘,2024-03-20,通过,2024-03-25,2024-03-28,廖英,通过,2024-03-27,蔡丽,不通过,,,,,,,,,否
RES00154,数据分析师,产品部,BOSS直聘,2024-10-29,通过,2024-10-30,2024-11-08,林秀英,通过,2024-11-11,林阳,不通过,,,,,,,,,否
RES00155,Java开发工程师,技术部,前程无忧,2024-04-13,通过,2024-04-16,2024-04-17,戴燕,通过,2024-04-26,魏鑫,不通过,,,,,,,,,否
RES00156,产品经理,产品部,猎头,2025-06-03,不通过,,,,,,,,,,,,,,,,否
RES00157,HRBP,人事部,智联招聘,2025-06-23,不通过,,,,,,,,,,,,,,,,否
RES00158,客服主管,客服部,智联招聘,2024-02-08,不通过,,,,,,,,,,,,,,,,否
RES00159,市场推广,市场部,猎头,2024-12-10,通过,2024-12-15,2024-12-15,秦萍,通过,2024-12-24,陈红,通过,2024-12-30,李辉,通过,2024-12-29,14k,13039.0,是,2025-01-25,是
RES00160,前端开发工程师,技术部,猎聘,2024-05-14,不通过,,,,,,,,,,,,,,,,否
RES00161,财务会计,财务部,猎聘,2025-01-20,不通过,,,,,,,,,,,,,,,,否
RES00162,产品运营,运营部,前程无忧,2024-06-06,不通过,,,,,,,,,,,,,,,,否
RES00163,前端开发工程师,技术部,猎头,2024-06-15,通过,2024-06-17,2024-06-22,战宇,通过,2024-06-27,宋旭,通过,2024-07-03,周桂珍,通过,2024-07-09,14k,14614.0,是,2024-07-17,是
RES00164,产品经理,产品部,猎聘,2024-07-04,不通过,,,,,,,,,,,,,,,,否
RES00165,HRBP,人事部,校园招聘,2024-06-18,不通过,,,,,,,,,,,,,,,,否
RES00166,市场推广,市场部,猎聘,2025-03-24,不通过,,,,,,,,,,,,,,,,否
RES00167,客服主管,客服部,内部推荐,2024-02-14,通过,2024-02-17,2024-02-20,吉莹,不通过,,,,,,,,,,,,否
RES00168,行政专员,人事部,BOSS直聘,2025-02-24,不通过,,,,,,,,,,,,,,,,否
RES00169,市场推广,市场部,智联招聘,2025-01-08,通过,2025-01-12,2025-01-13,李丽丽,不通过,,,,,,,,,,,,否
RES00170,数据分析师,产品部,内部推荐,2024-08-31,通过,2024-09-01,2024-09-07,杨丽娟,通过,2024-09-08,詹秀荣,通过,2024-09-16,周杰,通过,2024-09-23,34k,36677.0,是,2024-10-14,试用期离职
RES00171,客服主管,客服部,BOSS直聘,2025-03-30,不通过,,,,,,,,,,,,,,,,否
RES00172,产品运营,运营部,前程无忧,2024-10-18,不通过,,,,,,,,,,,,,,,,否
RES00173,测试工程师,技术部,BOSS直聘,2025-04-04,不通过,,,,,,,,,,,,,,,,否
RES00174,产品运营,运营部,内部推荐,2024-08-27,不通过,,,,,,,,,,,,,,,,否
RES00175,客服主管,客服部,BOSS直聘,2025-06-30,不通过,,,,,,,,,,,,,,,,否
RES00176,行政专员,人事部,内部推荐,2024-09-01,通过,2024-09-06,2024-09-05,姚霞,不通过,,,,,,,,,,,,否
RES00177,测试工程师,技术部,前程无忧,2024-11-12,通过,2024-11-16,2024-11-18,殷磊,通过,2024-11-25,王丽,不通过,,,,,,,,,否
RES00178,前端开发工程师,技术部,BOSS直聘,2025-04-25,不通过,,,,,,,,,,,,,,,,否
RES00179,行政专员,人事部,前程无忧,2024-07-17,不通过,,,,,,,,,,,,,,,,否
RES00180,Java开发工程师,技术部,BOSS直聘,2025-01-11,通过,2025-01-14,2025-01-15,蒋艳,通过,2025-01-23,高佳,通过,2025-01-25,李婷婷,通过,2025-02-02,18k,17748.0,否,,否
RES00181,客服主管,客服部,智联招聘,2025-03-27,通过,2025-03-29,2025-04-02,孙霞,通过,2025-04-07,崔涛,不通过,,,,,,,,,否
RES00182,客服主管,客服部,智联招聘,2025-04-17,通过,2025-04-19,2025-04-25,刘志强,候选人放弃,,,,,,,,,,,,否
RES00183,行政专员,人事部,BOSS直聘,2024-10-15,通过,2024-10-16,2024-10-19,桂海燕,通过,2024-10-29,杨伟,不通过,,,,,,,,,否
RES00184,数据分析师,产品部,猎头,2025-01-26,通过,2025-01-31,2025-02-03,何颖,不通过,,,,,,,,,,,,否
RES00185,销售代表,销售部,BOSS直聘,2025-05-29,不通过,,,,,,,,,,,,,,,,否
RES00186,销售代表,销售部,猎聘,2025-06-24,不通过,,,,,,,,,,,,,,,,否
RES00187,产品经理,产品部,智联招聘,2025-03-04,不通过,,,,,,,,,,,,,,,,否
RES00188,销售代表,销售部,猎聘,2024-06-14,不通过,,,,,,,,,,,,,,,,否
RES00189,产品运营,运营部,智联招聘,2024-07-23,不通过,,,,,,,,,,,,,,,,否
RES00190,Java开发工程师,技术部,猎聘,2024-05-21,不通过,,,,,,,,,,,,,,,,否
RES00191,客服主管,客服部,猎聘,2024-09-13,不通过,,,,,,,,,,,,,,,,否
RES00192,市场推广,市场部,猎聘,2024-02-23,不通过,,,,,,,,,,,,,,,,否
RES00193,产品运营,运营部,BOSS直聘,2025-05-07,通过,2025-05-09,2025-05-10,李秀荣,通过,2025-05-20,卢颖,通过,2025-05-27,梁红霞,通过,2025-05-22,24k,23717.0,否,,否
RES00194,产品经理,产品部,猎聘,2025-01-15,不通过,,,,,,,,,,,,,,,,否
RES00195,HRBP,人事部,BOSS直聘,2024-04-15,不通过,,,,,,,,,,,,,,,,否
RES00196,Java开发工程师,技术部,BOSS直聘,2025-06-12,通过,2025-06-17,2025-06-15,傅柳,通过,2025-06-22,郭丽华,通过,2025-06-25,秦洋,通过,2025-07-02,19k,20295.0,是,2025-07-29,是
RES00197,销售代表,销售部,智联招聘,2024-05-07,通过,2024-05-12,2024-05-12,赵秀英,通过,2024-05-17,黄冬梅,通过,2024-05-24,王兰英,通过,2024-05-27,21k,20194.0,是,2024-06-10,试用期离职
RES00198,财务会计,财务部,智联招聘,2024-10-18,不通过,,,,,,,,,,,,,,,,否
RES00199,前端开发工程师,技术部,智联招聘,2024-03-26,不通过,,,,,,,,,,,,,,,,否
RES00200,市场推广,市场部,猎聘,2024-06-13,不通过,,,,,,,,,,,,,,,,否
RES00201,客服主管,客服部,智联招聘,2024-10-06,不通过,,,,,,,,,,,,,,,,否
RES00202,测试工程师,技术部,智联招聘,2025-04-05,不通过,,,,,,,,,,,,,,,,否
RES00203,HRBP,人事部,BOSS直聘,2025-06-09,不通过,,,,,,,,,,,,,,,,否
RES00204,前端开发工程师,技术部,猎聘,2024-05-30,通过,2024-06-01,2024-06-02,陈峰,通过,2024-06-13,张华,通过,2024-06-19,吴丽,通过,2024-06-22,31k,30445.0,是,2024-07-07,是
RES00205,行政专员,人事部,前程无忧,2025-03-23,不通过,,,,,,,,,,,,,,,,否
RES00206,行政专员,人事部,智联招聘,2024-04-03,不通过,,,,,,,,,,,,,,,,否
RES00207,Java开发工程师,技术部,猎聘,2024-08-15,不通过,,,,,,,,,,,,,,,,否
RES00208,测试工程师,技术部,前程无忧,2025-04-06,通过,2025-04-09,2025-04-10,李鹏,通过,2025-04-18,赵杰,通过,2025-04-23,沈红,通过,2025-04-29,26k,28535.0,是,2025-05-06,是
RES00209,Java开发工程师,技术部,智联招聘,2024-12-23,不通过,,,,,,,,,,,,,,,,否
RES00210,Java开发工程师,技术部,前程无忧,2024-01-28,不通过,,,,,,,,,,,,,,,,否
RES00211,测试工程师,技术部,猎聘,2025-02-28,不通过,,,,,,,,,,,,,,,,否
RES00212,产品运营,运营部,猎聘,2024-02-24,不通过,,,,,,,,,,,,,,,,否
RES00213,产品运营,运营部,BOSS直聘,2025-02-09,不通过,,,,,,,,,,,,,,,,否
RES00214,行政专员,人事部,BOSS直聘,2025-05-29,不通过,,,,,,,,,,,,,,,,否
RES00215,Java开发工程师,技术部,BOSS直聘,2025-01-17,不通过,,,,,,,,,,,,,,,,否
RES00216,市场推广,市场部,猎聘,2024-08-29,通过,2024-09-01,2024-09-08,姚瑞,不通过,,,,,,,,,,,,否
RES00217,产品经理,产品部,校园招聘,2025-01-30,不通过,,,,,,,,,,,,,,,,否
RES00218,数据分析师,产品部,智联招聘,2024-03-24,不通过,,,,,,,,,,,,,,,,否
RES00219,Java开发工程师,技术部,BOSS直聘,2025-01-18,通过,2025-01-20,2025-01-26,郑云,候选人放弃,,,,,,,,,,,,否
RES00220,客服主管,客服部,内部推荐,2024-08-17,通过,2024-08-22,2024-08-21,崔艳,通过,2024-08-29,王浩,通过,2024-09-03,郭辉,通过,2024-09-11,17k,18285.0,是,2024-09-28,是
RES00221,市场推广,市场部,内部推荐,2024-01-29,通过,2024-02-01,2024-02-08,苏华,候选人放弃,,,,,,,,,,,,否
RES00222,测试工程师,技术部,校园招聘,2024-11-22,不通过,,,,,,,,,,,,,,,,否
RES00223,客服主管,客服部,前程无忧,2024-04-11,通过,2024-04-12,2024-04-17,赖淑英,通过,2024-04-19,张志强,不通过,,,,,,,,,否
RES00224,财务会计,财务部,校园招聘,2024-12-09,不通过,,,,,,,,,,,,,,,,否
RES00225,测试工程师,技术部,BOSS直聘,2024-05-29,不通过,,,,,,,,,,,,,,,,否
RES00226,行政专员,人事部,BOSS直聘,2024-05-20,通过,2024-05-24,2024-05-29,杨欣,通过,2024-05-28,杜林,通过,2024-06-03,丁帆,通过,2024-06-05,29k,31999.0,是,2024-06-26,是
RES00227,Java开发工程师,技术部,BOSS直聘,2024-02-09,通过,2024-02-11,2024-02-14,徐辉,通过,2024-02-21,张龙,通过,2024-02-26,马玉,不通过,,,,,,否
RES00228,销售代表,销售部,猎聘,2024-10-20,不通过,,,,,,,,,,,,,,,,否
RES00229,前端开发工程师,技术部,BOSS直聘,2025-04-28,不通过,,,,,,,,,,,,,,,,否
RES00230,Java开发工程师,技术部,前程无忧,2024-05-22,不通过,,,,,,,,,,,,,,,,否
RES00231,产品经理,产品部,智联招聘,2025-04-25,不通过,,,,,,,,,,,,,,,,否
RES00232,财务会计,财务部,智联招聘,2025-04-04,不通过,,,,,,,,,,,,,,,,否
RES00233,Java开发工程师,技术部,校园招聘,2024-01-06,通过,2024-01-11,2024-01-16,白秀华,通过,2024-01-19,张云,不通过,,,,,,,,,否
RES00234,数据分析师,产品部,BOSS直聘,2024-03-22,不通过,,,,,,,,,,,,,,,,否
RES00235,前端开发工程师,技术部,智联招聘,2024-01-20,不通过,,,,,,,,,,,,,,,,否
RES00236,前端开发工程师,技术部,内部推荐,2024-09-19,通过,2024-09-22,2024-09-25,柯云,通过,2024-10-03,高岩,不通过,,,,,,,,,否
RES00237,产品运营,运营部,BOSS直聘,2024-08-08,通过,2024-08-12,2024-08-15,张华,通过,2024-08-23,李玉英,通过,2024-08-22,孙杨,不通过,,,,,,否
RES00238,测试工程师,技术部,猎聘,2024-06-02,通过,2024-06-06,2024-06-12,何东,通过,2024-06-16,王莉,不通过,,,,,,,,,否
RES00239,产品经理,产品部,内部推荐,2025-06-24,通过,2025-06-28,2025-06-30,吕磊,候选人放弃,,,,,,,,,,,,否
RES00240,产品经理,产品部,校园招聘,2025-03-09,不通过,,,,,,,,,,,,,,,,否
RES00241,市场推广,市场部,校园招聘,2024-04-23,不通过,,,,,,,,,,,,,,,,否
RES00242,销售代表,销售部,智联招聘,2024-10-22,通过,2024-10-27,2024-10-28,岳志强,通过,2024-11-04,韩斌,通过,2024-11-06,王琴,不通过,,,,,,否
RES00243,产品经理,产品部,前程无忧,2024-08-31,通过,2024-09-04,2024-09-07,康丹,候选人放弃,,,,,,,,,,,,否
RES00244,数据分析师,产品部,BOSS直聘,2024-11-04,通过,2024-11-09,2024-11-10,申雪梅,不通过,,,,,,,,,,,,否
RES00245,财务会计,财务部,BOSS直聘,2024-05-04,不通过,,,,,,,,,,,,,,,,否
RES00246,销售代表,销售部,BOSS直聘,2024-02-18,通过,2024-02-21,2024-02-28,方杰,通过,2024-02-29,毛婷婷,不通过,,,,,,,,,否
RES00247,产品运营,运营部,智联招聘,2024-09-01,不通过,,,,,,,,,,,,,,,,否
RES00248,测试工程师,技术部,校园招聘,2025-03-05,不通过,,,,,,,,,,,,,,,,否
RES00249,产品经理,产品部,智联招聘,2025-04-13,不通过,,,,,,,,,,,,,,,,否
RES00250,测试工程师,技术部,前程无忧,2024-03-05,通过,2024-03-10,2024-03-09,吴强,通过,2024-03-14,姚东,通过,2024-03-17,周龙,通过,2024-03-23,10k,10189.0,是,2024-04-14,是
RES00251,产品运营,运营部,智联招聘,2024-04-23,不通过,,,,,,,,,,,,,,,,否
RES00252,测试工程师,技术部,智联招聘,2025-05-26,不通过,,,,,,,,,,,,,,,,否
RES00253,前端开发工程师,技术部,猎头,2024-01-17,通过,2024-01-18,2024-01-22,王冬梅,通过,2024-01-30,陈杰,通过,2024-02-05,吴玉,通过,2024-02-03,14k,15428.0,是,2024-02-28,是
RES00254,Java开发工程师,技术部,BOSS直聘,2025-06-11,通过,2025-06-13,2025-06-21,刘桂珍,通过,2025-06-18,王桂花,通过,2025-06-24,刘梅,通过,2025-07-04,29k,32698.0,是,2025-08-01,试用期离职
RES00255,产品经理,产品部,前程无忧,2024-09-04,不通过,,,,,,,,,,,,,,,,否
RES00256,数据分析师,产品部,智联招聘,2024-05-27,通过,2024-05-28,2024-05-31,周秀芳,候选人放弃,,,,,,,,,,,,否
RES00257,前端开发工程师,技术部,BOSS直聘,2024-10-25,通过,2024-10-28,2024-10-28,舒旭,通过,2024-11-04,杨玉梅,不通过,,,,,,,,,否
RES00258,Java开发工程师,技术部,前程无忧,2025-03-15,不通过,,,,,,,,,,,,,,,,否
RES00259,Java开发工程师,技术部,内部推荐,2024-01-02,通过,2024-01-06,2024-01-07,林倩,通过,2024-01-10,林斌,不通过,,,,,,,,,否
RES00260,前端开发工程师,技术部,BOSS直聘,2024-12-27,不通过,,,,,,,,,,,,,,,,否
RES00261,客服主管,客服部,BOSS直聘,2024-09-03,通过,2024-09-04,2024-09-13,阳波,候选人放弃,,,,,,,,,,,,否
RES00262,销售代表,销售部,BOSS直聘,2025-03-02,不通过,,,,,,,,,,,,,,,,否
RES00263,客服主管,客服部,内部推荐,2024-07-10,通过,2024-07-11,2024-07-20,段晶,通过,2024-07-22,李佳,通过,2024-07-22,王雷,不通过,,,,,,否
RES00264,行政专员,人事部,猎聘,2024-03-28,通过,2024-03-30,2024-04-02,陈娟,通过,2024-04-09,卢洋,通过,2024-04-14,韩晶,不通过,,,,,,否
RES00265,数据分析师,产品部,前程无忧,2025-06-20,不通过,,,,,,,,,,,,,,,,否
RES00266,HRBP,人事部,智联招聘,2025-01-04,不通过,,,,,,,,,,,,,,,,否
RES00267,Java开发工程师,技术部,校园招聘,2024-03-10,通过,2024-03-14,2024-03-15,周桂兰,通过,2024-03-17,苑志强,通过,2024-03-29,冯欣,通过,2024-04-02,17k,17807.0,是,2024-04-27,是
RES00268,市场推广,市场部,内部推荐,2025-06-22,通过,2025-06-26,2025-06-27,文柳,通过,2025-07-01,刘丽娟,通过,2025-07-08,高利,通过,2025-07-15,20k,19845.0,是,2025-08-07,是
RES00269,销售代表,销售部,内部推荐,2025-06-03,通过,2025-06-04,2025-06-11,李洋,通过,2025-06-13,赵霞,不通过,,,,,,,,,否
RES00270,测试工程师,技术部,内部推荐,2025-06-03,通过,2025-06-04,2025-06-12,梁涛,通过,2025-06-17,王辉,通过,2025-06-17,魏倩,通过,2025-06-27,17k,16664.0,是,2025-07-06,是
RES00271,Java开发工程师,技术部,猎聘,2024-01-21,不通过,,,,,,,,,,,,,,,,否
RES00272,财务会计,财务部,智联招聘,2025-02-03,通过,2025-02-05,2025-02-06,廖琴,通过,2025-02-17,王丹丹,通过,2025-02-15,郑秀兰,通过,2025-02-27,29k,30980.0,否,,否
RES00273,市场推广,市场部,校园招聘,2025-04-26,不通过,,,,,,,,,,,,,,,,否
RES00274,数据分析师,产品部,校园招聘,2024-02-14,不通过,,,,,,,,,,,,,,,,否
RES00275,行政专员,人事部,BOSS直聘,2025-01-31,通过,2025-02-03,2025-02-04,田文,通过,2025-02-10,李静,通过,2025-02-13,刘涛,通过,2025-02-22,34k,35198.0,是,2025-03-25,试用期离职
RES00276,行政专员,人事部,BOSS直聘,2025-01-17,不通过,,,,,,,,,,,,,,,,否
RES00277,财务会计,财务部,猎头,2024-09-16,通过,2024-09-17,2024-09-19,孟桂芝,不通过,,,,,,,,,,,,否
RES00278,前端开发工程师,技术部,BOSS直聘,2024-01-17,不通过,,,,,,,,,,,,,,,,否
RES00279,销售代表,销售部,校园招聘,2024-12-31,不通过,,,,,,,,,,,,,,,,否
RES00280,产品运营,运营部,智联招聘,2024-03-10,通过,2024-03-12,2024-03-14,郭艳,通过,2024-03-25,刘玉珍,不通过,,,,,,,,,否
RES00281,销售代表,销售部,BOSS直聘,2024-12-19,不通过,,,,,,,,,,,,,,,,否
RES00282,市场推广,市场部,BOSS直聘,2024-09-03,通过,2024-09-05,2024-09-12,陈桂英,通过,2024-09-15,廖彬,不通过,,,,,,,,,否
RES00283,客服主管,客服部,BOSS直聘,2024-04-16,不通过,,,,,,,,,,,,,,,,否
RES00284,产品运营,运营部,BOSS直聘,2024-12-06,不通过,,,,,,,,,,,,,,,,否
RES00285,测试工程师,技术部,前程无忧,2024-05-16,不通过,,,,,,,,,,,,,,,,否
RES00286,行政专员,人事部,猎聘,2024-02-15,通过,2024-02-17,2024-02-23,邵亮,通过,2024-03-01,席玉华,不通过,,,,,,,,,否
RES00287,行政专员,人事部,猎头,2024-12-26,不通过,,,,,,,,,,,,,,,,否
RES00288,前端开发工程师,技术部,智联招聘,2024-12-12,不通过,,,,,,,,,,,,,,,,否
RES00289,HRBP,人事部,前程无忧,2024-06-28,不通过,,,,,,,,,,,,,,,,否
RES00290,销售代表,销售部,前程无忧,2025-04-20,不通过,,,,,,,,,,,,,,,,否
RES00291,前端开发工程师,技术部,前程无忧,2025-05-05,不通过,,,,,,,,,,,,,,,,否
RES00292,测试工程师,技术部,前程无忧,2024-07-05,不通过,,,,,,,,,,,,,,,,否
RES00293,市场推广,市场部,BOSS直聘,2024-05-18,不通过,,,,,,,,,,,,,,,,否
RES00294,产品运营,运营部,BOSS直聘,2024-03-05,不通过,,,,,,,,,,,,,,,,否
RES00295,财务会计,财务部,BOSS直聘,2025-04-13,不通过,,,,,,,,,,,,,,,,否
RES00296,Java开发工程师,技术部,BOSS直聘,2024-02-07,不通过,,,,,,,,,,,,,,,,否
RES00297,客服主管,客服部,猎聘,2024-10-27,不通过,,,,,,,,,,,,,,,,否
RES00298,市场推广,市场部,BOSS直聘,2024-07-25,不通过,,,,,,,,,,,,,,,,否
RES00299,测试工程师,技术部,校园招聘,2024-02-14,不通过,,,,,,,,,,,,,,,,否
RES00300,Java开发工程师,技术部,校园招聘,2024-07-23,不通过,,,,,,,,,,,,,,,,否
RES00301,测试工程师,技术部,猎头,2024-02-12,不通过,,,,,,,,,,,,,,,,否
RES00302,销售代表,销售部,校园招聘,2024-11-19,不通过,,,,,,,,,,,,,,,,否
RES00303,财务会计,财务部,BOSS直聘,2024-11-13,不通过,,,,,,,,,,,,,,,,否
RES00304,行政专员,人事部,前程无忧,2025-06-11,不通过,,,,,,,,,,,,,,,,否
RES00305,前端开发工程师,技术部,BOSS直聘,2025-02-11,不通过,,,,,,,,,,,,,,,,否
RES00306,产品运营,运营部,内部推荐,2025-04-29,不通过,,,,,,,,,,,,,,,,否
RES00307,前端开发工程师,技术部,校园招聘,2024-09-16,不通过,,,,,,,,,,,,,,,,否
RES00308,产品运营,运营部,校园招聘,2024-02-07,不通过,,,,,,,,,,,,,,,,否
RES00309,HRBP,人事部,智联招聘,2024-07-14,不通过,,,,,,,,,,,,,,,,否
RES00310,HRBP,人事部,内部推荐,2024-10-19,不通过,,,,,,,,,,,,,,,,否
RES00311,测试工程师,技术部,BOSS直聘,2024-12-31,通过,2025-01-03,2025-01-08,杨东,通过,2025-01-11,王琳,通过,2025-01-20,许杨,不通过,,,,,,否
RES00312,前端开发工程师,技术部,BOSS直聘,2024-02-18,不通过,,,,,,,,,,,,,,,,否
RES00313,数据分析师,产品部,内部推荐,2024-12-05,不通过,,,,,,,,,,,,,,,,否
RES00314,产品运营,运营部,智联招聘,2024-10-06,通过,2024-10-07,2024-10-11,朱秀英,通过,2024-10-16,徐淑华,通过,2024-10-22,王玉华,通过,2024-10-22,26k,26158.0,否,,否
RES00315,产品运营,运营部,猎头,2024-05-07,不通过,,,,,,,,,,,,,,,,否
RES00316,Java开发工程师,技术部,BOSS直聘,2025-01-11,不通过,,,,,,,,,,,,,,,,否
RES00317,前端开发工程师,技术部,校园招聘,2025-03-23,不通过,,,,,,,,,,,,,,,,否
RES00318,产品经理,产品部,智联招聘,2025-02-13,通过,2025-02-18,2025-02-20,王红梅,通过,2025-02-26,袁凤英,通过,2025-02-25,罗阳,通过,2025-03-05,19k,20873.0,是,2025-04-13,是
RES00319,数据分析师,产品部,内部推荐,2025-03-26,不通过,,,,,,,,,,,,,,,,否
RES00320,销售代表,销售部,内部推荐,2025-01-30,通过,2025-02-04,2025-02-08,米梅,候选人放弃,,,,,,,,,,,,否
RES00321,数据分析师,产品部,校园招聘,2024-12-13,通过,2024-12-18,2024-12-18,赵秀兰,通过,2024-12-23,黄柳,通过,2024-12-31,毛瑞,通过,2025-01-04,32k,33290.0,是,2025-01-19,是
RES00322,行政专员,人事部,BOSS直聘,2024-07-10,不通过,,,,,,,,,,,,,,,,否
RES00323,HRBP,人事部,校园招聘,2025-05-23,通过,2025-05-26,2025-05-26,袁秀芳,通过,2025-06-03,戴秀华,不通过,,,,,,,,,否
RES00324,产品经理,产品部,BOSS直聘,2025-05-24,通过,2025-05-29,2025-05-29,傅秀芳,通过,2025-06-07,刘倩,不通过,,,,,,,,,否
RES00325,HRBP,人事部,BOSS直聘,2025-01-11,不通过,,,,,,,,,,,,,,,,否
RES00326,财务会计,财务部,智联招聘,2025-06-15,不通过,,,,,,,,,,,,,,,,否
RES00327,HRBP,人事部,内部推荐,2024-09-30,不通过,,,,,,,,,,,,,,,,否
RES00328,市场推广,市场部,智联招聘,2024-03-25,通过,2024-03-30,2024-03-31,姚桂荣,候选人放弃,,,,,,,,,,,,否
RES00329,HRBP,人事部,内部推荐,2025-03-10,通过,2025-03-13,2025-03-14,张莉,不通过,,,,,,,,,,,,否
RES00330,Java开发工程师,技术部,猎聘,2024-03-21,通过,2024-03-25,2024-03-29,王强,通过,2024-04-02,李云,通过,2024-04-02,凌莉,通过,2024-04-09,13k,14867.0,是,2024-05-15,是
RES00331,产品经理,产品部,BOSS直聘,2025-03-16,通过,2025-03-17,2025-03-22,张俊,通过,2025-03-25,卜淑英,不通过,,,,,,,,,否
RES00332,财务会计,财务部,校园招聘,2024-07-03,不通过,,,,,,,,,,,,,,,,否
RES00333,产品运营,运营部,BOSS直聘,2024-10-27,不通过,,,,,,,,,,,,,,,,否
RES00334,测试工程师,技术部,校园招聘,2024-11-24,通过,2024-11-25,2024-11-29,夏慧,通过,2024-12-05,廖梅,不通过,,,,,,,,,否
RES00335,产品运营,运营部,智联招聘,2024-04-15,通过,2024-04-16,2024-04-25,韦桂芳,通过,2024-04-25,杨秀英,通过,2024-04-30,吴晨,不通过,,,,,,否
RES00336,财务会计,财务部,前程无忧,2024-03-22,通过,2024-03-27,2024-04-01,王莉,候选人放弃,,,,,,,,,,,,否
RES00337,客服主管,客服部,智联招聘,2024-12-01,不通过,,,,,,,,,,,,,,,,否
RES00338,数据分析师,产品部,BOSS直聘,2024-10-29,不通过,,,,,,,,,,,,,,,,否
RES00339,前端开发工程师,技术部,智联招聘,2024-11-09,不通过,,,,,,,,,,,,,,,,否
RES00340,客服主管,客服部,BOSS直聘,2025-04-01,不通过,,,,,,,,,,,,,,,,否
RES00341,产品经理,产品部,BOSS直聘,2025-03-12,不通过,,,,,,,,,,,,,,,,否
RES00342,HRBP,人事部,BOSS直聘,2024-06-19,不通过,,,,,,,,,,,,,,,,否
RES00343,产品运营,运营部,前程无忧,2025-03-30,不通过,,,,,,,,,,,,,,,,否
RES00344,Java开发工程师,技术部,内部推荐,2024-12-25,通过,2024-12-26,2025-01-01,林建军,通过,2025-01-01,张瑜,通过,2025-01-10,高建国,通过,2025-01-19,29k,28801.0,是,2025-02-02,是
RES00345,客服主管,客服部,前程无忧,2025-04-02,不通过,,,,,,,,,,,,,,,,否
RES00346,数据分析师,产品部,校园招聘,2024-02-13,不通过,,,,,,,,,,,,,,,,否
RES00347,HRBP,人事部,猎聘,2024-12-27,通过,2024-12-28,2024-12-31,武桂芝,不通过,,,,,,,,,,,,否
RES00348,行政专员,人事部,猎聘,2025-03-21,通过,2025-03-26,2025-03-24,赵倩,候选人放弃,,,,,,,,,,,,否
RES00349,前端开发工程师,技术部,猎聘,2024-10-08,通过,2024-10-13,2024-10-18,许敏,通过,2024-10-17,邹桂英,通过,2024-10-25,马梅,通过,2024-10-28,28k,27360.0,否,,否
RES00350,财务会计,财务部,智联招聘,2024-02-28,不通过,,,,,,,,,,,,,,,,否
RES00351,HRBP,人事部,猎聘,2024-03-17,通过,2024-03-18,2024-03-20,马鹏,不通过,,,,,,,,,,,,否
RES00352,前端开发工程师,技术部,BOSS直聘,2025-02-19,不通过,,,,,,,,,,,,,,,,否
RES00353,前端开发工程师,技术部,校园招聘,2025-01-07,不通过,,,,,,,,,,,,,,,,否
RES00354,产品运营,运营部,内部推荐,2025-06-09,通过,2025-06-12,2025-06-14,陈波,候选人放弃,,,,,,,,,,,,否
RES00355,产品运营,运营部,BOSS直聘,2024-06-12,通过,2024-06-16,2024-06-18,李凯,候选人放弃,,,,,,,,,,,,否
RES00356,产品经理,产品部,内部推荐,2024-02-01,通过,2024-02-06,2024-02-08,白平,通过,2024-02-13,蒋亮,不通过,,,,,,,,,否
RES00357,行政专员,人事部,BOSS直聘,2024-05-26,不通过,,,,,,,,,,,,,,,,否
RES00358,财务会计,财务部,BOSS直聘,2025-03-24,通过,2025-03-26,2025-03-30,董霞,候选人放弃,,,,,,,,,,,,否
RES00359,前端开发工程师,技术部,BOSS直聘,2024-02-05,不通过,,,,,,,,,,,,,,,,否
RES00360,产品经理,产品部,内部推荐,2024-05-09,通过,2024-05-14,2024-05-14,陈阳,不通过,,,,,,,,,,,,否
RES00361,市场推广,市场部,内部推荐,2024-03-09,不通过,,,,,,,,,,,,,,,,否
RES00362,客服主管,客服部,内部推荐,2024-08-29,通过,2024-08-31,2024-09-02,张桂芝,通过,2024-09-07,陈玉英,通过,2024-09-15,管芳,通过,2024-09-19,21k,20630.0,是,2024-10-24,是
RES00363,销售代表,销售部,BOSS直聘,2025-01-10,不通过,,,,,,,,,,,,,,,,否
RES00364,前端开发工程师,技术部,前程无忧,2025-01-05,通过,2025-01-07,2025-01-10,王冬梅,通过,2025-01-16,邵荣,通过,2025-01-20,雷杰,通过,2025-01-29,15k,14768.0,是,2025-02-06,是
RES00365,产品经理,产品部,猎聘,2025-01-27,不通过,,,,,,,,,,,,,,,,否
RES00366,行政专员,人事部,BOSS直聘,2024-02-03,不通过,,,,,,,,,,,,,,,,否
RES00367,产品运营,运营部,猎聘,2024-06-06,不通过,,,,,,,,,,,,,,,,否
RES00368,前端开发工程师,技术部,BOSS直聘,2025-04-05,不通过,,,,,,,,,,,,,,,,否
RES00369,前端开发工程师,技术部,BOSS直聘,2025-01-14,不通过,,,,,,,,,,,,,,,,否
RES00370,HRBP,人事部,智联招聘,2025-01-15,不通过,,,,,,,,,,,,,,,,否
RES00371,行政专员,人事部,猎聘,2025-03-30,不通过,,,,,,,,,,,,,,,,否
RES00372,财务会计,财务部,BOSS直聘,2024-03-19,通过,2024-03-21,2024-03-28,郝莉,通过,2024-03-26,黎小红,不通过,,,,,,,,,否
RES00373,产品运营,运营部,BOSS直聘,2024-05-20,不通过,,,,,,,,,,,,,,,,否
RES00374,前端开发工程师,技术部,BOSS直聘,2025-06-26,不通过,,,,,,,,,,,,,,,,否
RES00375,客服主管,客服部,BOSS直聘,2025-01-10,通过,2025-01-12,2025-01-15,陆斌,通过,2025-01-24,权慧,不通过,,,,,,,,,否
RES00376,产品运营,运营部,BOSS直聘,2025-02-11,不通过,,,,,,,,,,,,,,,,否
RES00377,客服主管,客服部,智联招聘,2024-11-17,不通过,,,,,,,,,,,,,,,,否
RES00378,销售代表,销售部,猎聘,2024-10-12,通过,2024-10-16,2024-10-21,钟桂香,不通过,,,,,,,,,,,,否
RES00379,测试工程师,技术部,智联招聘,2024-09-12,不通过,,,,,,,,,,,,,,,,否
RES00380,测试工程师,技术部,内部推荐,2024-04-26,不通过,,,,,,,,,,,,,,,,否
RES00381,数据分析师,产品部,猎聘,2024-01-27,不通过,,,,,,,,,,,,,,,,否
RES00382,数据分析师,产品部,BOSS直聘,2024-07-09,不通过,,,,,,,,,,,,,,,,否
RES00383,财务会计,财务部,BOSS直聘,2025-05-26,不通过,,,,,,,,,,,,,,,,否
RES00384,测试工程师,技术部,校园招聘,2025-06-14,不通过,,,,,,,,,,,,,,,,否
RES00385,销售代表,销售部,BOSS直聘,2025-01-31,不通过,,,,,,,,,,,,,,,,否
RES00386,前端开发工程师,技术部,BOSS直聘,2024-04-30,不通过,,,,,,,,,,,,,,,,否
RES00387,HRBP,人事部,BOSS直聘,2024-09-25,不通过,,,,,,,,,,,,,,,,否
RES00388,财务会计,财务部,前程无忧,2024-09-23,不通过,,,,,,,,,,,,,,,,否
RES00389,数据分析师,产品部,前程无忧,2025-04-01,通过,2025-04-02,2025-04-04,陈建平,通过,2025-04-11,李辉,不通过,,,,,,,,,否
RES00390,HRBP,人事部,猎头,2024-08-07,通过,2024-08-11,2024-08-16,龚明,通过,2024-08-14,董龙,通过,2024-08-26,吴宇,通过,2024-08-28,17k,18963.0,是,2024-09-11,是
RES00391,产品经理,产品部,校园招聘,2024-10-19,不通过,,,,,,,,,,,,,,,,否
RES00392,市场推广,市场部,智联招聘,2025-05-17,通过,2025-05-22,2025-05-27,胡楠,不通过,,,,,,,,,,,,否
RES00393,行政专员,人事部,智联招聘,2024-07-23,通过,2024-07-28,2024-07-28,施坤,通过,2024-08-04,吴晶,通过,2024-08-06,李凯,通过,2024-08-14,27k,29511.0,否,,否
RES00394,产品经理,产品部,BOSS直聘,2024-05-05,不通过,,,,,,,,,,,,,,,,否
RES00395,销售代表,销售部,BOSS直聘,2024-05-18,通过,2024-05-21,2024-05-23,鞠淑兰,候选人放弃,,,,,,,,,,,,否
RES00396,客服主管,客服部,BOSS直聘,2024-03-16,不通过,,,,,,,,,,,,,,,,否
RES00397,数据分析师,产品部,BOSS直聘,2025-04-07,通过,2025-04-08,2025-04-15,杨岩,候选人放弃,,,,,,,,,,,,否
RES00398,销售代表,销售部,BOSS直聘,2024-06-25,通过,2024-06-29,2024-06-30,吴玉,候选人放弃,,,,,,,,,,,,否
RES00399,财务会计,财务部,BOSS直聘,2025-03-31,不通过,,,,,,,,,,,,,,,,否
RES00400,数据分析师,产品部,智联招聘,2024-03-30,不通过,,,,,,,,,,,,,,,,否
RES00401,财务会计,财务部,猎头,2024-11-23,不通过,,,,,,,,,,,,,,,,否
RES00402,销售代表,销售部,前程无忧,2024-12-21,不通过,,,,,,,,,,,,,,,,否
RES00403,前端开发工程师,技术部,猎头,2024-03-07,通过,2024-03-09,2024-03-12,徐颖,通过,2024-03-14,杨娟,通过,2024-03-23,储小红,通过,2024-03-29,17k,17903.0,是,2024-04-10,试用期离职
RES00404,销售代表,销售部,智联招聘,2024-10-24,通过,2024-10-27,2024-11-03,王建军,通过,2024-11-08,郑华,不通过,,,,,,,,,否
RES00405,财务会计,财务部,智联招聘,2024-11-03,不通过,,,,,,,,,,,,,,,,否
RES00406,财务会计,财务部,智联招聘,2024-06-10,不通过,,,,,,,,,,,,,,,,否
RES00407,产品运营,运营部,BOSS直聘,2024-06-27,不通过,,,,,,,,,,,,,,,,否
RES00408,Java开发工程师,技术部,BOSS直聘,2025-01-05,通过,2025-01-09,2025-01-15,孙建,通过,2025-01-12,陈雪梅,通过,2025-01-25,唐峰,通过,2025-01-24,28k,29036.0,否,,否
RES00409,HRBP,人事部,校园招聘,2025-06-04,不通过,,,,,,,,,,,,,,,,否
RES00410,产品经理,产品部,猎头,2024-08-17,通过,2024-08-18,2024-08-20,梁杰,通过,2024-08-24,王晨,通过,2024-09-02,孙旭,通过,2024-09-06,10k,9892.0,是,2024-09-21,是
RES00411,数据分析师,产品部,BOSS直聘,2024-05-04,通过,2024-05-09,2024-05-09,张柳,候选人放弃,,,,,,,,,,,,否
RES00412,销售代表,销售部,BOSS直聘,2024-07-24,不通过,,,,,,,,,,,,,,,,否
RES00413,产品运营,运营部,智联招聘,2024-05-22,不通过,,,,,,,,,,,,,,,,否
RES00414,前端开发工程师,技术部,BOSS直聘,2024-08-30,不通过,,,,,,,,,,,,,,,,否
RES00415,测试工程师,技术部,智联招聘,2025-05-20,通过,2025-05-23,2025-05-29,王利,通过,2025-06-02,刘博,不通过,,,,,,,,,否
RES00416,财务会计,财务部,BOSS直聘,2024-01-27,不通过,,,,,,,,,,,,,,,,否
RES00417,销售代表,销售部,智联招聘,2025-01-04,通过,2025-01-08,2025-01-11,赵柳,通过,2025-01-17,王芳,通过,2025-01-19,李桂花,通过,2025-01-28,9k,9131.0,否,,否
RES00418,财务会计,财务部,BOSS直聘,2025-01-12,不通过,,,,,,,,,,,,,,,,否
RES00419,客服主管,客服部,智联招聘,2025-04-23,不通过,,,,,,,,,,,,,,,,否
RES00420,产品运营,运营部,BOSS直聘,2024-05-12,不通过,,,,,,,,,,,,,,,,否
RES00421,销售代表,销售部,智联招聘,2024-03-29,不通过,,,,,,,,,,,,,,,,否
RES00422,客服主管,客服部,猎头,2024-03-08,不通过,,,,,,,,,,,,,,,,否
RES00423,市场推广,市场部,智联招聘,2024-11-12,不通过,,,,,,,,,,,,,,,,否
RES00424,数据分析师,产品部,校园招聘,2025-02-11,不通过,,,,,,,,,,,,,,,,否
RES00425,产品运营,运营部,内部推荐,2025-05-05,不通过,,,,,,,,,,,,,,,,否
RES00426,销售代表,销售部,猎头,2025-06-22,通过,2025-06-27,2025-06-30,汪瑜,通过,2025-07-06,黄荣,不通过,,,,,,,,,否
RES00427,销售代表,销售部,内部推荐,2025-02-24,通过,2025-02-28,2025-03-01,陈杨,通过,2025-03-06,仇宁,不通过,,,,,,,,,否
RES00428,行政专员,人事部,猎聘,2025-02-23,不通过,,,,,,,,,,,,,,,,否
RES00429,产品运营,运营部,校园招聘,2024-03-16,不通过,,,,,,,,,,,,,,,,否
RES00430,产品运营,运营部,BOSS直聘,2024-05-08,通过,2024-05-09,2024-05-12,吴秀华,通过,2024-05-18,樊萍,不通过,,,,,,,,,否
RES00431,财务会计,财务部,智联招聘,2024-11-20,不通过,,,,,,,,,,,,,,,,否
RES00432,数据分析师,产品部,猎头,2024-03-16,不通过,,,,,,,,,,,,,,,,否
RES00433,销售代表,销售部,内部推荐,2025-04-05,通过,2025-04-08,2025-04-11,陈华,通过,2025-04-15,黄春梅,通过,2025-04-21,张梅,通过,2025-04-21,18k,17362.0,是,2025-05-29,是
RES00434,HRBP,人事部,猎头,2025-04-22,通过,2025-04-25,2025-04-25,章华,通过,2025-05-02,张琴,不通过,,,,,,,,,否
RES00435,HRBP,人事部,内部推荐,2025-06-13,通过,2025-06-16,2025-06-23,王伟,不通过,,,,,,,,,,,,否
RES00436,测试工程师,技术部,校园招聘,2024-12-18,不通过,,,,,,,,,,,,,,,,否
RES00437,HRBP,人事部,猎聘,2024-05-11,不通过,,,,,,,,,,,,,,,,否
RES00438,市场推广,市场部,内部推荐,2024-07-05,通过,2024-07-09,2024-07-13,何宇,候选人放弃,,,,,,,,,,,,否
RES00439,销售代表,销售部,前程无忧,2024-05-12,不通过,,,,,,,,,,,,,,,,否
RES00440,销售代表,销售部,校园招聘,2025-03-19,不通过,,,,,,,,,,,,,,,,否
RES00441,客服主管,客服部,内部推荐,2025-05-29,不通过,,,,,,,,,,,,,,,,否
RES00442,行政专员,人事部,内部推荐,2024-02-26,通过,2024-03-02,2024-03-05,曹飞,通过,2024-03-04,詹帅,通过,2024-03-14,张琳,通过,2024-03-17,10k,11124.0,是,2024-03-27,是
RES00443,产品运营,运营部,猎聘,2024-05-07,通过,2024-05-12,2024-05-16,谭婷,候选人放弃,,,,,,,,,,,,否
RES00444,财务会计,财务部,智联招聘,2025-06-14,通过,2025-06-15,2025-06-22,张娟,不通过,,,,,,,,,,,,否
RES00445,行政专员,人事部,BOSS直聘,2024-06-05,不通过,,,,,,,,,,,,,,,,否
RES00446,测试工程师,技术部,校园招聘,2024-11-07,不通过,,,,,,,,,,,,,,,,否
RES00447,客服主管,客服部,前程无忧,2024-06-17,通过,2024-06-19,2024-06-24,邹楠,通过,2024-06-28,郁丽丽,通过,2024-07-04,吕柳,通过,2024-07-02,33k,31490.0,是,2024-08-02,是
RES00448,销售代表,销售部,BOSS直聘,2024-06-14,不通过,,,,,,,,,,,,,,,,否
RES00449,产品经理,产品部,BOSS直聘,2024-11-26,不通过,,,,,,,,,,,,,,,,否
RES00450,产品运营,运营部,内部推荐,2024-08-18,通过,2024-08-22,2024-08-25,吴浩,候选人放弃,,,,,,,,,,,,否
RES00451,市场推广,市场部,内部推荐,2024-12-20,不通过,,,,,,,,,,,,,,,,否
RES00452,HRBP,人事部,内部推荐,2025-06-15,通过,2025-06-16,2025-06-20,翟秀华,候选人放弃,,,,,,,,,,,,否
RES00453,市场推广,市场部,猎聘,2024-10-17,通过,2024-10-18,2024-10-21,梁帆,通过,2024-10-24,马超,通过,2024-10-30,林莹,通过,2024-11-06,23k,25111.0,是,2024-12-10,是
RES00454,数据分析师,产品部,智联招聘,2024-03-21,不通过,,,,,,,,,,,,,,,,否
RES00455,销售代表,销售部,智联招聘,2024-09-13,不通过,,,,,,,,,,,,,,,,否
RES00456,客服主管,客服部,BOSS直聘,2024-07-20,通过,2024-07-22,2024-07-26,徐桂香,通过,2024-08-04,侯海燕,通过,2024-08-08,杨慧,通过,2024-08-14,11k,11315.0,是,2024-08-22,是
RES00457,数据分析师,产品部,内部推荐,2024-10-08,不通过,,,,,,,,,,,,,,,,否
RES00458,数据分析师,产品部,BOSS直聘,2024-05-08,不通过,,,,,,,,,,,,,,,,否
RES00459,产品经理,产品部,猎聘,2024-11-06,通过,2024-11-09,2024-11-13,张晶,通过,2024-11-17,杨燕,通过,2024-11-20,林飞,通过,2024-11-22,18k,18615.0,是,2024-12-20,是
RES00460,前端开发工程师,技术部,前程无忧,2025-06-30,通过,2025-07-01,2025-07-03,王欢,通过,2025-07-13,杨凯,通过,2025-07-19,潘成,通过,2025-07-24,19k,18915.0,否,,否
RES00461,HRBP,人事部,前程无忧,2024-04-05,不通过,,,,,,,,,,,,,,,,否
RES00462,财务会计,财务部,校园招聘,2025-05-29,不通过,,,,,,,,,,,,,,,,否
RES00463,销售代表,销售部,BOSS直聘,2024-06-21,不通过,,,,,,,,,,,,,,,,否
RES00464,Java开发工程师,技术部,内部推荐,2024-06-06,不通过,,,,,,,,,,,,,,,,否
RES00465,产品经理,产品部,BOSS直聘,2024-06-24,不通过,,,,,,,,,,,,,,,,否
RES00466,产品经理,产品部,BOSS直聘,2024-12-11,不通过,,,,,,,,,,,,,,,,否
RES00467,测试工程师,技术部,智联招聘,2024-02-12,通过,2024-02-16,2024-02-19,张淑珍,通过,2024-02-26,李淑英,不通过,,,,,,,,,否
RES00468,产品运营,运营部,BOSS直聘,2024-01-30,不通过,,,,,,,,,,,,,,,,否
RES00469,市场推广,市场部,内部推荐,2024-03-24,不通过,,,,,,,,,,,,,,,,否
RES00470,HRBP,人事部,前程无忧,2024-02-16,通过,2024-02-21,2024-02-24,朱淑珍,通过,2024-02-28,叶秀兰,通过,2024-03-04,赵莉,不通过,,,,,,否
RES00471,销售代表,销售部,BOSS直聘,2024-09-28,不通过,,,,,,,,,,,,,,,,否
RES00472,Java开发工程师,技术部,BOSS直聘,2024-08-03,通过,2024-08-07,2024-08-13,张云,通过,2024-08-12,王博,通过,2024-08-20,姚鑫,通过,2024-08-27,26k,24831.0,是,2024-09-28,是
RES00473,HRBP,人事部,前程无忧,2025-03-02,通过,2025-03-07,2025-03-12,和丹,不通过,,,,,,,,,,,,否
RES00474,客服主管,客服部,内部推荐,2024-02-01,通过,2024-02-05,2024-02-07,李志强,通过,2024-02-15,李畅,通过,2024-02-18,米凯,通过,2024-02-19,34k,36015.0,是,2024-03-15,是
RES00475,数据分析师,产品部,智联招聘,2025-05-24,不通过,,,,,,,,,,,,,,,,否
RES00476,Java开发工程师,技术部,前程无忧,2024-10-23,不通过,,,,,,,,,,,,,,,,否
RES00477,行政专员,人事部,内部推荐,2024-11-05,通过,2024-11-06,2024-11-15,干利,候选人放弃,,,,,,,,,,,,否
RES00478,行政专员,人事部,前程无忧,2025-05-09,通过,2025-05-14,2025-05-13,姜亮,通过,2025-05-18,雷红霞,不通过,,,,,,,,,否
RES00479,产品经理,产品部,BOSS直聘,2024-09-07,通过,2024-09-11,2024-09-11,刘静,通过,2024-09-20,金洋,不通过,,,,,,,,,否
RES00480,客服主管,客服部,前程无忧,2025-02-19,不通过,,,,,,,,,,,,,,,,否
RES00481,数据分析师,产品部,前程无忧,2024-10-31,不通过,,,,,,,,,,,,,,,,否
RES00482,数据分析师,产品部,内部推荐,2025-04-09,通过,2025-04-11,2025-04-12,赵慧,候选人放弃,,,,,,,,,,,,否
RES00483,行政专员,人事部,前程无忧,2024-03-15,不通过,,,,,,,,,,,,,,,,否
RES00484,产品经理,产品部,猎头,2024-03-02,通过,2024-03-06,2024-03-11,单芳,通过,2024-03-16,冼红,通过,2024-03-19,程佳,通过,2024-03-21,26k,28256.0,是,2024-04-30,试用期离职
RES00485,市场推广,市场部,BOSS直聘,2024-06-10,不通过,,,,,,,,,,,,,,,,否
RES00486,销售代表,销售部,猎头,2025-03-26,不通过,,,,,,,,,,,,,,,,否
RES00487,产品经理,产品部,前程无忧,2025-03-01,不通过,,,,,,,,,,,,,,,,否
RES00488,销售代表,销售部,猎聘,2025-05-10,通过,2025-05-11,2025-05-19,敖成,候选人放弃,,,,,,,,,,,,否
RES00489,客服主管,客服部,BOSS直聘,2025-04-20,不通过,,,,,,,,,,,,,,,,否
RES00490,测试工程师,技术部,智联招聘,2024-07-27,不通过,,,,,,,,,,,,,,,,否
RES00491,产品运营,运营部,内部推荐,2024-12-14,通过,2024-12-19,2024-12-22,施婷,通过,2024-12-25,郑倩,通过,2024-12-29,张峰,不通过,,,,,,否
RES00492,HRBP,人事部,猎聘,2024-05-27,不通过,,,,,,,,,,,,,,,,否
RES00493,产品经理,产品部,BOSS直聘,2024-11-16,不通过,,,,,,,,,,,,,,,,否
RES00494,产品经理,产品部,前程无忧,2024-11-22,不通过,,,,,,,,,,,,,,,,否
RES00495,销售代表,销售部,BOSS直聘,2024-12-19,不通过,,,,,,,,,,,,,,,,否
RES00496,行政专员,人事部,猎头,2025-02-12,通过,2025-02-16,2025-02-17,邓金凤,通过,2025-02-22,李桂芳,通过,2025-03-01,柯阳,通过,2025-03-05,13k,12502.0,否,,否
RES00497,行政专员,人事部,校园招聘,2024-05-13,通过,2024-05-14,2024-05-16,宁雪,通过,2024-05-27,靳敏,通过,2024-05-27,胡淑英,不通过,,,,,,否
RES00498,产品经理,产品部,BOSS直聘,2025-01-14,通过,2025-01-18,2025-01-23,程金凤,候选人放弃,,,,,,,,,,,,否
RES00499,行政专员,人事部,校园招聘,2025-06-11,不通过,,,,,,,,,,,,,,,,否
RES00500,数据分析师,产品部,校园招聘,2024-04-18,不通过,,,,,,,,,,,,,,,,否
RES00501,行政专员,人事部,智联招聘,2024-11-22,不通过,,,,,,,,,,,,,,,,否
RES00502,产品经理,产品部,猎聘,2024-09-04,不通过,,,,,,,,,,,,,,,,否
RES00503,市场推广,市场部,智联招聘,2025-04-22,不通过,,,,,,,,,,,,,,,,否
RES00504,市场推广,市场部,猎聘,2024-05-05,通过,2024-05-09,2024-05-15,鲁峰,候选人放弃,,,,,,,,,,,,否
RES00505,前端开发工程师,技术部,智联招聘,2024-09-30,不通过,,,,,,,,,,,,,,,,否
RES00506,市场推广,市场部,智联招聘,2025-04-05,通过,2025-04-10,2025-04-13,吴龙,通过,2025-04-12,杨凤英,通过,2025-04-22,王畅,通过,2025-04-21,27k,26914.0,否,,否
RES00507,前端开发工程师,技术部,智联招聘,2024-09-10,通过,2024-09-15,2024-09-20,谢瑞,不通过,,,,,,,,,,,,否
RES00508,客服主管,客服部,BOSS直聘,2024-05-24,不通过,,,,,,,,,,,,,,,,否
RES00509,财务会计,财务部,内部推荐,2024-04-09,通过,2024-04-14,2024-04-19,欧俊,通过,2024-04-17,黄平,通过,2024-04-29,金欢,通过,2024-05-03,18k,18651.0,否,,否
RES00510,HRBP,人事部,智联招聘,2024-02-21,不通过,,,,,,,,,,,,,,,,否
RES00511,财务会计,财务部,智联招聘,2024-10-24,通过,2024-10-28,2024-11-01,宋敏,不通过,,,,,,,,,,,,否
RES00512,行政专员,人事部,校园招聘,2025-01-28,不通过,,,,,,,,,,,,,,,,否
RES00513,测试工程师,技术部,前程无忧,2025-03-04,不通过,,,,,,,,,,,,,,,,否
RES00514,Java开发工程师,技术部,前程无忧,2024-09-11,不通过,,,,,,,,,,,,,,,,否
RES00515,行政专员,人事部,猎头,2024-06-12,通过,2024-06-13,2024-06-19,王婷婷,通过,2024-06-23,张丽娟,通过,2024-07-01,罗文,通过,2024-07-06,13k,13737.0,是,2024-07-21,是
RES00516,产品经理,产品部,校园招聘,2024-12-01,不通过,,,,,,,,,,,,,,,,否
RES00517,产品经理,产品部,BOSS直聘,2024-11-16,通过,2024-11-17,2024-11-20,李秀芳,通过,2024-11-27,张想,不通过,,,,,,,,,否
RES00518,HRBP,人事部,智联招聘,2024-07-13,通过,2024-07-18,2024-07-20,缪桂兰,通过,2024-07-21,何慧,通过,2024-07-27,陈洁,通过,2024-08-07,22k,22045.0,是,2024-09-06,是
RES00519,产品运营,运营部,猎头,2024-06-12,通过,2024-06-17,2024-06-16,王想,不通过,,,,,,,,,,,,否
RES00520,产品运营,运营部,智联招聘,2025-05-25,不通过,,,,,,,,,,,,,,,,否
RES00521,产品运营,运营部,智联招聘,2025-06-11,不通过,,,,,,,,,,,,,,,,否
RES00522,市场推广,市场部,BOSS直聘,2025-04-23,不通过,,,,,,,,,,,,,,,,否
RES00523,客服主管,客服部,BOSS直聘,2025-05-25,不通过,,,,,,,,,,,,,,,,否
RES00524,行政专员,人事部,内部推荐,2024-11-11,不通过,,,,,,,,,,,,,,,,否
RES00525,产品经理,产品部,内部推荐,2025-05-24,通过,2025-05-28,2025-06-03,李军,通过,2025-06-02,张伟,通过,2025-06-10,裴秀云,通过,2025-06-08,29k,27676.0,是,2025-06-24,是
RES00526,Java开发工程师,技术部,猎头,2024-01-24,通过,2024-01-27,2024-01-30,陈秀荣,通过,2024-02-06,李小红,通过,2024-02-07,杜帅,通过,2024-02-16,22k,20073.0,否,,否
RES00527,Java开发工程师,技术部,内部推荐,2024-04-02,通过,2024-04-05,2024-04-05,邢霞,候选人放弃,,,,,,,,,,,,否
RES00528,Java开发工程师,技术部,BOSS直聘,2025-02-06,通过,2025-02-11,2025-02-13,王璐,不通过,,,,,,,,,,,,否
RES00529,产品运营,运营部,BOSS直聘,2025-06-01,通过,2025-06-04,2025-06-10,孙建,不通过,,,,,,,,,,,,否
RES00530,HRBP,人事部,猎头,2025-04-13,通过,2025-04-15,2025-04-19,黄秀梅,通过,2025-04-22,陈飞,通过,2025-04-25,庄岩,通过,2025-05-08,8k,8826.0,是,2025-05-16,是
RES00531,产品运营,运营部,智联招聘,2024-09-03,不通过,,,,,,,,,,,,,,,,否
RES00532,数据分析师,产品部,智联招聘,2024-08-08,不通过,,,,,,,,,,,,,,,,否
RES00533,数据分析师,产品部,校园招聘,2024-12-27,不通过,,,,,,,,,,,,,,,,否
RES00534,产品经理,产品部,前程无忧,2024-02-19,通过,2024-02-20,2024-02-23,冯凤兰,通过,2024-02-29,蔡文,通过,2024-03-03,崔东,不通过,,,,,,否
RES00535,行政专员,人事部,BOSS直聘,2024-02-21,不通过,,,,,,,,,,,,,,,,否
RES00536,行政专员,人事部,校园招聘,2024-10-15,通过,2024-10-20,2024-10-20,刘建国,通过,2024-10-24,谭娜,不通过,,,,,,,,,否
RES00537,HRBP,人事部,猎头,2025-05-21,通过,2025-05-25,2025-05-25,袁成,通过,2025-06-01,熊倩,通过,2025-06-07,王玉珍,通过,2025-06-09,13k,14054.0,是,2025-06-21,是
RES00538,客服主管,客服部,BOSS直聘,2025-04-26,通过,2025-04-27,2025-05-03,黄柳,通过,2025-05-04,张冬梅,通过,2025-05-11,廖春梅,通过,2025-05-20,20k,19523.0,是,2025-05-30,是
RES00539,测试工程师,技术部,校园招聘,2024-10-19,不通过,,,,,,,,,,,,,,,,否
RES00540,市场推广,市场部,智联招聘,2024-01-09,不通过,,,,,,,,,,,,,,,,否
RES00541,Java开发工程师,技术部,前程无忧,2024-04-20,通过,2024-04-24,2024-04-23,向凤英,通过,2024-05-01,许雪,通过,2024-05-02,邓建,不通过,,,,,,否
RES00542,行政专员,人事部,校园招聘,2025-03-17,不通过,,,,,,,,,,,,,,,,否
RES00543,HRBP,人事部,猎头,2024-05-17,通过,2024-05-18,2024-05-26,包磊,候选人放弃,,,,,,,,,,,,否
RES00544,Java开发工程师,技术部,BOSS直聘,2024-09-27,通过,2024-09-30,2024-09-30,关鑫,候选人放弃,,,,,,,,,,,,否
RES00545,产品运营,运营部,BOSS直聘,2025-01-09,不通过,,,,,,,,,,,,,,,,否
RES00546,销售代表,销售部,BOSS直聘,2025-02-16,不通过,,,,,,,,,,,,,,,,否
RES00547,财务会计,财务部,前程无忧,2025-01-09,不通过,,,,,,,,,,,,,,,,否
RES00548,行政专员,人事部,BOSS直聘,2024-02-16,不通过,,,,,,,,,,,,,,,,否
RES00549,客服主管,客服部,智联招聘,2025-02-14,不通过,,,,,,,,,,,,,,,,否
RES00550,测试工程师,技术部,BOSS直聘,2024-02-22,不通过,,,,,,,,,,,,,,,,否
RES00551,测试工程师,技术部,智联招聘,2024-07-18,不通过,,,,,,,,,,,,,,,,否
RES00552,HRBP,人事部,BOSS直聘,2025-01-06,不通过,,,,,,,,,,,,,,,,否
RES00553,市场推广,市场部,内部推荐,2024-10-22,通过,2024-10-26,2024-10-30,余宁,通过,2024-11-02,黄海燕,通过,2024-11-04,何秀华,通过,2024-11-11,25k,27321.0,是,2024-12-17,是
RES00554,客服主管,客服部,BOSS直聘,2024-03-16,不通过,,,,,,,,,,,,,,,,否
RES00555,产品运营,运营部,智联招聘,2025-01-30,不通过,,,,,,,,,,,,,,,,否
RES00556,行政专员,人事部,校园招聘,2025-05-31,通过,2025-06-01,2025-06-06,许畅,候选人放弃,,,,,,,,,,,,否
RES00557,产品经理,产品部,内部推荐,2025-04-06,通过,2025-04-10,2025-04-14,应欢,候选人放弃,,,,,,,,,,,,否
RES00558,产品运营,运营部,BOSS直聘,2024-10-13,不通过,,,,,,,,,,,,,,,,否
RES00559,市场推广,市场部,BOSS直聘,2024-05-01,不通过,,,,,,,,,,,,,,,,否
RES00560,产品运营,运营部,猎聘,2024-05-11,不通过,,,,,,,,,,,,,,,,否
RES00561,HRBP,人事部,智联招聘,2024-04-09,通过,2024-04-10,2024-04-15,江琴,通过,2024-04-17,牛建军,通过,2024-04-25,王桂花,不通过,,,,,,否
RES00562,客服主管,客服部,内部推荐,2025-02-07,通过,2025-02-11,2025-02-10,江颖,通过,2025-02-19,王燕,通过,2025-02-19,林琳,通过,2025-02-28,11k,11187.0,是,2025-03-25,是
RES00563,HRBP,人事部,智联招聘,2025-01-17,不通过,,,,,,,,,,,,,,,,否
RES00564,Java开发工程师,技术部,智联招聘,2024-12-13,不通过,,,,,,,,,,,,,,,,否
RES00565,销售代表,销售部,智联招聘,2025-01-09,通过,2025-01-14,2025-01-13,潘帅,通过,2025-01-18,屠丽娟,通过,2025-01-21,袁荣,通过,2025-01-31,28k,25694.0,否,,否
RES00566,客服主管,客服部,内部推荐,2024-05-27,通过,2024-05-29,2024-06-03,刘丽华,通过,2024-06-04,张红,不通过,,,,,,,,,否
RES00567,销售代表,销售部,校园招聘,2024-07-22,不通过,,,,,,,,,,,,,,,,否
RES00568,HRBP,人事部,BOSS直聘,2025-06-05,通过,2025-06-10,2025-06-09,吴军,通过,2025-06-15,李东,通过,2025-06-20,谢欢,通过,2025-06-26,19k,20241.0,否,,否
RES00569,产品经理,产品部,前程无忧,2025-02-15,不通过,,,,,,,,,,,,,,,,否
RES00570,行政专员,人事部,BOSS直聘,2025-05-27,通过,2025-06-01,2025-06-02,郭桂荣,不通过,,,,,,,,,,,,否
RES00571,市场推广,市场部,智联招聘,2024-02-11,不通过,,,,,,,,,,,,,,,,否
RES00572,数据分析师,产品部,校园招聘,2024-02-16,不通过,,,,,,,,,,,,,,,,否
RES00573,产品运营,运营部,智联招聘,2024-02-09,不通过,,,,,,,,,,,,,,,,否
RES00574,产品运营,运营部,校园招聘,2024-05-20,通过,2024-05-22,2024-05-28,孟桂英,通过,2024-06-03,刘凤兰,不通过,,,,,,,,,否
RES00575,数据分析师,产品部,猎聘,2024-12-07,通过,2024-12-12,2024-12-11,杨林,通过,2024-12-20,周亮,不通过,,,,,,,,,否
RES00576,测试工程师,技术部,校园招聘,2025-04-30,不通过,,,,,,,,,,,,,,,,否
RES00577,销售代表,销售部,内部推荐,2025-06-15,通过,2025-06-19,2025-06-18,许瑞,通过,2025-06-23,毛霞,通过,2025-07-01,黄云,通过,2025-07-06,30k,32612.0,是,2025-08-06,是
RES00578,市场推广,市场部,BOSS直聘,2025-04-12,通过,2025-04-15,2025-04-18,胡彬,不通过,,,,,,,,,,,,否
RES00579,客服主管,客服部,BOSS直聘,2024-06-01,不通过,,,,,,,,,,,,,,,,否
RES00580,行政专员,人事部,智联招聘,2025-06-11,不通过,,,,,,,,,,,,,,,,否
RES00581,财务会计,财务部,BOSS直聘,2024-05-23,通过,2024-05-25,2024-05-27,程强,候选人放弃,,,,,,,,,,,,否
RES00582,销售代表,销售部,前程无忧,2024-12-01,不通过,,,,,,,,,,,,,,,,否
RES00583,客服主管,客服部,智联招聘,2024-11-22,不通过,,,,,,,,,,,,,,,,否
RES00584,客服主管,客服部,猎头,2024-06-15,通过,2024-06-16,2024-06-21,白林,通过,2024-06-30,古倩,通过,2024-07-02,韩玉英,不通过,,,,,,否
RES00585,市场推广,市场部,智联招聘,2025-02-06,不通过,,,,,,,,,,,,,,,,否
RES00586,市场推广,市场部,内部推荐,2024-11-02,不通过,,,,,,,,,,,,,,,,否
RES00587,前端开发工程师,技术部,校园招聘,2024-12-10,不通过,,,,,,,,,,,,,,,,否
RES00588,产品运营,运营部,校园招聘,2025-06-03,不通过,,,,,,,,,,,,,,,,否
RES00589,行政专员,人事部,BOSS直聘,2025-06-05,不通过,,,,,,,,,,,,,,,,否
RES00590,Java开发工程师,技术部,前程无忧,2025年06月29日,通过,2025-06-30,2025-07-04,李欣,通过,2025-07-13,赵桂英,不通过,,,,,,,,,否
RES00591,销售代表,销售部,智联招聘,2025-05-16,不通过,,,,,,,,,,,,,,,,否
RES00592,行政专员,人事部,智联招聘,2024-11-02,通过,2024-11-03,2024-11-10,聂玉兰,通过,2024-11-15,刘兵,通过,2024-11-21,谷楠,通过,2024-11-17,11k,11970.0,否,,否
RES00593,前端开发工程师,技术部,智联招聘,2025-05-01,通过,2025-05-02,2025-05-05,陈成,通过,2025-05-15,季雷,不通过,,,,,,,,,否
RES00594,前端开发工程师,技术部,内部推荐,2024-01-18,通过,2024-01-21,2024-01-26,关利,通过,2024-01-26,熊建军,通过,2024-01-31,汪帆,通过,2024-02-05,32k,31611.0,是,2024-03-16,是
RES00595,行政专员,人事部,智联招聘,2025-01-12,不通过,,,,,,,,,,,,,,,,否
RES00596,市场推广,市场部,前程无忧,2024-12-05,不通过,,,,,,,,,,,,,,,,否
RES00597,测试工程师,技术部,猎头,2024-04-22,不通过,,,,,,,,,,,,,,,,否
RES00598,客服主管,客服部,BOSS直聘,2025-03-02,通过,2025-03-07,2025-03-11,包凤兰,通过,2025-03-16,陆华,通过,2025-03-19,牛瑞,通过,2025-03-21,14k,14145.0,是,2025-04-19,是
RES00599,财务会计,财务部,前程无忧,2024-11-11,通过,2024-11-15,2024-11-16,邓静,通过,2024-11-21,李桂芝,不通过,,,,,,,,,否
RES00600,行政专员,人事部,内部推荐,2024-01-28,不通过,,,,,,,,,,,,,,,,否
RES00601,销售代表,销售部,BOSS直聘,2025-04-30,不通过,,,,,,,,,,,,,,,,否
RES00602,Java开发工程师,技术部,前程无忧,2024-09-28,不通过,,,,,,,,,,,,,,,,否
RES00603,产品运营,运营部,BOSS直聘,2024-08-21,不通过,,,,,,,,,,,,,,,,否
RES00604,前端开发工程师,技术部,校园招聘,2024-02-22,不通过,,,,,,,,,,,,,,,,否
RES00605,产品经理,产品部,智联招聘,2025-05-06,通过,2025-05-11,2025-05-15,俞淑华,通过,2025-05-20,赖燕,不通过,,,,,,,,,否
RES00606,测试工程师,技术部,智联招聘,2024-06-23,不通过,,,,,,,,,,,,,,,,否
RES00607,产品经理,产品部,前程无忧,2025-06-20,通过,2025-06-24,2025-06-23,韦刚,不通过,,,,,,,,,,,,否
RES00608,客服主管,客服部,BOSS直聘,2025-01-24,不通过,,,,,,,,,,,,,,,,否
RES00609,市场推广,市场部,BOSS直聘,2024-05-31,不通过,,,,,,,,,,,,,,,,否
RES00610,产品运营,运营部,智联招聘,2024-09-05,通过,2024-09-08,2024-09-11,周平,通过,2024-09-14,王东,不通过,,,,,,,,,否
RES00611,前端开发工程师,技术部,智联招聘,2024-02-02,不通过,,,,,,,,,,,,,,,,否
RES00612,产品经理,产品部,前程无忧,2024-04-22,不通过,,,,,,,,,,,,,,,,否
RES00613,产品经理,产品部,前程无忧,2024-07-14,不通过,,,,,,,,,,,,,,,,否
RES00614,财务会计,财务部,前程无忧,2024-01-20,通过,2024-01-24,2024-01-23,马桂花,候选人放弃,,,,,,,,,,,,否
RES00615,行政专员,人事部,猎聘,2025-03-27,不通过,,,,,,,,,,,,,,,,否
RES00616,数据分析师,产品部,智联招聘,2024-11-17,不通过,,,,,,,,,,,,,,,,否
RES00617,HRBP,人事部,BOSS直聘,2025-03-04,不通过,,,,,,,,,,,,,,,,否
RES00618,产品运营,运营部,内部推荐,2024-06-04,不通过,,,,,,,,,,,,,,,,否
RES00619,HRBP,人事部,校园招聘,2025-02-26,通过,2025-03-02,2025-03-01,胡旭,通过,2025-03-11,张健,不通过,,,,,,,,,否
RES00620,数据分析师,产品部,BOSS直聘,2024-07-27,不通过,,,,,,,,,,,,,,,,否
RES00621,Java开发工程师,技术部,智联招聘,2025-02-24,通过,2025-02-27,2025-02-28,瞿健,通过,2025-03-07,张建华,通过,2025-03-15,姜磊,通过,2025-03-20,32k,33030.0,否,,否
RES00622,市场推广,市场部,前程无忧,2025-05-28,不通过,,,,,,,,,,,,,,,,否
RES00623,行政专员,人事部,前程无忧,2025-04-27,通过,2025-05-01,2025-05-05,李磊,通过,2025-05-04,周帅,不通过,,,,,,,,,否
RES00624,Java开发工程师,技术部,猎聘,2024-03-04,不通过,,,,,,,,,,,,,,,,否
RES00625,销售代表,销售部,BOSS直聘,2024-05-21,通过,2024-05-24,2024-05-30,郝亮,不通过,,,,,,,,,,,,否
RES00626,前端开发工程师,技术部,猎聘,2025-06-15,不通过,,,,,,,,,,,,,,,,否
RES00627,HRBP,人事部,BOSS直聘,2024-07-31,不通过,,,,,,,,,,,,,,,,否
RES00628,客服主管,客服部,智联招聘,2024-11-28,不通过,,,,,,,,,,,,,,,,否
RES00629,销售代表,销售部,内部推荐,2025-05-04,通过,2025-05-06,2025-05-12,张斌,通过,2025-05-11,张淑珍,通过,2025-05-21,张桂香,通过,2025-05-19,11k,11363.0,是,2025-06-04,是
RES00630,产品运营,运营部,智联招聘,2025-06-22,通过,2025-06-27,2025-06-28,李金凤,候选人放弃,,,,,,,,,,,,否
RES00631,前端开发工程师,技术部,BOSS直聘,2025-01-20,通过,2025-01-23,2025-01-24,吴玉兰,通过,2025-01-30,高艳,不通过,,,,,,,,,否
RES00632,测试工程师,技术部,猎头,2024-11-17,不通过,,,,,,,,,,,,,,,,否
RES00633,产品经理,产品部,校园招聘,2024-06-26,不通过,,,,,,,,,,,,,,,,否
RES00634,HRBP,人事部,内部推荐,2025-04-15,通过,2025-04-18,2025-04-24,禹红梅,通过,2025-04-23,刘丽丽,通过,2025-05-04,张玉珍,通过,2025-05-07,24k,24561.0,是,2025-06-06,是
RES00635,行政专员,人事部,智联招聘,2025-06-29,不通过,,,,,,,,,,,,,,,,否
RES00636,行政专员,人事部,BOSS直聘,2024-12-16,不通过,,,,,,,,,,,,,,,,否
RES00637,销售代表,销售部,校园招聘,2024-12-28,不通过,,,,,,,,,,,,,,,,否
RES00638,销售代表,销售部,前程无忧,2024-09-27,不通过,,,,,,,,,,,,,,,,否
RES00639,市场推广,市场部,校园招聘,2025-05-10,不通过,,,,,,,,,,,,,,,,否
RES00640,产品经理,产品部,智联招聘,2024-07-15,不通过,,,,,,,,,,,,,,,,否
RES00641,财务会计,财务部,智联招聘,2024-09-09,不通过,,,,,,,,,,,,,,,,否
RES00642,HRBP,人事部,猎头,2024-10-12,不通过,,,,,,,,,,,,,,,,否
RES00643,Java开发工程师,技术部,前程无忧,2024-11-01,通过,2024-11-05,2024-11-10,何鹏,通过,2024-11-12,胡旭,不通过,,,,,,,,,否
RES00644,产品运营,运营部,BOSS直聘,2024-08-18,不通过,,,,,,,,,,,,,,,,否
RES00645,HRBP,人事部,BOSS直聘,2024-10-31,通过,2024-11-02,2024-11-05,郝军,通过,2024-11-10,毛秀兰,通过,2024-11-12,赖玉,通过,2024-11-19,21k,23682.0,是,2024-12-04,是
RES00646,数据分析师,产品部,前程无忧,2024-10-22,不通过,,,,,,,,,,,,,,,,否
RES00647,HRBP,人事部,BOSS直聘,2024-07-31,不通过,,,,,,,,,,,,,,,,否
RES00648,数据分析师,产品部,智联招聘,2025-05-15,通过,2025-05-17,2025-05-21,涂梅,通过,2025-05-30,陈博,不通过,,,,,,,,,否
RES00649,测试工程师,技术部,智联招聘,2024-11-20,不通过,,,,,,,,,,,,,,,,否
RES00650,测试工程师,技术部,内部推荐,2025-05-06,通过,2025-05-09,2025-05-14,王秀英,通过,2025-05-21,余明,通过,2025-05-25,陈佳,通过,2025-05-28,17k,18205.0,否,,否
RES00651,产品经理,产品部,智联招聘,2024-12-23,不通过,,,,,,,,,,,,,,,,否
RES00652,HRBP,人事部,猎头,2024-10-07,不通过,,,,,,,,,,,,,,,,否
RES00653,测试工程师,技术部,BOSS直聘,2024-10-21,通过,2024-10-24,2024-10-26,鲁杰,通过,2024-11-04,徐淑兰,通过,2024-11-04,周林,不通过,,,,,,否
RES00654,市场推广,市场部,前程无忧,2024-05-04,不通过,,,,,,,,,,,,,,,,否
RES00655,HRBP,人事部,BOSS直聘,2025-01-23,通过,2025-01-25,2025-01-28,金玲,候选人放弃,,,,,,,,,,,,否
RES00656,测试工程师,技术部,内部推荐,2025-02-08,通过,2025-02-09,2025-02-16,柳红霞,通过,2025-02-22,杨坤,通过,2025-02-22,倪秀云,通过,2025-02-26,26k,27525.0,是,2025-03-21,是
RES00657,客服主管,客服部,猎头,2024-12-19,通过,2024-12-21,2024-12-23,孔秀芳,通过,2025-01-01,刘艳,不通过,,,,,,,,,否
RES00658,客服主管,客服部,内部推荐,2024-05-29,不通过,,,,,,,,,,,,,,,,否
RES00659,前端开发工程师,技术部,前程无忧,2024-10-24,不通过,,,,,,,,,,,,,,,,否
RES00660,产品运营,运营部,前程无忧,2024-02-13,不通过,,,,,,,,,,,,,,,,否
RES00661,客服主管,客服部,内部推荐,2024-10-21,不通过,,,,,,,,,,,,,,,,否
RES00662,产品运营,运营部,校园招聘,2024-03-21,通过,2024-03-26,2024-03-28,周玉英,不通过,,,,,,,,,,,,否
RES00663,行政专员,人事部,猎头,2024-12-20,通过,2024-12-23,2024-12-25,万冬梅,候选人放弃,,,,,,,,,,,,否
RES00664,市场推广,市场部,智联招聘,2025-03-28,不通过,,,,,,,,,,,,,,,,否
RES00665,测试工程师,技术部,猎头,2024-09-19,不通过,,,,,,,,,,,,,,,,否
RES00666,产品经理,产品部,BOSS直聘,2025-05-05,不通过,,,,,,,,,,,,,,,,否
RES00667,产品经理,产品部,BOSS直聘,2024-08-07,通过,2024-08-08,2024-08-12,陈璐,通过,2024-08-15,周淑华,不通过,,,,,,,,,否
RES00668,客服主管,客服部,BOSS直聘,2024-07-25,通过,2024-07-29,2024-08-04,苏秀华,通过,2024-08-06,叶帅,通过,2024-08-09,高淑英,通过,2024-08-18,25k,23846.0,否,,否
RES00669,数据分析师,产品部,BOSS直聘,2024-10-04,通过,2024-10-05,2024-10-14,童洁,通过,2024-10-12,黄玉珍,不通过,,,,,,,,,否
RES00670,市场推广,市场部,内部推荐,2024-10-05,不通过,,,,,,,,,,,,,,,,否
RES00671,行政专员,人事部,校园招聘,2024-05-20,不通过,,,,,,,,,,,,,,,,否
RES00672,Java开发工程师,技术部,内部推荐,2024-04-21,通过,2024-04-26,2024-04-24,杨颖,通过,2024-05-03,唐强,不通过,,,,,,,,,否
RES00673,市场推广,市场部,猎聘,2024-09-02,通过,2024-09-06,2024-09-10,漆东,通过,2024-09-14,韩坤,通过,2024-09-21,翟杨,通过,2024-09-25,10k,10251.0,否,,否
RES00674,前端开发工程师,技术部,前程无忧,2024-09-05,不通过,,,,,,,,,,,,,,,,否
RES00675,产品经理,产品部,猎聘,2024-02-21,不通过,,,,,,,,,,,,,,,,否
RES00676,数据分析师,产品部,智联招聘,2025-06-27,不通过,,,,,,,,,,,,,,,,否
RES00677,前端开发工程师,技术部,内部推荐,2024-08-19,通过,2024-08-23,2024-08-24,李云,不通过,,,,,,,,,,,,否
RES00678,产品经理,产品部,猎聘,2024-08-26,不通过,,,,,,,,,,,,,,,,否
RES00679,行政专员,人事部,猎聘,2024-02-23,不通过,,,,,,,,,,,,,,,,否
RES00680,数据分析师,产品部,前程无忧,2024-04-12,通过,2024-04-15,2024-04-20,王涛,通过,2024-04-25,李琴,通过,2024-04-30,徐坤,通过,2024-05-07,16k,16666.0,是,2024-06-03,是
RES00681,数据分析师,产品部,校园招聘,2025-02-27,不通过,,,,,,,,,,,,,,,,否
RES00682,测试工程师,技术部,BOSS直聘,2024-12-04,通过,2024-12-08,2024-12-14,徐帅,通过,2024-12-15,罗丽娟,通过,2024-12-20,雷柳,不通过,,,,,,否
RES00683,HRBP,人事部,智联招聘,2025-04-28,不通过,,,,,,,,,,,,,,,,否
RES00684,财务会计,财务部,内部推荐,2024-04-12,不通过,,,,,,,,,,,,,,,,否
RES00685,市场推广,市场部,前程无忧,2024-05-20,通过,2024-05-21,2024-05-27,陈凤英,通过,2024-06-03,魏晶,不通过,,,,,,,,,否
RES00686,市场推广,市场部,校园招聘,2024-01-06,通过,2024-01-09,2024-01-12,陈峰,不通过,,,,,,,,,,,,否
RES00687,HRBP,人事部,智联招聘,2024-06-10,通过,2024-06-13,2024-06-18,尹平,通过,2024-06-23,谢凯,不通过,,,,,,,,,否
RES00688,Java开发工程师,技术部,智联招聘,2025-02-20,不通过,,,,,,,,,,,,,,,,否
RES00689,数据分析师,产品部,校园招聘,2025-05-02,不通过,,,,,,,,,,,,,,,,否
RES00690,产品经理,产品部,智联招聘,2025-05-03,不通过,,,,,,,,,,,,,,,,否
RES00691,Java开发工程师,技术部,前程无忧,2024-07-23,不通过,,,,,,,,,,,,,,,,否
RES00692,测试工程师,技术部,智联招聘,2024-10-21,通过,2024-10-26,2024-10-28,王晶,通过,2024-10-28,林畅,通过,2024-11-09,欧阳欢,通过,2024-11-07,19k,18382.0,是,2024-12-03,是
RES00693,市场推广,市场部,BOSS直聘,2024-11-24,不通过,,,,,,,,,,,,,,,,否
RES00694,测试工程师,技术部,猎聘,2024-10-19,通过,2024-10-22,2024-10-23,刘楠,通过,2024-10-28,王帆,通过,2024-11-02,郭伟,通过,2024-11-11,18k,19954.0,否,,否
RES00695,客服主管,客服部,BOSS直聘,2024-03-01,不通过,,,,,,,,,,,,,,,,否
RES00696,客服主管,客服部,校园招聘,2024-04-01,不通过,,,,,,,,,,,,,,,,否
RES00697,销售代表,销售部,内部推荐,2024-08-25,不通过,,,,,,,,,,,,,,,,否
RES00698,产品运营,运营部,BOSS直聘,2024-02-08,不通过,,,,,,,,,,,,,,,,否
RES00699,测试工程师,技术部,猎聘,2024-06-28,通过,2024-07-03,2024-07-03,何建华,通过,2024-07-13,林亮,通过,2024-07-17,倪秀芳,通过,2024-07-19,19k,20763.0,是,2024-08-03,是
RES00700,客服主管,客服部,前程无忧,2025-03-03,通过,2025-03-05,2025-03-07,万颖,候选人放弃,,,,,,,,,,,,否
RES00701,客服主管,客服部,BOSS直聘,2024-06-29,不通过,,,,,,,,,,,,,,,,否
RES00702,产品经理,产品部,BOSS直聘,2024-02-07,不通过,,,,,,,,,,,,,,,,否
RES00703,销售代表,销售部,智联招聘,2025-02-10,通过,2025-02-12,2025-02-18,周波,不通过,,,,,,,,,,,,否
RES00704,产品经理,产品部,猎聘,2025-05-22,通过,2025-05-25,2025-06-01,刘春梅,通过,2025-06-06,孟淑珍,不通过,,,,,,,,,否
RES00705,市场推广,市场部,猎聘,2024-07-09,不通过,,,,,,,,,,,,,,,,否
RES00706,前端开发工程师,技术部,前程无忧,2024-10-23,不通过,,,,,,,,,,,,,,,,否
RES00707,Java开发工程师,技术部,内部推荐,2024-02-08,不通过,,,,,,,,,,,,,,,,否
RES00708,测试工程师,技术部,内部推荐,2024-01-10,通过,2024-01-11,2024-01-15,吴丽丽,通过,2024-01-21,凌超,通过,2024-01-24,侯彬,通过,2024-01-26,21k,22756.0,是,2024-02-11,是
RES00709,市场推广,市场部,前程无忧,2024-11-01,不通过,,,,,,,,,,,,,,,,否
RES00710,前端开发工程师,技术部,内部推荐,2024-04-19,通过,2024-04-21,2024-04-22,阎淑兰,通过,2024-04-30,王东,通过,2024-05-05,姜淑华,通过,2024-05-14,8k,8760.0,是,2024-06-17,是
RES00711,行政专员,人事部,智联招聘,2024-12-09,不通过,,,,,,,,,,,,,,,,否
RES00712,数据分析师,产品部,校园招聘,2024-10-18,不通过,,,,,,,,,,,,,,,,否
RES00713,行政专员,人事部,前程无忧,2025-04-10,不通过,,,,,,,,,,,,,,,,否
RES00714,产品经理,产品部,内部推荐,2025-06-20,通过,2025-06-22,2025-06-28,江琴,不通过,,,,,,,,,,,,否
RES00715,财务会计,财务部,前程无忧,2025-05-20,不通过,,,,,,,,,,,,,,,,否
RES00716,财务会计,财务部,BOSS直聘,2024-05-17,不通过,,,,,,,,,,,,,,,,否
RES00717,前端开发工程师,技术部,前程无忧,2025-05-31,不通过,,,,,,,,,,,,,,,,否
RES00718,客服主管,客服部,智联招聘,2025-04-24,不通过,,,,,,,,,,,,,,,,否
RES00719,产品经理,产品部,猎聘,2024-10-06,不通过,,,,,,,,,,,,,,,,否
RES00720,前端开发工程师,技术部,智联招聘,2024-07-16,通过,2024-07-21,2024-07-22,李晨,候选人放弃,,,,,,,,,,,,否
RES00721,测试工程师,技术部,内部推荐,2024-04-25,不通过,,,,,,,,,,,,,,,,否
RES00722,产品经理,产品部,猎聘,2024-12-04,不通过,,,,,,,,,,,,,,,,否
RES00723,前端开发工程师,技术部,猎聘,2024-06-15,通过,2024-06-20,2024-06-19,高凤兰,通过,2024-06-30,曹斌,不通过,,,,,,,,,否
RES00724,行政专员,人事部,BOSS直聘,2025-04-14,不通过,,,,,,,,,,,,,,,,否
RES00725,销售代表,销售部,猎头,2024-09-20,通过,2024-09-25,2024-09-24,刘龙,通过,2024-10-02,钟秀英,通过,2024-10-08,张利,不通过,,,,,,否
RES00726,产品经理,产品部,内部推荐,2024-07-09,通过,2024-07-11,2024-07-17,李杰,通过,2024-07-17,杨淑珍,通过,2024-07-28,萧柳,通过,2024-07-29,31k,29775.0,是,2024-08-10,是
RES00727,销售代表,销售部,内部推荐,2024-01-15,通过,2024-01-18,2024-01-22,林鹏,通过,2024-01-29,沈桂珍,通过,2024-02-02,江欣,通过,2024-02-03,22k,20652.0,是,2024-03-11,是
RES00728,数据分析师,产品部,智联招聘,2024-12-11,不通过,,,,,,,,,,,,,,,,否
RES00729,数据分析师,产品部,前程无忧,2024-10-29,不通过,,,,,,,,,,,,,,,,否
RES00730,行政专员,人事部,BOSS直聘,2024-07-16,通过,2024-07-20,2024-07-26,仲荣,不通过,,,,,,,,,,,,否
RES00731,财务会计,财务部,前程无忧,2024-06-28,不通过,,,,,,,,,,,,,,,,否
RES00732,HRBP,人事部,BOSS直聘,2025-02-19,不通过,,,,,,,,,,,,,,,,否
RES00733,Java开发工程师,技术部,前程无忧,2025-03-13,通过,2025-03-17,2025-03-17,居建华,通过,2025-03-22,靳云,不通过,,,,,,,,,否
RES00734,市场推广,市场部,猎聘,2025-06-11,通过,2025-06-13,2025-06-20,张萍,通过,2025-06-24,尹婷婷,通过,2025-06-27,徐秀梅,通过,2025-07-05,27k,26205.0,否,,否
RES00735,Java开发工程师,技术部,智联招聘,2024-12-01,不通过,,,,,,,,,,,,,,,,否
RES00736,Java开发工程师,技术部,前程无忧,2024-03-29,不通过,,,,,,,,,,,,,,,,否
RES00737,市场推广,市场部,校园招聘,2025-02-14,不通过,,,,,,,,,,,,,,,,否
RES00738,行政专员,人事部,BOSS直聘,2024-04-07,不通过,,,,,,,,,,,,,,,,否
RES00739,行政专员,人事部,内部推荐,2024-07-08,通过,2024-07-12,2024-07-13,谢桂香,通过,2024-07-16,杨金凤,不通过,,,,,,,,,否
RES00740,财务会计,财务部,BOSS直聘,2024-05-23,通过,2024-05-27,2024-05-28,王磊,通过,2024-05-30,谢丹丹,通过,2024-06-11,高勇,不通过,,,,,,否
RES00741,HRBP,人事部,BOSS直聘,2025-05-03,不通过,,,,,,,,,,,,,,,,否
RES00742,产品运营,运营部,BOSS直聘,2024-11-27,不通过,,,,,,,,,,,,,,,,否
RES00743,Java开发工程师,技术部,内部推荐,2024-09-11,通过,2024-09-14,2024-09-15,韩东,通过,2024-09-26,潘博,不通过,,,,,,,,,否
RES00744,客服主管,客服部,智联招聘,2024-01-07,不通过,,,,,,,,,,,,,,,,否
RES00745,Java开发工程师,技术部,校园招聘,2024-09-24,不通过,,,,,,,,,,,,,,,,否
RES00746,产品运营,运营部,前程无忧,2025-01-27,通过,2025-01-31,2025-02-04,韩倩,不通过,,,,,,,,,,,,否
RES00747,产品经理,产品部,BOSS直聘,2024-08-29,不通过,,,,,,,,,,,,,,,,否
RES00748,财务会计,财务部,猎聘,2025-04-02,不通过,,,,,,,,,,,,,,,,否
RES00749,销售代表,销售部,BOSS直聘,2024-09-30,通过,2024-10-01,2024-10-09,陈英,通过,2024-10-13,韩淑兰,通过,2024-10-12,陈萍,通过,2024-10-15,13k,13951.0,否,,否
RES00750,销售代表,销售部,内部推荐,2024-12-03,通过,2024-12-05,2024-12-08,吴丽,通过,2024-12-16,张建华,通过,2024-12-16,刘娟,通过,2024-12-27,30k,30062.0,是,2025-01-19,是
RES00751,产品运营,运营部,BOSS直聘,2024-11-05,不通过,,,,,,,,,,,,,,,,否
RES00752,Java开发工程师,技术部,智联招聘,2024-01-12,不通过,,,,,,,,,,,,,,,,否
RES00753,销售代表,销售部,内部推荐,2024-09-24,通过,2024-09-28,2024-10-03,刘金凤,通过,2024-10-06,孙兰英,通过,2024-10-10,贾军,通过,2024-10-14,10k,9067.0,是,2024-11-19,是
RES00754,产品运营,运营部,猎头,2025-01-03,不通过,,,,,,,,,,,,,,,,否
RES00755,市场推广,市场部,智联招聘,2024-08-29,不通过,,,,,,,,,,,,,,,,否
RES00756,行政专员,人事部,内部推荐,2024-03-04,不通过,,,,,,,,,,,,,,,,否
RES00757,前端开发工程师,技术部,BOSS直聘,2024-05-01,不通过,,,,,,,,,,,,,,,,否
RES00758,行政专员,人事部,内部推荐,2025-04-21,通过,2025-04-25,2025-04-29,吴婷婷,通过,2025-04-28,李秀兰,通过,2025-05-06,马楠,通过,2025-05-09,29k,28137.0,是,2025-06-12,是
RES00759,Java开发工程师,技术部,猎聘,2024-11-10,通过,2024-11-13,2024-11-18,王莉,通过,2024-11-23,徐敏,通过,2024-11-28,陈建,通过,2024-11-29,8k,9007.0,是,2024-12-20,是
RES00760,产品运营,运营部,BOSS直聘,2024-06-12,不通过,,,,,,,,,,,,,,,,否
RES00761,产品经理,产品部,智联招聘,2025-02-19,不通过,,,,,,,,,,,,,,,,否
RES00762,销售代表,销售部,BOSS直聘,2025-05-29,不通过,,,,,,,,,,,,,,,,否
RES00763,销售代表,销售部,智联招聘,2024-11-14,通过,2024-11-16,2024-11-22,孟杨,通过,2024-11-25,何玉珍,通过,2024-12-02,杜杨,通过,2024-12-02,24k,24941.0,否,,否
RES00764,销售代表,销售部,BOSS直聘,2024-04-30,通过,2024-05-05,2024-05-07,刘玲,通过,2024-05-13,李旭,通过,2024-05-13,邵秀珍,不通过,,,,,,否
RES00765,测试工程师,技术部,猎聘,2024-10-29,不通过,,,,,,,,,,,,,,,,否
RES00766,产品运营,运营部,猎头,2025-01-11,通过,2025-01-16,2025-01-15,乔霞,通过,2025-01-26,张艳,通过,2025-01-26,阚兰英,通过,2025-01-31,34k,31186.0,否,,否
RES00767,行政专员,人事部,BOSS直聘,2024-08-14,不通过,,,,,,,,,,,,,,,,否
RES00768,产品经理,产品部,前程无忧,2024-08-12,通过,2024-08-17,2024-08-21,朱亮,通过,2024-08-27,余明,通过,2024-09-01,林瑜,通过,2024-08-29,8k,8829.0,是,2024-09-16,是
RES00769,测试工程师,技术部,前程无忧,2024-05-16,通过,2024-05-20,2024-05-25,李杨,通过,2024-05-23,李超,不通过,,,,,,,,,否
RES00770,产品运营,运营部,校园招聘,2025-05-04,不通过,,,,,,,,,,,,,,,,否
RES00771,Java开发工程师,技术部,前程无忧,2024-06-05,不通过,,,,,,,,,,,,,,,,否
RES00772,财务会计,财务部,前程无忧,2025-04-10,通过,2025-04-12,2025-04-19,萧彬,不通过,,,,,,,,,,,,否
RES00773,Java开发工程师,技术部,智联招聘,2025-01-17,不通过,,,,,,,,,,,,,,,,否
RES00774,前端开发工程师,技术部,BOSS直聘,2025-03-01,不通过,,,,,,,,,,,,,,,,否
RES00775,数据分析师,产品部,BOSS直聘,2025-04-27,不通过,,,,,,,,,,,,,,,,否
RES00776,财务会计,财务部,智联招聘,2024-08-11,不通过,,,,,,,,,,,,,,,,否
RES00777,Java开发工程师,技术部,BOSS直聘,2024-09-10,不通过,,,,,,,,,,,,,,,,否
RES00778,数据分析师,产品部,前程无忧,2024-03-24,通过,2024-03-27,2024-03-30,王畅,不通过,,,,,,,,,,,,否
RES00779,产品经理,产品部,智联招聘,2025-06-22,不通过,,,,,,,,,,,,,,,,否
RES00780,HRBP,人事部,前程无忧,2025-04-02,通过,2025-04-04,2025-04-09,王彬,通过,2025-04-17,赵帅,通过,2025-04-20,蔡婷,不通过,,,,,,否
RES00781,HRBP,人事部,BOSS直聘,2025-06-24,不通过,,,,,,,,,,,,,,,,否
RES00782,HRBP,人事部,校园招聘,2025-01-05,通过,2025-01-07,2025-01-08,魏秀芳,通过,2025-01-16,苏建,通过,2025-01-19,王宁,不通过,,,,,,否
RES00783,数据分析师,产品部,校园招聘,2024-03-20,不通过,,,,,,,,,,,,,,,,否
RES00784,前端开发工程师,技术部,BOSS直聘,2024-04-24,通过,2024-04-28,2024-04-28,和斌,通过,2024-05-05,侯秀英,通过,2024-05-12,高超,不通过,,,,,,否
RES00785,前端开发工程师,技术部,智联招聘,2024-03-04,不通过,,,,,,,,,,,,,,,,否
RES00786,HRBP,人事部,前程无忧,2025-06-01,不通过,,,,,,,,,,,,,,,,否
RES00787,市场推广,市场部,BOSS直聘,2024-07-26,不通过,,,,,,,,,,,,,,,,否
RES00788,销售代表,销售部,智联招聘,2024-06-02,不通过,,,,,,,,,,,,,,,,否
RES00789,财务会计,财务部,BOSS直聘,2024-06-17,不通过,,,,,,,,,,,,,,,,否
RES00790,财务会计,财务部,校园招聘,2024-12-01,不通过,,,,,,,,,,,,,,,,否
RES00791,销售代表,销售部,校园招聘,2025-06-16,不通过,,,,,,,,,,,,,,,,否
RES00792,行政专员,人事部,前程无忧,2025-03-28,不通过,,,,,,,,,,,,,,,,否
RES00793,市场推广,市场部,前程无忧,2024-04-29,不通过,,,,,,,,,,,,,,,,否
RES00794,HRBP,人事部,校园招聘,2024-07-29,通过,2024-08-03,2024-08-05,田桂芝,候选人放弃,,,,,,,,,,,,否
RES00795,销售代表,销售部,校园招聘,2025-05-15,不通过,,,,,,,,,,,,,,,,否
RES00796,产品运营,运营部,猎头,2024-04-03,通过,2024-04-08,2024-04-11,郑雪梅,通过,2024-04-16,石建军,通过,2024-04-18,祝梅,通过,2024-04-24,15k,14065.0,是,2024-05-11,是
RES00797,财务会计,财务部,BOSS直聘,2025-06-06,通过,2025-06-11,2025-06-14,叶博,通过,2025-06-14,陆建,不通过,,,,,,,,,否
RES00798,产品运营,运营部,BOSS直聘,2025-04-01,通过,2025-04-05,2025-04-07,薄丽华,通过,2025-04-10,王婷,不通过,,,,,,,,,否
RES00799,销售代表,销售部,猎聘,2024-02-26,通过,2024-02-29,2024-02-29,史玉梅,通过,2024-03-04,胡帅,不通过,,,,,,,,,否
RES00800,销售代表,销售部,前程无忧,2025-04-09,不通过,,,,,,,,,,,,,,,,否
RES00801,Java开发工程师,技术部,BOSS直聘,2024-05-15,不通过,,,,,,,,,,,,,,,,否
RES00802,Java开发工程师,技术部,BOSS直聘,2025-06-09,通过,2025-06-14,2025-06-17,周华,通过,2025-06-17,陈桂英,不通过,,,,,,,,,否
RES00803,产品经理,产品部,校园招聘,2025-03-01,不通过,,,,,,,,,,,,,,,,否
RES00804,数据分析师,产品部,校园招聘,2025-04-12,不通过,,,,,,,,,,,,,,,,否
RES00805,产品经理,产品部,智联招聘,2024-02-29,不通过,,,,,,,,,,,,,,,,否
RES00806,前端开发工程师,技术部,校园招聘,2025-04-18,通过,2025-04-22,2025-04-25,张秀芳,不通过,,,,,,,,,,,,否
RES00807,测试工程师,技术部,前程无忧,2024-11-11,通过,2024-11-13,2024-11-16,倪玉兰,通过,2024-11-23,张玉英,不通过,,,,,,,,,否
RES00808,前端开发工程师,技术部,内部推荐,2024-01-23,不通过,,,,,,,,,,,,,,,,否
RES00809,HRBP,人事部,智联招聘,2025-02-09,不通过,,,,,,,,,,,,,,,,否
RES00810,Java开发工程师,技术部,BOSS直聘,2024-09-17,不通过,,,,,,,,,,,,,,,,否
RES00811,HRBP,人事部,智联招聘,2024-01-04,通过,2024-01-05,2024-01-14,钟俊,不通过,,,,,,,,,,,,否
RES00812,销售代表,销售部,智联招聘,2024-08-11,不通过,,,,,,,,,,,,,,,,否
RES00813,HRBP,人事部,前程无忧,2024-03-15,不通过,,,,,,,,,,,,,,,,否
RES00814,销售代表,销售部,BOSS直聘,2024-02-16,通过,2024-02-20,2024-02-21,杜凯,通过,2024-03-02,张楠,不通过,,,,,,,,,否
RES00815,财务会计,财务部,猎头,2025-03-09,通过,2025-03-13,2025-03-17,董丽娟,通过,2025-03-16,朱秀华,通过,2025-03-23,温斌,通过,2025-04-03,22k,23840.0,是,2025-04-20,是
RES00816,Java开发工程师,技术部,BOSS直聘,2024-12-18,通过,2024-12-23,2024-12-23,徐明,通过,2024-12-27,周建军,通过,2025-01-05,朱英,不通过,,,,,,否
RES00817,产品经理,产品部,BOSS直聘,2024-03-06,不通过,,,,,,,,,,,,,,,,否
RES00818,HRBP,人事部,前程无忧,2024-03-02,不通过,,,,,,,,,,,,,,,,否
RES00819,Java开发工程师,技术部,前程无忧,2024-03-11,不通过,,,,,,,,,,,,,,,,否
RES00820,数据分析师,产品部,智联招聘,2025-04-28,不通过,,,,,,,,,,,,,,,,否
RES00821,数据分析师,产品部,内部推荐,2024-02-02,通过,2024-02-07,2024-02-08,郑婷,不通过,,,,,,,,,,,,否
RES00822,财务会计,财务部,前程无忧,2024-10-20,通过,2024-10-23,2024-10-29,陈彬,通过,2024-10-30,赵玉珍,不通过,,,,,,,,,否
RES00823,产品运营,运营部,前程无忧,2025-02-22,通过,2025-02-23,2025-02-28,吴玉英,候选人放弃,,,,,,,,,,,,否
RES00824,产品经理,产品部,猎聘,2024-07-03,不通过,,,,,,,,,,,,,,,,否
RES00825,市场推广,市场部,BOSS直聘,2024-05-18,不通过,,,,,,,,,,,,,,,,否
RES00826,客服主管,客服部,前程无忧,2025-03-06,通过,2025-03-08,2025-03-15,徐淑珍,通过,2025-03-15,鲁帆,不通过,,,,,,,,,否
RES00827,Java开发工程师,技术部,校园招聘,2025-01-18,通过,2025-01-21,2025-01-22,师欢,通过,2025-02-02,王强,通过,2025-02-06,杨强,通过,2025-02-12,24k,22346.0,否,,否
RES00828,行政专员,人事部,BOSS直聘,2025-01-26,通过,2025-01-29,2025-02-05,刘宇,通过,2025-02-08,董淑兰,通过,2025-02-10,潘娜,不通过,,,,,,否
RES00829,Java开发工程师,技术部,智联招聘,2025-04-04,不通过,,,,,,,,,,,,,,,,否
RES00830,销售代表,销售部,校园招聘,2025-01-21,不通过,,,,,,,,,,,,,,,,否
RES00831,市场推广,市场部,智联招聘,2025-01-19,不通过,,,,,,,,,,,,,,,,否
RES00832,行政专员,人事部,智联招聘,2024-03-23,不通过,,,,,,,,,,,,,,,,否
RES00833,HRBP,人事部,猎头,2024-05-16,通过,2024-05-18,2024-05-23,刘英,通过,2024-05-30,李丽娟,通过,2024-06-02,张文,不通过,,,,,,否
RES00834,财务会计,财务部,BOSS直聘,2024-12-22,不通过,,,,,,,,,,,,,,,,否
RES00835,数据分析师,产品部,BOSS直聘,2024-05-01,不通过,,,,,,,,,,,,,,,,否
RES00836,行政专员,人事部,校园招聘,2024-07-01,通过,2024-07-05,2024-07-09,戴瑞,通过,2024-07-14,王伟,不通过,,,,,,,,,否
RES00837,HRBP,人事部,校园招聘,2025-02-06,不通过,,,,,,,,,,,,,,,,否
RES00838,数据分析师,产品部,智联招聘,2025-06-25,不通过,,,,,,,,,,,,,,,,否
RES00839,HRBP,人事部,前程无忧,2024-05-10,不通过,,,,,,,,,,,,,,,,否
RES00840,数据分析师,产品部,内部推荐,2024-08-16,不通过,,,,,,,,,,,,,,,,否
RES00841,HRBP,人事部,内部推荐,2024-01-04,通过,2024-01-05,2024-01-07,陆桂香,通过,2024-01-14,胡桂芝,通过,2024-01-21,杨利,通过,2024-01-28,29k,32781.0,是,2024-02-26,是
RES00842,销售代表,销售部,BOSS直聘,2024-01-24,通过,2024-01-29,2024-02-02,杨娜,不通过,,,,,,,,,,,,否
RES00843,行政专员,人事部,BOSS直聘,2024-11-01,不通过,,,,,,,,,,,,,,,,否
RES00844,前端开发工程师,技术部,智联招聘,2025-04-19,通过,2025-04-24,2025-04-24,马想,通过,2025-05-04,刘玉梅,通过,2025-05-06,罗想,通过,2025-05-11,12k,11310.0,否,,否
RES00845,财务会计,财务部,校园招聘,2025-03-10,不通过,,,,,,,,,,,,,,,,否
RES00846,产品运营,运营部,校园招聘,2025-06-28,不通过,,,,,,,,,,,,,,,,否
RES00847,Java开发工程师,技术部,猎头,2025-01-23,通过,2025-01-25,2025-01-30,张建,通过,2025-02-05,尹秀华,通过,2025-02-08,张柳,通过,2025-02-16,32k,35766.0,是,2025-03-07,是
RES00848,销售代表,销售部,校园招聘,2024-08-23,不通过,,,,,,,,,,,,,,,,否
RES00849,产品经理,产品部,前程无忧,2024-09-10,不通过,,,,,,,,,,,,,,,,否
RES00850,产品运营,运营部,智联招聘,2025-04-16,不通过,,,,,,,,,,,,,,,,否
RES00851,财务会计,财务部,内部推荐,2024-12-20,通过,2024-12-24,2024-12-25,王瑜,通过,2024-12-29,李红梅,通过,2025-01-05,阳娜,通过,2025-01-06,31k,30927.0,是,2025-02-16,试用期离职
RES00852,销售代表,销售部,内部推荐,2024-06-07,通过,2024-06-10,2024-06-17,郑秀兰,候选人放弃,,,,,,,,,,,,否
RES00853,产品运营,运营部,前程无忧,2024-10-09,不通过,,,,,,,,,,,,,,,,否
RES00854,Java开发工程师,技术部,BOSS直聘,2024-07-12,通过,2024-07-14,2024-07-16,张龙,通过,2024-07-23,徐浩,通过,2024-07-26,雷玉,通过,2024-08-04,34k,33365.0,否,,否
RES00855,HRBP,人事部,校园招聘,2024-04-25,不通过,,,,,,,,,,,,,,,,否
RES00856,数据分析师,产品部,智联招聘,2024-02-02,不通过,,,,,,,,,,,,,,,,否
RES00857,市场推广,市场部,智联招聘,2025-03-05,不通过,,,,,,,,,,,,,,,,否
RES00858,HRBP,人事部,前程无忧,2024-01-17,不通过,,,,,,,,,,,,,,,,否
RES00859,财务会计,财务部,猎聘,2024-09-03,不通过,,,,,,,,,,,,,,,,否
RES00860,Java开发工程师,技术部,BOSS直聘,2024-07-30,不通过,,,,,,,,,,,,,,,,否
RES00861,产品运营,运营部,内部推荐,2024-03-09,通过,2024-03-13,2024-03-17,谭丽,通过,2024-03-17,吴琳,通过,2024-03-22,黄强,通过,2024-03-29,13k,11809.0,是,2024-04-30,是
RES00862,测试工程师,技术部,BOSS直聘,2024-04-13,不通过,,,,,,,,,,,,,,,,否
RES00863,客服主管,客服部,BOSS直聘,2024-02-04,不通过,,,,,,,,,,,,,,,,否
RES00864,测试工程师,技术部,智联招聘,2025-04-02,不通过,,,,,,,,,,,,,,,,否
RES00865,市场推广,市场部,内部推荐,2024-02-19,通过,2024-02-20,2024-02-29,王文,通过,2024-02-28,陈欢,通过,2024-03-02,王成,通过,2024-03-15,17k,16660.0,是,2024-03-22,是
RES00866,HRBP,人事部,猎头,2024-09-07,通过,2024-09-08,2024-09-12,郭畅,通过,2024-09-20,黄帅,通过,2024-09-22,孙桂英,通过,2024-09-24,20k,21888.0,是,2024-10-31,试用期离职
RES00867,前端开发工程师,技术部,内部推荐,2024-02-15,通过,2024-02-18,2024-02-24,潘丹丹,通过,2024-02-26,沈辉,通过,2024-02-29,苏建华,不通过,,,,,,否
RES00868,产品运营,运营部,校园招聘,2025-02-15,不通过,,,,,,,,,,,,,,,,否
RES00869,HRBP,人事部,BOSS直聘,2025-03-25,通过,2025-03-28,2025-04-04,邓琴,不通过,,,,,,,,,,,,否
RES00870,产品运营,运营部,BOSS直聘,2024-08-27,不通过,,,,,,,,,,,,,,,,否
RES00871,市场推广,市场部,前程无忧,2024-08-10,不通过,,,,,,,,,,,,,,,,否
RES00872,财务会计,财务部,BOSS直聘,2024-02-27,不通过,,,,,,,,,,,,,,,,否
RES00873,测试工程师,技术部,内部推荐,2024-05-23,通过,2024-05-27,2024-05-28,张明,候选人放弃,,,,,,,,,,,,否
RES00874,产品经理,产品部,猎聘,2025-05-30,不通过,,,,,,,,,,,,,,,,否
RES00875,HRBP,人事部,猎头,2024-10-23,通过,2024-10-24,2024-11-02,马利,通过,2024-11-01,邵欢,通过,2024-11-12,李琳,不通过,,,,,,否
RES00876,测试工程师,技术部,BOSS直聘,2024-08-27,不通过,,,,,,,,,,,,,,,,否
RES00877,产品运营,运营部,前程无忧,2024-11-22,不通过,,,,,,,,,,,,,,,,否
RES00878,产品经理,产品部,前程无忧,2024-11-24,通过,2024-11-28,2024-12-04,王杨,通过,2024-12-03,许琴,通过,2024-12-10,袁欣,通过,2024-12-12,25k,24776.0,是,2025-01-10,是
RES00879,测试工程师,技术部,BOSS直聘,2024-08-30,通过,2024-08-31,2024-09-03,侯博,不通过,,,,,,,,,,,,否
RES00880,产品经理,产品部,前程无忧,2024-11-05,不通过,,,,,,,,,,,,,,,,否
RES00881,前端开发工程师,技术部,智联招聘,2024-05-26,不通过,,,,,,,,,,,,,,,,否
RES00882,数据分析师,产品部,智联招聘,2025-06-17,不通过,,,,,,,,,,,,,,,,否
RES00883,产品经理,产品部,智联招聘,2024-08-14,不通过,,,,,,,,,,,,,,,,否
RES00884,测试工程师,技术部,BOSS直聘,2025-02-27,不通过,,,,,,,,,,,,,,,,否
RES00885,市场推广,市场部,前程无忧,2024-11-03,不通过,,,,,,,,,,,,,,,,否
RES00886,Java开发工程师,技术部,智联招聘,2024-10-08,通过,2024-10-12,2024-10-13,程凯,通过,2024-10-15,魏凯,不通过,,,,,,,,,否
RES00887,产品经理,产品部,BOSS直聘,2024-03-03,通过,2024-03-06,2024-03-13,周洋,通过,2024-03-17,王磊,不通过,,,,,,,,,否
RES00888,客服主管,客服部,智联招聘,2024-06-28,不通过,,,,,,,,,,,,,,,,否
RES00889,产品运营,运营部,BOSS直聘,2025-03-13,通过,2025-03-15,2025-03-17,崔玉梅,通过,2025-03-24,陈秀珍,不通过,,,,,,,,,否
RES00890,产品经理,产品部,智联招聘,2025-05-22,不通过,,,,,,,,,,,,,,,,否
RES00891,行政专员,人事部,BOSS直聘,2024-02-18,通过,2024-02-23,2024-02-27,侯萍,通过,2024-02-27,张瑞,通过,2024-03-08,陈文,通过,2024-03-10,29k,32305.0,是,2024-04-03,是
RES00892,Java开发工程师,技术部,前程无忧,2024-12-18,不通过,,,,,,,,,,,,,,,,否
RES00893,销售代表,销售部,猎聘,2025-01-25,不通过,,,,,,,,,,,,,,,,否
RES00894,Java开发工程师,技术部,猎聘,2025-06-21,不通过,,,,,,,,,,,,,,,,否
RES00895,财务会计,财务部,内部推荐,2024-11-22,不通过,,,,,,,,,,,,,,,,否
RES00896,销售代表,销售部,智联招聘,2025-03-02,不通过,,,,,,,,,,,,,,,,否
RES00897,前端开发工程师,技术部,前程无忧,2025-02-22,不通过,,,,,,,,,,,,,,,,否
RES00898,测试工程师,技术部,内部推荐,2024-06-01,通过,2024-06-03,2024-06-05,罗雪梅,通过,2024-06-11,王红霞,不通过,,,,,,,,,否
RES00899,Java开发工程师,技术部,智联招聘,2024-11-03,不通过,,,,,,,,,,,,,,,,否
RES00900,数据分析师,产品部,猎聘,2025-01-20,通过,2025-01-22,2025-01-26,王海燕,不通过,,,,,,,,,,,,否
RES00901,财务会计,财务部,智联招聘,2024-07-07,通过,2024-07-11,2024-07-16,赵桂兰,通过,2024-07-16,程佳,通过,2024-07-26,翁平,不通过,,,,,,否
RES00902,测试工程师,技术部,智联招聘,2025-04-29,不通过,,,,,,,,,,,,,,,,否
RES00903,Java开发工程师,技术部,内部推荐,2024-09-03,通过,2024-09-07,2024-09-09,刘兵,通过,2024-09-16,孙平,通过,2024-09-15,洪洁,通过,2024-09-19,28k,30649.0,是,2024-10-16,是
RES00904,产品经理,产品部,BOSS直聘,2024-08-18,不通过,,,,,,,,,,,,,,,,否
RES00905,数据分析师,产品部,智联招聘,2024-11-03,不通过,,,,,,,,,,,,,,,,否
RES00906,HRBP,人事部,BOSS直聘,2024-05-27,不通过,,,,,,,,,,,,,,,,否
RES00907,HRBP,人事部,智联招聘,2025-04-19,不通过,,,,,,,,,,,,,,,,否
RES00908,财务会计,财务部,BOSS直聘,2024-02-29,不通过,,,,,,,,,,,,,,,,否
RES00909,数据分析师,产品部,前程无忧,2025-02-26,不通过,,,,,,,,,,,,,,,,否
RES00910,数据分析师,产品部,内部推荐,2025-03-02,通过,2025-03-07,2025-03-08,慕军,不通过,,,,,,,,,,,,否
RES00911,Java开发工程师,技术部,内部推荐,2025-06-26,不通过,,,,,,,,,,,,,,,,否
RES00912,财务会计,财务部,智联招聘,2024-05-17,不通过,,,,,,,,,,,,,,,,否
RES00913,前端开发工程师,技术部,猎头,2025-02-01,通过,2025-02-04,2025-02-08,吴柳,通过,2025-02-14,杨艳,不通过,,,,,,,,,否
RES00914,HRBP,人事部,前程无忧,2024-09-05,不通过,,,,,,,,,,,,,,,,否
RES00915,行政专员,人事部,智联招聘,2024-09-18,通过,2024-09-23,2024-09-28,鞠帆,不通过,,,,,,,,,,,,否
RES00916,销售代表,销售部,内部推荐,2024-07-27,不通过,,,,,,,,,,,,,,,,否
RES00917,市场推广,市场部,猎聘,2024-12-04,通过,2024-12-07,2024-12-12,王利,不通过,,,,,,,,,,,,否
RES00918,产品经理,产品部,内部推荐,2024-03-21,通过,2024-03-26,2024-03-29,杜琴,通过,2024-04-04,孙金凤,不通过,,,,,,,,,否
RES00919,数据分析师,产品部,BOSS直聘,2025-04-05,通过,2025-04-08,2025-04-14,房帆,不通过,,,,,,,,,,,,否
RES00920,行政专员,人事部,智联招聘,2025-01-14,不通过,,,,,,,,,,,,,,,,否
RES00921,行政专员,人事部,校园招聘,2024-04-04,不通过,,,,,,,,,,,,,,,,否
RES00922,产品运营,运营部,前程无忧,2024-07-14,不通过,,,,,,,,,,,,,,,,否
RES00923,行政专员,人事部,猎聘,2024-02-22,不通过,,,,,,,,,,,,,,,,否
RES00924,销售代表,销售部,前程无忧,2024-10-01,不通过,,,,,,,,,,,,,,,,否
RES00925,数据分析师,产品部,内部推荐,2025-01-21,不通过,,,,,,,,,,,,,,,,否
RES00926,销售代表,销售部,BOSS直聘,2024-02-10,不通过,,,,,,,,,,,,,,,,否
RES00927,产品经理,产品部,前程无忧,2024-03-15,通过,2024-03-16,2024-03-20,郑梅,通过,2024-03-29,杨璐,通过,2024-04-02,吴婷,通过,2024-04-06,17k,16997.0,是,2024-04-14,是
RES00928,财务会计,财务部,BOSS直聘,2024-07-11,通过,2024-07-13,2024-07-14,何玉,通过,2024-07-23,陆岩,不通过,,,,,,,,,否
RES00929,数据分析师,产品部,猎聘,2024-08-10,不通过,,,,,,,,,,,,,,,,否
RES00930,数据分析师,产品部,内部推荐,2025-05-05,不通过,,,,,,,,,,,,,,,,否
RES00931,客服主管,客服部,BOSS直聘,2024-08-01,通过,2024-08-03,2024-08-09,朱利,通过,2024-08-08,李颖,不通过,,,,,,,,,否
RES00932,客服主管,客服部,猎聘,2024-12-06,不通过,,,,,,,,,,,,,,,,否
RES00933,Java开发工程师,技术部,智联招聘,2024-11-06,不通过,,,,,,,,,,,,,,,,否
RES00934,Java开发工程师,技术部,BOSS直聘,2024-01-16,不通过,,,,,,,,,,,,,,,,否
RES00935,市场推广,市场部,智联招聘,2024-08-04,不通过,,,,,,,,,,,,,,,,否
RES00936,测试工程师,技术部,BOSS直聘,2024-07-13,不通过,,,,,,,,,,,,,,,,否
RES00937,测试工程师,技术部,智联招聘,2024-04-30,不通过,,,,,,,,,,,,,,,,否
RES00938,数据分析师,产品部,智联招聘,2025-05-05,通过,2025-05-06,2025-05-15,李瑞,不通过,,,,,,,,,,,,否
RES00939,销售代表,销售部,内部推荐,2024-09-05,不通过,,,,,,,,,,,,,,,,否
RES00940,Java开发工程师,技术部,内部推荐,2024-07-28,不通过,,,,,,,,,,,,,,,,否
RES00941,产品运营,运营部,前程无忧,2025-02-10,不通过,,,,,,,,,,,,,,,,否
RES00942,测试工程师,技术部,BOSS直聘,2024-09-02,不通过,,,,,,,,,,,,,,,,否
RES00943,Java开发工程师,技术部,校园招聘,2024-11-25,不通过,,,,,,,,,,,,,,,,否
RES00944,前端开发工程师,技术部,猎聘,2024-10-16,不通过,,,,,,,,,,,,,,,,否
RES00945,前端开发工程师,技术部,BOSS直聘,2025-01-24,通过,2025-01-29,2025-01-28,徐晨,通过,2025-02-01,蒋洋,通过,2025-02-10,陈洁,不通过,,,,,,否
RES00946,产品运营,运营部,内部推荐,2025-04-22,通过,2025-04-25,2025-05-02,吴玉兰,候选人放弃,,,,,,,,,,,,否
RES00947,行政专员,人事部,BOSS直聘,2025-06-30,不通过,,,,,,,,,,,,,,,,否
RES00948,前端开发工程师,技术部,前程无忧,2025-01-02,通过,2025-01-05,2025-01-07,庞利,通过,2025-01-12,吴志强,通过,2025-01-20,唐秀珍,通过,2025-01-17,16k,17111.0,是,2025-02-10,是
RES00949,客服主管,客服部,智联招聘,2024-11-11,通过,2024-11-14,2024-11-19,王畅,不通过,,,,,,,,,,,,否
RES00950,测试工程师,技术部,智联招聘,2024-09-24,不通过,,,,,,,,,,,,,,,,否
RES00951,客服主管,客服部,校园招聘,2025-01-03,不通过,,,,,,,,,,,,,,,,否
RES00952,前端开发工程师,技术部,智联招聘,2025-06-09,不通过,,,,,,,,,,,,,,,,否
RES00953,Java开发工程师,技术部,BOSS直聘,2025-05-24,不通过,,,,,,,,,,,,,,,,否
RES00954,市场推广,市场部,校园招聘,2025-04-22,不通过,,,,,,,,,,,,,,,,否
RES00955,市场推广,市场部,校园招聘,2024-04-10,通过,2024-04-14,2024-04-20,周秀荣,不通过,,,,,,,,,,,,否
RES00956,客服主管,客服部,猎聘,2025-04-25,不通过,,,,,,,,,,,,,,,,否
RES00957,前端开发工程师,技术部,智联招聘,2024-11-23,不通过,,,,,,,,,,,,,,,,否
RES00958,行政专员,人事部,BOSS直聘,2024-07-27,不通过,,,,,,,,,,,,,,,,否
RES00959,产品经理,产品部,内部推荐,2025-01-14,不通过,,,,,,,,,,,,,,,,否
RES00960,Java开发工程师,技术部,BOSS直聘,2024-11-16,不通过,,,,,,,,,,,,,,,,否
RES00961,数据分析师,产品部,BOSS直聘,2025-02-27,不通过,,,,,,,,,,,,,,,,否
RES00962,Java开发工程师,技术部,前程无忧,2024-02-16,不通过,,,,,,,,,,,,,,,,否
RES00963,市场推广,市场部,BOSS直聘,2024-08-14,不通过,,,,,,,,,,,,,,,,否
RES00964,前端开发工程师,技术部,BOSS直聘,2024-05-29,通过,2024-06-01,2024-06-03,林欣,通过,2024-06-11,潘秀英,通过,2024-06-12,李小红,不通过,,,,,,否
RES00965,财务会计,财务部,智联招聘,2024-01-17,不通过,,,,,,,,,,,,,,,,否
RES00966,测试工程师,技术部,BOSS直聘,2024-09-24,通过,2024-09-29,2024-10-03,丁琳,不通过,,,,,,,,,,,,否
RES00967,HRBP,人事部,BOSS直聘,2025-03-03,不通过,,,,,,,,,,,,,,,,否
RES00968,测试工程师,技术部,BOSS直聘,2024-10-29,不通过,,,,,,,,,,,,,,,,否
RES00969,数据分析师,产品部,BOSS直聘,2024-06-05,不通过,,,,,,,,,,,,,,,,否
RES00970,前端开发工程师,技术部,猎聘,2024-07-19,不通过,,,,,,,,,,,,,,,,否
RES00971,产品运营,运营部,内部推荐,2024-12-03,通过,2024-12-06,2024-12-10,奉晶,通过,2024-12-12,熊玉梅,不通过,,,,,,,,,否
RES00972,前端开发工程师,技术部,智联招聘,2024-08-23,不通过,,,,,,,,,,,,,,,,否
RES00973,Java开发工程师,技术部,前程无忧,2025-01-23,不通过,,,,,,,,,,,,,,,,否
RES00974,测试工程师,技术部,BOSS直聘,2024-09-08,通过,2024-09-13,2024-09-18,林斌,候选人放弃,,,,,,,,,,,,否
RES00975,产品经理,产品部,BOSS直聘,2025-05-26,不通过,,,,,,,,,,,,,,,,否
RES00976,产品运营,运营部,BOSS直聘,2024-12-11,不通过,,,,,,,,,,,,,,,,否
RES00977,市场推广,市场部,前程无忧,2024-09-20,不通过,,,,,,,,,,,,,,,,否
RES00978,销售代表,销售部,内部推荐,2025-05-15,通过,2025-05-17,2025-05-18,黄莹,通过,2025-05-28,马伟,通过,2025-05-29,罗娟,通过,2025-06-07,25k,24608.0,是,2025-07-01,是
RES00979,销售代表,销售部,前程无忧,2025-05-17,不通过,,,,,,,,,,,,,,,,否
RES00980,财务会计,财务部,智联招聘,2025-04-16,不通过,,,,,,,,,,,,,,,,否
RES00981,市场推广,市场部,BOSS直聘,2024-06-21,通过,2024-06-26,2024-06-28,李佳,通过,2024-07-06,徐磊,不通过,,,,,,,,,否
RES00982,行政专员,人事部,内部推荐,2024-12-26,通过,2024-12-27,2025-01-03,萧萍,不通过,,,,,,,,,,,,否
RES00983,客服主管,客服部,智联招聘,2024-06-22,通过,2024-06-23,2024-06-25,艾俊,通过,2024-07-02,孙秀云,通过,2024-07-12,廖娜,不通过,,,,,,否
RES00984,测试工程师,技术部,内部推荐,2024-05-23,不通过,,,,,,,,,,,,,,,,否
RES00985,财务会计,财务部,前程无忧,2025-05-15,通过,2025-05-18,2025-05-20,马兵,通过,2025-05-30,石凤兰,不通过,,,,,,,,,否
RES00986,销售代表,销售部,内部推荐,2024-07-07,不通过,,,,,,,,,,,,,,,,否
RES00987,客服主管,客服部,校园招聘,2024-03-01,通过,2024-03-06,2024-03-11,石桂英,不通过,,,,,,,,,,,,否
RES00988,行政专员,人事部,校园招聘,2025-06-20,通过,2025-06-24,2025-06-24,黄磊,通过,2025-06-29,耿倩,通过,2025-07-09,谢成,通过,2025-07-06,20k,20811.0,是,2025-08-06,是
RES00989,市场推广,市场部,前程无忧,2024-02-04,不通过,,,,,,,,,,,,,,,,否
RES00990,客服主管,客服部,前程无忧,2024-03-17,通过,2024-03-21,2024-03-27,梁凯,不通过,,,,,,,,,,,,否
RES00991,市场推广,市场部,BOSS直聘,2024-02-19,不通过,,,,,,,,,,,,,,,,否
RES00992,行政专员,人事部,校园招聘,2024-01-07,不通过,,,,,,,,,,,,,,,,否
RES00993,HRBP,人事部,智联招聘,2025-02-26,通过,2025-03-03,2025-03-08,李云,通过,2025-03-13,林璐,通过,2025-03-11,杨丽丽,不通过,,,,,,否
RES00994,产品运营,运营部,BOSS直聘,2024-05-20,不通过,,,,,,,,,,,,,,,,否
RES00995,客服主管,客服部,智联招聘,2024-08-24,不通过,,,,,,,,,,,,,,,,否
RES00996,测试工程师,技术部,BOSS直聘,2024-03-10,通过,2024-03-12,2024-03-14,张瑜,不通过,,,,,,,,,,,,否
RES00997,客服主管,客服部,前程无忧,2024-06-03,不通过,,,,,,,,,,,,,,,,否
RES00998,市场推广,市场部,前程无忧,2024-01-10,不通过,,,,,,,,,,,,,,,,否
RES00999,市场推广,市场部,智联招聘,2024-08-11,通过,2024-08-16,2024-08-16,周志强,通过,2024-08-22,张桂荣,通过,2024-08-27,孟玉华,不通过,,,,,,否
RES01000,客服主管,客服部,BOSS直聘,2025-06-01,通过,2025-06-02,2025-06-10,王颖,通过,2025-06-12,李冬梅,通过,2025-06-16,刘秀英,不通过,,,,,,否
RES01001,市场推广,市场部,校园招聘,2025-04-11,通过,2025-04-15,2025-04-19,周斌,通过,2025-04-18,刘畅,通过,2025-04-27,邓畅,通过,2025-05-05,22k,24650.0,否,,否
RES01002,产品经理,产品部,内部推荐,2025-01-17,通过,2025-01-22,2025-01-22,夏秀华,通过,2025-01-31,杨宇,通过,2025-02-05,孙璐,通过,2025-02-03,31k,30736.0,是,2025-03-09,是
RES01003,数据分析师,产品部,内部推荐,2024-03-02,通过,2024-03-06,2024-03-05,雷慧,通过,2024-03-16,陈晶,不通过,,,,,,,,,否
RES01004,测试工程师,技术部,智联招聘,2025-05-09,不通过,,,,,,,,,,,,,,,,否
RES01005,产品经理,产品部,内部推荐,2025-05-14,不通过,,,,,,,,,,,,,,,,否
RES01006,数据分析师,产品部,前程无忧,2024-01-17,不通过,,,,,,,,,,,,,,,,否
RES01007,HRBP,人事部,BOSS直聘,2024-01-07,不通过,,,,,,,,,,,,,,,,否
RES01008,HRBP,人事部,BOSS直聘,2025-06-28,不通过,,,,,,,,,,,,,,,,否
RES01009,HRBP,人事部,智联招聘,2025-02-25,不通过,,,,,,,,,,,,,,,,否
RES01010,销售代表,销售部,BOSS直聘,2024-01-13,不通过,,,,,,,,,,,,,,,,否
RES01011,销售代表,销售部,猎头,2024-01-18,通过,2024-01-19,2024-01-22,张杰,通过,2024-02-02,周瑜,通过,2024-01-30,胡红霞,通过,2024-02-11,25k,23537.0,是,2024-03-16,是
RES01012,前端开发工程师,技术部,BOSS直聘,2025-06-26,不通过,,,,,,,,,,,,,,,,否
RES01013,财务会计,财务部,智联招聘,2024-10-08,不通过,,,,,,,,,,,,,,,,否
RES01014,测试工程师,技术部,智联招聘,2024-10-20,不通过,,,,,,,,,,,,,,,,否
RES01015,产品运营,运营部,智联招聘,2024-01-18,通过,2024-01-20,2024-01-28,杨林,通过,2024-02-02,丛坤,通过,2024-02-05,李凯,通过,2024-02-11,9k,9457.0,否,,否
RES01016,产品经理,产品部,前程无忧,2025-05-29,不通过,,,,,,,,,,,,,,,,否
RES01017,行政专员,人事部,BOSS直聘,2025-03-16,通过,2025-03-17,2025-03-25,郑秀梅,不通过,,,,,,,,,,,,否
RES01018,产品运营,运营部,内部推荐,2024-07-02,通过,2024-07-03,2024-07-07,牛冬梅,候选人放弃,,,,,,,,,,,,否
RES01019,数据分析师,产品部,智联招聘,2024-04-19,不通过,,,,,,,,,,,,,,,,否
RES01020,产品运营,运营部,前程无忧,2024-04-08,通过,2024-04-09,2024-04-17,王桂英,通过,2024-04-15,戴玉,不通过,,,,,,,,,否
RES01021,行政专员,人事部,猎聘,2025-06-20,不通过,,,,,,,,,,,,,,,,否
RES01022,Java开发工程师,技术部,校园招聘,2024-06-01,不通过,,,,,,,,,,,,,,,,否
RES01023,客服主管,客服部,内部推荐,2024-09-03,通过,2024-09-04,2024-09-07,尹玉华,通过,2024-09-16,彭玉英,通过,2024-09-19,舒琴,不通过,,,,,,否
RES01024,财务会计,财务部,前程无忧,2024-07-15,不通过,,,,,,,,,,,,,,,,否
RES01025,测试工程师,技术部,智联招聘,2025-06-23,不通过,,,,,,,,,,,,,,,,否
RES01026,前端开发工程师,技术部,前程无忧,2024-09-15,通过,2024-09-17,2024-09-21,李帅,通过,2024-09-30,王杨,通过,2024-09-28,蒋文,通过,2024-10-04,9k,9623.0,是,2024-10-17,是
RES01027,数据分析师,产品部,内部推荐,2024-12-28,通过,2024-12-30,2025-01-04,郑金凤,通过,2025-01-05,万伟,通过,2025-01-17,金想,通过,2025-01-22,33k,31203.0,是,2025-02-10,是
RES01028,测试工程师,技术部,校园招聘,2024-09-30,不通过,,,,,,,,,,,,,,,,否
RES01029,HRBP,人事部,BOSS直聘,2025-02-10,通过,2025-02-12,2025-02-15,唐荣,通过,2025-02-25,余桂英,不通过,,,,,,,,,否
RES01030,行政专员,人事部,智联招聘,2024-03-21,不通过,,,,,,,,,,,,,,,,否
RES01031,数据分析师,产品部,内部推荐,2025-01-17,不通过,,,,,,,,,,,,,,,,否
RES01032,销售代表,销售部,智联招聘,2025-02-19,不通过,,,,,,,,,,,,,,,,否
RES01033,HRBP,人事部,智联招聘,2025-04-15,通过,2025-04-19,2025-04-22,陶玉兰,候选人放弃,,,,,,,,,,,,否
RES01034,测试工程师,技术部,智联招聘,2024-09-06,不通过,,,,,,,,,,,,,,,,否
RES01035,市场推广,市场部,前程无忧,2024-08-19,通过,2024-08-20,2024-08-26,王成,不通过,,,,,,,,,,,,否
RES01036,行政专员,人事部,猎头,2024-11-03,通过,2024-11-07,2024-11-09,原海燕,候选人放弃,,,,,,,,,,,,否
RES01037,HRBP,人事部,前程无忧,2024-03-23,不通过,,,,,,,,,,,,,,,,否
RES01038,测试工程师,技术部,BOSS直聘,2024-02-02,不通过,,,,,,,,,,,,,,,,否
RES01039,客服主管,客服部,BOSS直聘,2024-04-05,通过,2024-04-10,2024-04-09,张淑英,不通过,,,,,,,,,,,,否
RES01040,测试工程师,技术部,BOSS直聘,2025-02-19,不通过,,,,,,,,,,,,,,,,否
RES01041,客服主管,客服部,前程无忧,2025-01-23,通过,2025-01-25,2025-02-01,庄斌,不通过,,,,,,,,,,,,否
RES01042,客服主管,客服部,前程无忧,2025-01-21,通过,2025-01-26,2025-01-29,崔桂芝,不通过,,,,,,,,,,,,否
RES01043,HRBP,人事部,BOSS直聘,2025-05-02,不通过,,,,,,,,,,,,,,,,否
RES01044,测试工程师,技术部,猎聘,2024-02-27,不通过,,,,,,,,,,,,,,,,否
RES01045,测试工程师,技术部,内部推荐,2024-01-10,不通过,,,,,,,,,,,,,,,,否
RES01046,客服主管,客服部,BOSS直聘,2024-06-24,通过,2024-06-27,2024-07-04,高建,通过,2024-07-06,卢伟,不通过,,,,,,,,,否
RES01047,产品经理,产品部,智联招聘,2024-03-25,通过,2024-03-27,2024-04-04,郭娜,通过,2024-04-01,傅坤,通过,2024-04-12,吕洋,通过,2024-04-17,30k,32075.0,否,,否
RES01048,销售代表,销售部,猎头,2025-05-26,通过,2025-05-27,2025-06-05,陈鑫,通过,2025-06-07,吕桂花,通过,2025-06-13,梁秀荣,不通过,,,,,,否
RES01049,前端开发工程师,技术部,智联招聘,2025-03-20,不通过,,,,,,,,,,,,,,,,否
RES01050,测试工程师,技术部,内部推荐,2024-12-05,通过,2024-12-07,2024-12-08,赵淑兰,候选人放弃,,,,,,,,,,,,否
RES01051,行政专员,人事部,智联招聘,2024-04-07,通过,2024-04-10,2024-04-10,何丽娟,不通过,,,,,,,,,,,,否
RES01052,数据分析师,产品部,内部推荐,2025-06-24,通过,2025-06-25,2025-07-02,吴桂兰,候选人放弃,,,,,,,,,,,,否
RES01053,产品运营,运营部,内部推荐,2024-02-13,通过,2024-02-18,2024-02-19,黄龙,通过,2024-02-27,郭雪,通过,2024-02-25,刘鹏,不通过,,,,,,否
RES01054,HRBP,人事部,猎聘,2024-08-23,通过,2024-08-28,2024-08-29,葛旭,通过,2024-09-05,王东,不通过,,,,,,,,,否
RES01055,HRBP,人事部,校园招聘,2024-08-04,通过,2024-08-07,2024-08-09,张强,不通过,,,,,,,,,,,,否
RES01056,销售代表,销售部,校园招聘,2025-05-01,不通过,,,,,,,,,,,,,,,,否
RES01057,测试工程师,技术部,前程无忧,2024-10-04,不通过,,,,,,,,,,,,,,,,否
RES01058,测试工程师,技术部,BOSS直聘,2024-02-17,不通过,,,,,,,,,,,,,,,,否
RES01059,Java开发工程师,技术部,智联招聘,2024-03-17,不通过,,,,,,,,,,,,,,,,否
RES01060,数据分析师,产品部,内部推荐,2024-10-14,通过,2024-10-15,2024-10-18,王建平,通过,2024-10-24,王辉,通过,2024-10-30,张金凤,不通过,,,,,,否
RES01061,财务会计,财务部,猎聘,2024-02-03,通过,2024-02-04,2024-02-10,张桂珍,候选人放弃,,,,,,,,,,,,否
RES01062,市场推广,市场部,BOSS直聘,2024-07-02,不通过,,,,,,,,,,,,,,,,否
RES01063,行政专员,人事部,BOSS直聘,2024-11-18,不通过,,,,,,,,,,,,,,,,否
RES01064,Java开发工程师,技术部,猎聘,2024-01-17,通过,2024-01-21,2024-01-20,聂霞,候选人放弃,,,,,,,,,,,,否
RES01065,市场推广,市场部,BOSS直聘,2024-07-31,不通过,,,,,,,,,,,,,,,,否
RES01066,财务会计,财务部,前程无忧,2024-05-27,不通过,,,,,,,,,,,,,,,,否
RES01067,产品运营,运营部,内部推荐,2025-02-11,不通过,,,,,,,,,,,,,,,,否
RES01068,HRBP,人事部,前程无忧,2024-03-19,不通过,,,,,,,,,,,,,,,,否
RES01069,客服主管,客服部,BOSS直聘,2024-11-02,通过,2024-11-07,2024-11-10,陈岩,通过,2024-11-09,周兰英,通过,2024-11-17,徐秀芳,不通过,,,,,,否
RES01070,销售代表,销售部,BOSS直聘,2024-06-15,通过,2024-06-19,2024-06-18,任玉华,不通过,,,,,,,,,,,,否
RES01071,行政专员,人事部,BOSS直聘,2024-09-03,不通过,,,,,,,,,,,,,,,,否
RES01072,销售代表,销售部,BOSS直聘,2025-02-02,通过,2025-02-07,2025-02-08,刘丽娟,候选人放弃,,,,,,,,,,,,否
RES01073,前端开发工程师,技术部,前程无忧,2024-12-05,不通过,,,,,,,,,,,,,,,,否
RES01074,产品运营,运营部,前程无忧,2025-01-28,不通过,,,,,,,,,,,,,,,,否
RES01075,前端开发工程师,技术部,BOSS直聘,2024-05-23,通过,2024-05-25,2024-05-31,罗军,通过,2024-05-31,王鑫,通过,2024-06-10,王燕,通过,2024-06-07,27k,29045.0,否,,否
RES01076,财务会计,财务部,BOSS直聘,2024-03-21,不通过,,,,,,,,,,,,,,,,否
RES01077,财务会计,财务部,BOSS直聘,2025-05-27,通过,2025-05-31,2025-06-04,朱雪,通过,2025-06-08,谷明,不通过,,,,,,,,,否
RES01078,产品经理,产品部,猎头,2024-12-20,通过,2024-12-22,2024-12-30,刘玉,候选人放弃,,,,,,,,,,,,否
RES01079,财务会计,财务部,智联招聘,2024-02-24,不通过,,,,,,,,,,,,,,,,否
RES01080,Java开发工程师,技术部,校园招聘,2024-04-10,不通过,,,,,,,,,,,,,,,,否
RES01081,Java开发工程师,技术部,内部推荐,2025-03-23,通过,2025-03-24,2025-04-01,刘建平,通过,2025-03-31,李娜,通过,2025-04-04,林刚,通过,2025-04-14,9k,9406.0,是,2025-04-24,是
RES01082,客服主管,客服部,前程无忧,2024-08-25,通过,2024-08-26,2024-09-03,张杨,通过,2024-09-07,邓想,通过,2024-09-06,王林,通过,2024-09-16,20k,20432.0,是,2024-10-13,是
RES01083,HRBP,人事部,猎聘,2024-03-18,通过,2024-03-19,2024-03-26,王桂珍,通过,2024-03-26,郭斌,通过,2024-03-31,包健,通过,2024-04-11,33k,36175.0,否,,否
RES01084,测试工程师,技术部,BOSS直聘,2024-12-14,通过,2024-12-19,2024-12-23,伍柳,通过,2024-12-28,李建军,通过,2024-12-28,李林,通过,2024-12-29,9k,9238.0,是,2025-01-29,试用期离职
RES01085,销售代表,销售部,猎聘,2025-02-10,不通过,,,,,,,,,,,,,,,,否
RES01086,HRBP,人事部,BOSS直聘,2024-11-30,通过,2024-12-05,2024-12-10,潘秀华,通过,2024-12-12,陈志强,通过,2024-12-12,施雪,通过,2024-12-23,27k,28074.0,是,2025-01-06,是
RES01087,HRBP,人事部,内部推荐,2024-01-31,不通过,,,,,,,,,,,,,,,,否
RES01088,Java开发工程师,技术部,BOSS直聘,2024-10-06,不通过,,,,,,,,,,,,,,,,否
RES01089,销售代表,销售部,内部推荐,2025-04-06,通过,2025-04-08,2025-04-12,杨小红,候选人放弃,,,,,,,,,,,,否
RES01090,客服主管,客服部,BOSS直聘,2025-05-17,不通过,,,,,,,,,,,,,,,,否
RES01091,产品运营,运营部,校园招聘,2024-08-21,不通过,,,,,,,,,,,,,,,,否
RES01092,产品经理,产品部,智联招聘,2024-12-30,不通过,,,,,,,,,,,,,,,,否
RES01093,Java开发工程师,技术部,猎聘,2025-01-19,不通过,,,,,,,,,,,,,,,,否
RES01094,前端开发工程师,技术部,前程无忧,2025-03-18,不通过,,,,,,,,,,,,,,,,否
RES01095,产品经理,产品部,智联招聘,2024-07-09,不通过,,,,,,,,,,,,,,,,否
RES01096,产品运营,运营部,猎聘,2025-01-24,通过,2025-01-29,2025-01-31,王桂芳,不通过,,,,,,,,,,,,否
RES01097,财务会计,财务部,校园招聘,2024-03-28,不通过,,,,,,,,,,,,,,,,否
RES01098,HRBP,人事部,BOSS直聘,2024-10-29,通过,2024-11-02,2024-11-08,贾东,通过,2024-11-05,蔡志强,通过,2024-11-13,魏淑华,通过,2024-11-20,28k,26812.0,是,2024-12-22,试用期离职
RES01099,数据分析师,产品部,校园招聘,2024-09-09,不通过,,,,,,,,,,,,,,,,否
RES01100,行政专员,人事部,前程无忧,2024-03-16,不通过,,,,,,,,,,,,,,,,否
RES01101,客服主管,客服部,内部推荐,2024-03-25,通过,2024-03-27,2024-04-02,李桂兰,通过,2024-04-06,葛海燕,通过,2024-04-07,吴杨,通过,2024-04-11,17k,17312.0,是,2024-05-23,是
RES01102,HRBP,人事部,智联招聘,2024-10-01,通过,2024-10-02,2024-10-08,高军,通过,2024-10-12,吴梅,通过,2024-10-18,杜波,不通过,,,,,,否
RES01103,财务会计,财务部,智联招聘,2024-06-06,不通过,,,,,,,,,,,,,,,,否
RES01104,产品运营,运营部,校园招聘,2025-01-24,不通过,,,,,,,,,,,,,,,,否
RES01105,前端开发工程师,技术部,智联招聘,2024-06-06,通过,2024-06-08,2024-06-09,张欢,通过,2024-06-15,解颖,不通过,,,,,,,,,否
RES01106,客服主管,客服部,前程无忧,2025-02-02,不通过,,,,,,,,,,,,,,,,否
RES01107,客服主管,客服部,BOSS直聘,2024-11-20,不通过,,,,,,,,,,,,,,,,否
RES01108,产品运营,运营部,BOSS直聘,2025-01-04,通过,2025-01-06,2025-01-10,徐海燕,通过,2025-01-16,时芳,通过,2025-01-24,周霞,通过,2025-01-28,22k,23892.0,是,2025-02-07,是
RES01109,测试工程师,技术部,猎聘,2024-04-19,通过,2024-04-21,2024-04-28,何秀华,通过,2024-05-01,曹琴,不通过,,,,,,,,,否
RES01110,产品经理,产品部,猎聘,2024-04-03,不通过,,,,,,,,,,,,,,,,否
RES01111,市场推广,市场部,前程无忧,2024-01-06,不通过,,,,,,,,,,,,,,,,否
RES01112,数据分析师,产品部,BOSS直聘,2024-11-11,通过,2024-11-12,2024-11-17,郭斌,候选人放弃,,,,,,,,,,,,否
RES01113,HRBP,人事部,智联招聘,2025-03-31,不通过,,,,,,,,,,,,,,,,否
RES01114,产品经理,产品部,智联招聘,2025-01-03,不通过,,,,,,,,,,,,,,,,否
RES01115,Java开发工程师,技术部,前程无忧,2024-10-03,通过,2024-10-05,2024-10-10,李丽丽,通过,2024-10-18,宋东,不通过,,,,,,,,,否
RES01116,产品运营,运营部,校园招聘,2024-04-14,不通过,,,,,,,,,,,,,,,,否
RES01117,Java开发工程师,技术部,内部推荐,2024-05-15,不通过,,,,,,,,,,,,,,,,否
RES01118,前端开发工程师,技术部,BOSS直聘,2024-03-30,通过,2024-03-31,2024-04-03,孙静,候选人放弃,,,,,,,,,,,,否
RES01119,产品经理,产品部,校园招聘,2024-07-10,通过,2024-07-14,2024-07-18,王飞,候选人放弃,,,,,,,,,,,,否
RES01120,行政专员,人事部,智联招聘,2025-03-17,不通过,,,,,,,,,,,,,,,,否
RES01121,市场推广,市场部,内部推荐,2025-04-04,通过,2025-04-07,2025-04-14,师慧,候选人放弃,,,,,,,,,,,,否
RES01122,产品运营,运营部,BOSS直聘,2025-06-08,不通过,,,,,,,,,,,,,,,,否
RES01123,产品运营,运营部,猎聘,2025-02-21,不通过,,,,,,,,,,,,,,,,否
RES01124,市场推广,市场部,BOSS直聘,2024-04-15,通过,2024-04-19,2024-04-18,王秀兰,候选人放弃,,,,,,,,,,,,否
RES01125,客服主管,客服部,智联招聘,2024-01-27,通过,2024-01-29,2024-02-05,王建,通过,2024-02-09,杜亮,通过,2024-02-10,王萍,不通过,,,,,,否
RES01126,财务会计,财务部,BOSS直聘,2024-04-01,不通过,,,,,,,,,,,,,,,,否
RES01127,前端开发工程师,技术部,BOSS直聘,2024-12-28,不通过,,,,,,,,,,,,,,,,否
RES01128,产品经理,产品部,BOSS直聘,2024-04-05,不通过,,,,,,,,,,,,,,,,否
RES01129,产品运营,运营部,BOSS直聘,2024-11-28,通过,2024-11-29,2024-12-06,姜秀华,通过,2024-12-05,陈洁,通过,2024-12-15,陈建,通过,2024-12-19,22k,22635.0,是,2025-01-22,是
RES01130,产品运营,运营部,BOSS直聘,2025-01-29,通过,2025-01-30,2025-02-04,杨建,通过,2025-02-06,任刚,通过,2025-02-11,朱婷婷,通过,2025-02-17,24k,24503.0,是,2025-03-25,是
RES01131,市场推广,市场部,猎聘,2024-01-13,通过,2024-01-14,2024-01-16,关涛,通过,2024-01-25,刘彬,通过,2024-01-30,张丽丽,通过,2024-02-01,17k,18797.0,否,,否
RES01132,行政专员,人事部,BOSS直聘,2024-10-25,不通过,,,,,,,,,,,,,,,,否
RES01133,市场推广,市场部,前程无忧,2025-02-27,通过,2025-03-04,2025-03-06,覃玉珍,候选人放弃,,,,,,,,,,,,否
RES01134,市场推广,市场部,BOSS直聘,2025-02-01,通过,2025-02-04,2025-02-09,金秀珍,通过,2025-02-14,段俊,不通过,,,,,,,,,否
RES01135,HRBP,人事部,校园招聘,2024-03-27,不通过,,,,,,,,,,,,,,,,否
RES01136,产品经理,产品部,校园招聘,2024-09-05,不通过,,,,,,,,,,,,,,,,否
RES01137,数据分析师,产品部,BOSS直聘,2025-06-17,不通过,,,,,,,,,,,,,,,,否
RES01138,客服主管,客服部,前程无忧,2024-06-22,通过,2024-06-27,2024-07-01,李博,通过,2024-07-02,杨玉华,通过,2024-07-12,梁强,通过,2024-07-16,33k,34109.0,是,2024-08-17,是
RES01139,市场推广,市场部,BOSS直聘,2025-01-24,不通过,,,,,,,,,,,,,,,,否
RES01140,行政专员,人事部,校园招聘,2024-06-22,不通过,,,,,,,,,,,,,,,,否
RES01141,客服主管,客服部,前程无忧,2024-05-22,通过,2024-05-26,2024-06-01,李宁,通过,2024-05-29,魏芳,不通过,,,,,,,,,否
RES01142,销售代表,销售部,BOSS直聘,2024-10-02,不通过,,,,,,,,,,,,,,,,否
RES01143,产品经理,产品部,智联招聘,2024-11-04,不通过,,,,,,,,,,,,,,,,否
RES01144,产品运营,运营部,BOSS直聘,2024-10-01,通过,2024-10-02,2024-10-09,张军,通过,2024-10-14,伍宇,通过,2024-10-19,高兵,通过,2024-10-24,17k,17198.0,是,2024-11-25,是
RES01145,测试工程师,技术部,智联招聘,2025-05-19,通过,2025-05-22,2025-05-28,李畅,候选人放弃,,,,,,,,,,,,否
RES01146,销售代表,销售部,猎聘,2024-05-29,不通过,,,,,,,,,,,,,,,,否
RES01147,客服主管,客服部,智联招聘,2024-03-05,通过,2024-03-09,2024-03-14,杨健,通过,2024-03-13,马莉,通过,2024-03-24,廖红,通过,2024-03-30,17k,16519.0,是,2024-04-21,是
RES01148,客服主管,客服部,智联招聘,2024-06-20,不通过,,,,,,,,,,,,,,,,否
RES01149,产品经理,产品部,BOSS直聘,2025-03-21,不通过,,,,,,,,,,,,,,,,否
RES01150,财务会计,财务部,BOSS直聘,2024-10-09,通过,2024-10-11,2024-10-18,曹海燕,通过,2024-10-19,刘冬梅,通过,2024-10-29,高辉,通过,2024-10-25,22k,20871.0,是,2024-11-13,是
RES01151,HRBP,人事部,BOSS直聘,2025-03-07,不通过,,,,,,,,,,,,,,,,否
RES01152,产品运营,运营部,内部推荐,2024-11-02,通过,2024-11-03,2024-11-11,张桂兰,通过,2024-11-10,梁淑珍,通过,2024-11-17,黄丽娟,通过,2024-11-19,14k,14178.0,是,2024-12-23,是
RES01153,销售代表,销售部,BOSS直聘,2025-05-10,不通过,,,,,,,,,,,,,,,,否
RES01154,市场推广,市场部,前程无忧,2024-03-19,不通过,,,,,,,,,,,,,,,,否
RES01155,前端开发工程师,技术部,智联招聘,2025-01-04,不通过,,,,,,,,,,,,,,,,否
RES01156,数据分析师,产品部,BOSS直聘,2024-09-14,不通过,,,,,,,,,,,,,,,,否
RES01157,财务会计,财务部,猎聘,2024-09-09,不通过,,,,,,,,,,,,,,,,否
RES01158,产品运营,运营部,智联招聘,2025-05-22,通过,2025-05-23,2025-05-26,刘玲,不通过,,,,,,,,,,,,否
RES01159,前端开发工程师,技术部,智联招聘,2024-07-19,不通过,,,,,,,,,,,,,,,,否
RES01160,数据分析师,产品部,前程无忧,2025-04-13,不通过,,,,,,,,,,,,,,,,否
RES01161,HRBP,人事部,前程无忧,2024-04-19,通过,2024-04-22,2024-04-29,胡桂芳,不通过,,,,,,,,,,,,否
RES01162,数据分析师,产品部,智联招聘,2024-05-18,不通过,,,,,,,,,,,,,,,,否
RES01163,测试工程师,技术部,前程无忧,2024-11-07,通过,2024-11-08,2024-11-17,程霞,通过,2024-11-18,严欢,通过,2024-11-21,单芳,通过,2024-11-28,16k,15127.0,是,2024-12-20,是
RES01164,前端开发工程师,技术部,猎聘,2024-01-07,不通过,,,,,,,,,,,,,,,,否
RES01165,市场推广,市场部,BOSS直聘,2025-02-09,通过,2025-02-14,2025-02-12,殷鹏,通过,2025-02-18,刘红,通过,2025-03-01,门娟,通过,2025-02-28,29k,32329.0,是,2025-04-03,是
RES01166,前端开发工程师,技术部,智联招聘,2024-12-06,不通过,,,,,,,,,,,,,,,,否
RES01167,财务会计,财务部,BOSS直聘,2025-01-24,不通过,,,,,,,,,,,,,,,,否
RES01168,Java开发工程师,技术部,BOSS直聘,2024-12-03,不通过,,,,,,,,,,,,,,,,否
RES01169,财务会计,财务部,前程无忧,2025-03-26,通过,2025-03-29,2025-03-30,张兰英,通过,2025-04-07,彭玉英,通过,2025-04-09,张宁,通过,2025-04-14,14k,14812.0,是,2025-04-27,是
RES01170,市场推广,市场部,校园招聘,2024-12-08,不通过,,,,,,,,,,,,,,,,否
RES01171,销售代表,销售部,校园招聘,2025-03-16,不通过,,,,,,,,,,,,,,,,否
RES01172,Java开发工程师,技术部,BOSS直聘,2024-05-19,通过,2024-05-23,2024-05-22,何旭,不通过,,,,,,,,,,,,否
RES01173,HRBP,人事部,智联招聘,2024-11-03,通过,2024-11-04,2024-11-11,黄建,通过,2024-11-17,王华,不通过,,,,,,,,,否
RES01174,财务会计,财务部,前程无忧,2024-11-24,不通过,,,,,,,,,,,,,,,,否
RES01175,Java开发工程师,技术部,BOSS直聘,2024-07-24,通过,2024-07-29,2024-08-03,郑秀荣,候选人放弃,,,,,,,,,,,,否
RES01176,客服主管,客服部,内部推荐,2025-05-05,通过,2025-05-08,2025-05-08,刘磊,通过,2025-05-14,李柳,通过,2025-05-25,刘勇,通过,2025-05-26,13k,12376.0,是,2025-06-25,是
RES01177,财务会计,财务部,内部推荐,2024-11-17,通过,2024-11-19,2024-11-20,冉玉珍,通过,2024-12-02,张明,不通过,,,,,,,,,否
RES01178,Java开发工程师,技术部,校园招聘,2024-06-30,不通过,,,,,,,,,,,,,,,,否
RES01179,产品经理,产品部,BOSS直聘,2025-02-11,不通过,,,,,,,,,,,,,,,,否
RES01180,销售代表,销售部,BOSS直聘,2024-11-22,不通过,,,,,,,,,,,,,,,,否
RES01181,产品运营,运营部,内部推荐,2024-10-25,不通过,,,,,,,,,,,,,,,,否
RES01182,前端开发工程师,技术部,猎聘,2025-05-17,不通过,,,,,,,,,,,,,,,,否
RES01183,Java开发工程师,技术部,校园招聘,2024-09-05,不通过,,,,,,,,,,,,,,,,否
RES01184,产品运营,运营部,BOSS直聘,2024-11-29,不通过,,,,,,,,,,,,,,,,否
RES01185,财务会计,财务部,前程无忧,2025-01-20,不通过,,,,,,,,,,,,,,,,否
RES01186,数据分析师,产品部,前程无忧,2024-10-14,不通过,,,,,,,,,,,,,,,,否
RES01187,产品运营,运营部,BOSS直聘,2025-02-06,通过,2025-02-07,2025-02-15,王海燕,通过,2025-02-16,李志强,不通过,,,,,,,,,否
RES01188,客服主管,客服部,前程无忧,2025-01-08,不通过,,,,,,,,,,,,,,,,否
RES01189,行政专员,人事部,前程无忧,2024-04-26,通过,2024-04-27,2024-04-29,任霞,通过,2024-05-08,陈敏,不通过,,,,,,,,,否
RES01190,行政专员,人事部,BOSS直聘,2024-07-23,不通过,,,,,,,,,,,,,,,,否
RES01191,销售代表,销售部,BOSS直聘,2024-07-03,不通过,,,,,,,,,,,,,,,,否
RES01192,测试工程师,技术部,猎聘,2024-01-28,通过,2024-01-29,2024-02-02,姚杰,候选人放弃,,,,,,,,,,,,否
RES01193,Java开发工程师,技术部,智联招聘,2025-04-17,不通过,,,,,,,,,,,,,,,,否
RES01194,客服主管,客服部,校园招聘,2024-08-02,通过,2024-08-07,2024-08-10,阮英,通过,2024-08-12,李秀兰,通过,2024-08-22,何健,通过,2024-08-23,22k,20350.0,是,2024-09-12,是
RES01195,前端开发工程师,技术部,智联招聘,2025-03-24,通过,2025-03-27,2025-03-30,牛佳,通过,2025-04-01,张丹,通过,2025-04-09,姜秀荣,通过,2025-04-18,28k,27698.0,是,2025-04-29,是
RES01196,HRBP,人事部,BOSS直聘,2024-10-25,不通过,,,,,,,,,,,,,,,,否
RES01197,市场推广,市场部,猎头,2024-03-11,通过,2024-03-12,2024-03-16,张阳,通过,2024-03-19,来秀兰,通过,2024-03-29,刘宁,通过,2024-04-05,33k,34566.0,是,2024-04-30,是
RES01198,销售代表,销售部,校园招聘,2025-02-22,不通过,,,,,,,,,,,,,,,,否
RES01199,市场推广,市场部,BOSS直聘,2025-05-26,不通过,,,,,,,,,,,,,,,,否
RES01200,行政专员,人事部,内部推荐,2024-05-22,不通过,,,,,,,,,,,,,,,,否
RES01201,数据分析师,产品部,BOSS直聘,2024-11-06,通过,2024-11-07,2024-11-16,张磊,候选人放弃,,,,,,,,,,,,否
RES01202,产品经理,产品部,BOSS直聘,2024-09-04,不通过,,,,,,,,,,,,,,,,否
RES01203,HRBP,人事部,BOSS直聘,2024-09-15,不通过,,,,,,,,,,,,,,,,否
RES01204,HRBP,人事部,BOSS直聘,2024-06-06,通过,2024-06-11,2024-06-12,谢玉英,通过,2024-06-14,刘鹏,通过,2024-06-24,蒋冬梅,通过,2024-06-24,28k,25926.0,是,2024-07-21,是
RES01205,市场推广,市场部,内部推荐,2025-03-09,通过,2025-03-11,2025-03-15,张斌,通过,2025-03-23,王晶,不通过,,,,,,,,,否
RES01206,产品经理,产品部,猎聘,2025-01-21,不通过,,,,,,,,,,,,,,,,否
RES01207,测试工程师,技术部,猎头,2024-03-16,通过,2024-03-19,2024-03-19,郭荣,通过,2024-03-29,李亮,通过,2024-04-01,熊淑兰,通过,2024-03-31,15k,16579.0,是,2024-04-22,是
RES01208,测试工程师,技术部,猎聘,2025-04-04,通过,2025-04-06,2025-04-10,王岩,候选人放弃,,,,,,,,,,,,否
RES01209,测试工程师,技术部,智联招聘,2025-05-05,不通过,,,,,,,,,,,,,,,,否
RES01210,财务会计,财务部,猎聘,2025-02-14,通过,2025-02-17,2025-02-17,欧瑜,通过,2025-02-28,杨文,通过,2025-03-01,王燕,通过,2025-03-01,28k,31618.0,否,,否
RES01211,数据分析师,产品部,猎头,2025-06-02,通过,2025-06-04,2025-06-08,吴坤,通过,2025-06-10,吕健,通过,2025-06-21,杨柳,通过,2025-06-21,13k,13972.0,是,2025-07-07,是
RES01212,产品运营,运营部,猎聘,2025-03-04,通过,2025-03-09,2025-03-10,张玉,通过,2025-03-18,古英,通过,2025-03-21,廖建平,通过,2025-03-25,20k,19023.0,是,2025-04-19,是
RES01213,销售代表,销售部,内部推荐,2024-02-07,通过,2024-02-09,2024-02-10,汪桂珍,不通过,,,,,,,,,,,,否
RES01214,客服主管,客服部,校园招聘,2025-01-03,不通过,,,,,,,,,,,,,,,,否
RES01215,HRBP,人事部,BOSS直聘,2024-03-28,不通过,,,,,,,,,,,,,,,,否
RES01216,市场推广,市场部,猎聘,2024-04-21,通过,2024-04-24,2024-04-26,马秀兰,通过,2024-05-05,任文,通过,2024-05-07,黄林,通过,2024-05-12,26k,26980.0,是,2024-05-25,是
RES01217,产品运营,运营部,校园招聘,2024-09-11,通过,2024-09-13,2024-09-19,张凤兰,通过,2024-09-24,叶梅,通过,2024-09-28,罗建国,不通过,,,,,,否
RES01218,行政专员,人事部,猎头,2024-12-29,通过,2025-01-01,2025-01-02,王芳,通过,2025-01-05,李帅,通过,2025-01-11,冯雷,不通过,,,,,,否
RES01219,客服主管,客服部,BOSS直聘,2024-06-19,不通过,,,,,,,,,,,,,,,,否
RES01220,市场推广,市场部,前程无忧,2024-02-15,不通过,,,,,,,,,,,,,,,,否
RES01221,销售代表,销售部,猎聘,2025-02-13,通过,2025-02-17,2025-02-21,余莉,候选人放弃,,,,,,,,,,,,否
RES01222,前端开发工程师,技术部,BOSS直聘,2024-12-05,不通过,,,,,,,,,,,,,,,,否
RES01223,HRBP,人事部,前程无忧,2025-03-16,不通过,,,,,,,,,,,,,,,,否
RES01224,数据分析师,产品部,BOSS直聘,2024-04-18,不通过,,,,,,,,,,,,,,,,否
RES01225,测试工程师,技术部,智联招聘,2024-01-11,不通过,,,,,,,,,,,,,,,,否
RES01226,行政专员,人事部,智联招聘,2024-04-10,不通过,,,,,,,,,,,,,,,,否
RES01227,销售代表,销售部,前程无忧,2024-09-21,不通过,,,,,,,,,,,,,,,,否
RES01228,Java开发工程师,技术部,智联招聘,2024-08-15,不通过,,,,,,,,,,,,,,,,否
RES01229,行政专员,人事部,前程无忧,2025年06月6日,通过,2025-06-07,2025-06-09,黄凯,不通过,,,,,,,,,,,,否
RES01230,客服主管,客服部,BOSS直聘,2025-06-15,不通过,,,,,,,,,,,,,,,,否
RES01231,Java开发工程师,技术部,BOSS直聘,2024-08-14,不通过,,,,,,,,,,,,,,,,否
RES01232,行政专员,人事部,BOSS直聘,2025-04-01,通过,2025-04-05,2025-04-08,尹瑞,通过,2025-04-10,胡红梅,通过,2025-04-14,汪秀云,通过,2025-04-26,31k,33929.0,是,2025-05-19,试用期离职
RES01233,市场推广,市场部,BOSS直聘,2025-01-18,通过,2025-01-20,2025-01-27,刁淑华,通过,2025-01-29,郭玉珍,通过,2025-02-07,李兵,通过,2025-02-12,20k,20896.0,否,,否
RES01234,测试工程师,技术部,前程无忧,2025-02-04,不通过,,,,,,,,,,,,,,,,否
RES01235,前端开发工程师,技术部,内部推荐,2025-04-19,不通过,,,,,,,,,,,,,,,,否
RES01236,产品运营,运营部,BOSS直聘,2025-05-27,不通过,,,,,,,,,,,,,,,,否
RES01237,前端开发工程师,技术部,BOSS直聘,2024-06-03,通过,2024-06-08,2024-06-08,童莹,不通过,,,,,,,,,,,,否
RES01238,前端开发工程师,技术部,内部推荐,2024-12-19,通过,2024-12-21,2024-12-26,郭秀英,不通过,,,,,,,,,,,,否
RES01239,市场推广,市场部,智联招聘,2024-01-26,通过,2024-01-28,2024-01-30,刘建平,通过,2024-02-08,孙桂花,通过,2024-02-11,邹倩,通过,2024-02-16,13k,12711.0,是,2024-02-29,是
RES01240,产品经理,产品部,猎头,2025-05-09,通过,2025-05-10,2025-05-15,邓波,通过,2025-05-16,谢秀荣,通过,2025-05-24,裴成,通过,2025-05-28,21k,21141.0,否,,否
RES01241,行政专员,人事部,猎聘,2024-04-17,通过,2024-04-19,2024-04-21,刘红,通过,2024-04-28,陈博,通过,2024-04-29,赵娟,通过,2024-05-11,15k,15623.0,是,2024-05-20,是
RES01242,产品运营,运营部,智联招聘,2024-10-29,通过,2024-10-30,2024-11-02,李秀兰,通过,2024-11-05,张兵,通过,2024-11-18,杨兰英,通过,2024-11-17,23k,23793.0,是,2024-12-11,是
RES01243,财务会计,财务部,BOSS直聘,2025-03-01,不通过,,,,,,,,,,,,,,,,否
RES01244,测试工程师,技术部,前程无忧,2024-03-28,不通过,,,,,,,,,,,,,,,,否
RES01245,市场推广,市场部,BOSS直聘,2024-04-28,通过,2024-04-30,2024-05-07,蔡瑞,候选人放弃,,,,,,,,,,,,否
RES01246,产品经理,产品部,BOSS直聘,2024-05-25,不通过,,,,,,,,,,,,,,,,否
RES01247,市场推广,市场部,BOSS直聘,2024-12-22,通过,2024-12-25,2024-12-25,陈雷,通过,2025-01-04,王春梅,通过,2025-01-05,杨晶,通过,2025-01-06,27k,25632.0,是,2025-02-20,是
RES01248,测试工程师,技术部,内部推荐,2024-11-15,不通过,,,,,,,,,,,,,,,,否
RES01249,数据分析师,产品部,前程无忧,2024-12-17,不通过,,,,,,,,,,,,,,,,否
RES01250,产品经理,产品部,BOSS直聘,2025-04-11,不通过,,,,,,,,,,,,,,,,否
RES01251,前端开发工程师,技术部,猎聘,2024-07-30,不通过,,,,,,,,,,,,,,,,否
RES01252,测试工程师,技术部,智联招聘,2025-06-17,不通过,,,,,,,,,,,,,,,,否
RES01253,HRBP,人事部,前程无忧,2025-05-09,不通过,,,,,,,,,,,,,,,,否
RES01254,HRBP,人事部,BOSS直聘,2024-12-22,通过,2024-12-25,2024-12-30,程玉,通过,2025-01-03,王明,不通过,,,,,,,,,否
RES01255,Java开发工程师,技术部,前程无忧,2025-05-02,不通过,,,,,,,,,,,,,,,,否
RES01256,财务会计,财务部,猎头,2024-04-09,通过,2024-04-13,2024-04-13,陈东,通过,2024-04-23,辛海燕,通过,2024-04-22,袁洋,不通过,,,,,,否
RES01257,测试工程师,技术部,BOSS直聘,2025-03-24,不通过,,,,,,,,,,,,,,,,否
RES01258,产品运营,运营部,BOSS直聘,2025-04-08,通过,2025-04-10,2025-04-11,魏林,候选人放弃,,,,,,,,,,,,否
RES01259,数据分析师,产品部,BOSS直聘,2024-11-22,通过,2024-11-23,2024-12-02,张秀云,通过,2024-12-06,唐秀荣,通过,2024-12-11,彭璐,不通过,,,,,,否
RES01260,测试工程师,技术部,BOSS直聘,2024-03-09,不通过,,,,,,,,,,,,,,,,否
RES01261,产品经理,产品部,智联招聘,2024-11-03,通过,2024-11-05,2024-11-07,陈红霞,通过,2024-11-10,张超,通过,2024-11-20,冯琳,通过,2024-11-24,33k,31655.0,否,,否
RES01262,行政专员,人事部,内部推荐,2024-02-15,不通过,,,,,,,,,,,,,,,,否
RES01263,前端开发工程师,技术部,校园招聘,2024-04-27,不通过,,,,,,,,,,,,,,,,否
RES01264,客服主管,客服部,BOSS直聘,2024-01-24,不通过,,,,,,,,,,,,,,,,否
RES01265,行政专员,人事部,前程无忧,2024-12-17,不通过,,,,,,,,,,,,,,,,否
RES01266,行政专员,人事部,猎聘,2024-04-21,不通过,,,,,,,,,,,,,,,,否
RES01267,产品经理,产品部,前程无忧,2024-06-17,不通过,,,,,,,,,,,,,,,,否
RES01268,产品运营,运营部,智联招聘,2024-09-06,不通过,,,,,,,,,,,,,,,,否
RES01269,前端开发工程师,技术部,BOSS直聘,2025-06-12,不通过,,,,,,,,,,,,,,,,否
RES01270,前端开发工程师,技术部,前程无忧,2024-06-27,不通过,,,,,,,,,,,,,,,,否
RES01271,产品运营,运营部,智联招聘,2024-06-12,通过,2024-06-17,2024-06-16,叶莹,候选人放弃,,,,,,,,,,,,否
RES01272,HRBP,人事部,内部推荐,2024-12-04,不通过,,,,,,,,,,,,,,,,否
RES01273,销售代表,销售部,内部推荐,2025-03-12,通过,2025-03-16,2025-03-21,曾佳,通过,2025-03-22,李杰,不通过,,,,,,,,,否
RES01274,Java开发工程师,技术部,BOSS直聘,2025-04-18,通过,2025-04-21,2025-04-22,王红霞,通过,2025-04-28,杨旭,通过,2025-05-01,陈秀梅,通过,2025-05-12,20k,18555.0,是,2025-05-30,是
RES01275,市场推广,市场部,BOSS直聘,2024-08-25,通过,2024-08-26,2024-09-03,马倩,通过,2024-09-06,薛淑英,不通过,,,,,,,,,否
RES01276,Java开发工程师,技术部,校园招聘,2025-02-18,不通过,,,,,,,,,,,,,,,,否
RES01277,HRBP,人事部,前程无忧,2024-07-07,不通过,,,,,,,,,,,,,,,,否
RES01278,产品经理,产品部,校园招聘,2024-07-09,不通过,,,,,,,,,,,,,,,,否
RES01279,产品经理,产品部,BOSS直聘,2025-03-18,通过,2025-03-23,2025-03-27,阎俊,通过,2025-04-01,梁淑英,通过,2025-04-03,范畅,通过,2025-04-05,24k,25255.0,是,2025-04-26,是
RES01280,财务会计,财务部,前程无忧,2025-02-09,不通过,,,,,,,,,,,,,,,,否
RES01281,Java开发工程师,技术部,前程无忧,2024-01-30,不通过,,,,,,,,,,,,,,,,否
RES01282,Java开发工程师,技术部,校园招聘,2024-07-21,不通过,,,,,,,,,,,,,,,,否
RES01283,市场推广,市场部,BOSS直聘,2025-04-05,不通过,,,,,,,,,,,,,,,,否
RES01284,产品经理,产品部,BOSS直聘,2025-03-15,通过,2025-03-16,2025-03-25,颜柳,通过,2025-03-25,刘平,不通过,,,,,,,,,否
RES01285,行政专员,人事部,智联招聘,2025-02-02,不通过,,,,,,,,,,,,,,,,否
RES01286,Java开发工程师,技术部,校园招聘,2024-01-05,不通过,,,,,,,,,,,,,,,,否
RES01287,市场推广,市场部,校园招聘,2024-08-07,不通过,,,,,,,,,,,,,,,,否
RES01288,产品运营,运营部,猎头,2024-07-29,不通过,,,,,,,,,,,,,,,,否
RES01289,客服主管,客服部,猎头,2024-10-12,通过,2024-10-14,2024-10-15,柳林,通过,2024-10-21,黄鑫,不通过,,,,,,,,,否
RES01290,产品运营,运营部,BOSS直聘,2024-03-05,不通过,,,,,,,,,,,,,,,,否
RES01291,市场推广,市场部,BOSS直聘,2024-04-14,不通过,,,,,,,,,,,,,,,,否
RES01292,行政专员,人事部,BOSS直聘,2024-07-10,通过,2024-07-12,2024-07-19,林伟,候选人放弃,,,,,,,,,,,,否
RES01293,财务会计,财务部,智联招聘,2025-01-09,不通过,,,,,,,,,,,,,,,,否
RES01294,产品经理,产品部,内部推荐,2024-11-29,不通过,,,,,,,,,,,,,,,,否
RES01295,财务会计,财务部,校园招聘,2024-07-20,不通过,,,,,,,,,,,,,,,,否
RES01296,财务会计,财务部,BOSS直聘,2025-04-13,不通过,,,,,,,,,,,,,,,,否
RES01297,市场推广,市场部,前程无忧,2024-04-26,不通过,,,,,,,,,,,,,,,,否
RES01298,产品经理,产品部,校园招聘,2024-09-25,不通过,,,,,,,,,,,,,,,,否
RES01299,前端开发工程师,技术部,智联招聘,2025-05-16,不通过,,,,,,,,,,,,,,,,否
RES01300,客服主管,客服部,BOSS直聘,2025-06-24,不通过,,,,,,,,,,,,,,,,否
RES01301,Java开发工程师,技术部,智联招聘,2024-11-16,通过,2024-11-21,2024-11-21,钟建国,通过,2024-11-23,曾婷,通过,2024-12-02,洪彬,不通过,,,,,,否
RES01302,财务会计,财务部,智联招聘,2025-02-01,不通过,,,,,,,,,,,,,,,,否
RES01303,产品运营,运营部,前程无忧,2025-02-05,通过,2025-02-07,2025-02-15,王辉,通过,2025-02-14,李晶,通过,2025-02-20,薛婷,通过,2025-03-02,8k,8070.0,否,,否
RES01304,前端开发工程师,技术部,智联招聘,2024-04-26,通过,2024-04-28,2024-05-05,谭建华,通过,2024-05-05,张红梅,不通过,,,,,,,,,否
RES01305,前端开发工程师,技术部,BOSS直聘,2024-12-22,不通过,,,,,,,,,,,,,,,,否
RES01306,行政专员,人事部,猎头,2024-12-26,通过,2024-12-30,2024-12-29,霍洋,通过,2025-01-10,李梅,通过,2025-01-13,姚桂芝,通过,2025-01-12,28k,29814.0,是,2025-01-28,是
RES01307,财务会计,财务部,前程无忧,2025-04-13,不通过,,,,,,,,,,,,,,,,否
RES01308,测试工程师,技术部,智联招聘,2024-06-25,不通过,,,,,,,,,,,,,,,,否
RES01309,财务会计,财务部,猎头,2024-10-31,不通过,,,,,,,,,,,,,,,,否
RES01310,销售代表,销售部,BOSS直聘,2024-03-27,不通过,,,,,,,,,,,,,,,,否
RES01311,市场推广,市场部,BOSS直聘,2024-05-17,不通过,,,,,,,,,,,,,,,,否
RES01312,行政专员,人事部,内部推荐,2024-11-16,不通过,,,,,,,,,,,,,,,,否
RES01313,前端开发工程师,技术部,BOSS直聘,2024-04-30,不通过,,,,,,,,,,,,,,,,否
RES01314,前端开发工程师,技术部,内部推荐,2024-09-01,不通过,,,,,,,,,,,,,,,,否
RES01315,销售代表,销售部,BOSS直聘,2024-11-08,不通过,,,,,,,,,,,,,,,,否
RES01316,Java开发工程师,技术部,BOSS直聘,2024-04-29,不通过,,,,,,,,,,,,,,,,否
RES01317,HRBP,人事部,前程无忧,2024-07-06,不通过,,,,,,,,,,,,,,,,否
RES01318,产品运营,运营部,BOSS直聘,2025-01-17,通过,2025-01-21,2025-01-21,苏建,通过,2025-01-25,成芳,通过,2025-02-06,雷淑华,通过,2025-02-04,8k,8906.0,否,,否
RES01319,HRBP,人事部,内部推荐,2024-05-24,通过,2024-05-25,2024-06-02,秦秀云,通过,2024-06-06,郑帆,通过,2024-06-07,宋霞,通过,2024-06-09,18k,17028.0,否,,否
RES01320,财务会计,财务部,猎聘,2025-06-07,不通过,,,,,,,,,,,,,,,,否
RES01321,产品经理,产品部,校园招聘,2025-02-01,通过,2025-02-02,2025-02-11,张芳,通过,2025-02-16,何琳,通过,2025-02-14,龚龙,不通过,,,,,,否
RES01322,数据分析师,产品部,内部推荐,2025-03-04,不通过,,,,,,,,,,,,,,,,否
RES01323,行政专员,人事部,BOSS直聘,2024-05-21,通过,2024-05-22,2024-05-26,蓝帅,通过,2024-06-04,萧春梅,通过,2024-06-03,何彬,不通过,,,,,,否
RES01324,财务会计,财务部,内部推荐,2025-01-27,通过,2025-02-01,2025-02-01,解鹏,通过,2025-02-07,陈桂珍,通过,2025-02-08,姜利,不通过,,,,,,否
RES01325,Java开发工程师,技术部,猎聘,2025-03-09,通过,2025-03-10,2025-03-17,魏霞,通过,2025-03-18,薛宇,不通过,,,,,,,,,否
RES01326,HRBP,人事部,猎聘,2024-07-09,不通过,,,,,,,,,,,,,,,,否
RES01327,财务会计,财务部,内部推荐,2025-05-13,不通过,,,,,,,,,,,,,,,,否
RES01328,数据分析师,产品部,前程无忧,2024-06-26,通过,2024-06-29,2024-07-03,萧林,通过,2024-07-10,赖龙,不通过,,,,,,,,,否
RES01329,产品运营,运营部,智联招聘,2024-06-19,通过,2024-06-23,2024-06-27,白淑英,候选人放弃,,,,,,,,,,,,否
RES01330,前端开发工程师,技术部,猎聘,2025-05-16,不通过,,,,,,,,,,,,,,,,否
RES01331,市场推广,市场部,BOSS直聘,2024-10-22,不通过,,,,,,,,,,,,,,,,否
RES01332,客服主管,客服部,BOSS直聘,2024-05-23,不通过,,,,,,,,,,,,,,,,否
RES01333,财务会计,财务部,前程无忧,2024-07-10,不通过,,,,,,,,,,,,,,,,否
RES01334,Java开发工程师,技术部,BOSS直聘,2024-11-18,通过,2024-11-19,2024-11-25,王勇,通过,2024-11-28,吴玉兰,不通过,,,,,,,,,否
RES01335,行政专员,人事部,BOSS直聘,2025-04-06,不通过,,,,,,,,,,,,,,,,否
RES01336,产品经理,产品部,BOSS直聘,2024-02-24,不通过,,,,,,,,,,,,,,,,否
RES01337,产品运营,运营部,前程无忧,2025-01-02,通过,2025-01-05,2025-01-11,顾志强,通过,2025-01-13,郝想,通过,2025-01-16,陈兰英,通过,2025-01-23,22k,21031.0,是,2025-02-14,试用期离职
RES01338,测试工程师,技术部,智联招聘,2024-01-10,通过,2024-01-12,2024-01-17,毛玉华,通过,2024-01-20,张柳,不通过,,,,,,,,,否
RES01339,销售代表,销售部,内部推荐,2025-05-11,不通过,,,,,,,,,,,,,,,,否
RES01340,Java开发工程师,技术部,智联招聘,2024-05-19,不通过,,,,,,,,,,,,,,,,否
RES01341,HRBP,人事部,前程无忧,2024-07-18,不通过,,,,,,,,,,,,,,,,否
RES01342,市场推广,市场部,智联招聘,2025-01-28,不通过,,,,,,,,,,,,,,,,否
RES01343,HRBP,人事部,猎聘,2025-06-01,通过,2025-06-03,2025-06-10,何倩,通过,2025-06-11,崔志强,通过,2025-06-14,孟洋,通过,2025-06-24,11k,12030.0,是,2025-07-11,是
RES01344,前端开发工程师,技术部,智联招聘,2025-05-21,不通过,,,,,,,,,,,,,,,,否
RES01345,数据分析师,产品部,猎头,2025-02-22,通过,2025-02-25,2025-02-28,林斌,通过,2025-03-02,李健,通过,2025-03-09,许勇,通过,2025-03-15,11k,12086.0,是,2025-04-09,是
RES01346,市场推广,市场部,校园招聘,2025-05-18,不通过,,,,,,,,,,,,,,,,否
RES01347,HRBP,人事部,内部推荐,2025-03-01,不通过,,,,,,,,,,,,,,,,否
RES01348,行政专员,人事部,校园招聘,2025-03-30,不通过,,,,,,,,,,,,,,,,否
RES01349,HRBP,人事部,智联招聘,2025-05-15,不通过,,,,,,,,,,,,,,,,否
RES01350,产品运营,运营部,前程无忧,2024-06-20,不通过,,,,,,,,,,,,,,,,否
RES01351,产品运营,运营部,内部推荐,2024-03-25,不通过,,,,,,,,,,,,,,,,否
RES01352,客服主管,客服部,猎聘,2024-02-01,不通过,,,,,,,,,,,,,,,,否
RES01353,HRBP,人事部,校园招聘,2024-08-13,不通过,,,,,,,,,,,,,,,,否
RES01354,行政专员,人事部,猎聘,2024-10-26,不通过,,,,,,,,,,,,,,,,否
RES01355,行政专员,人事部,猎头,2024-02-03,通过,2024-02-07,2024-02-12,张俊,通过,2024-02-12,吕莹,通过,2024-02-23,冉文,通过,2024-02-20,29k,27339.0,是,2024-03-27,是
RES01356,财务会计,财务部,智联招聘,2024-10-08,不通过,,,,,,,,,,,,,,,,否
RES01357,产品经理,产品部,内部推荐,2024-08-18,不通过,,,,,,,,,,,,,,,,否
RES01358,市场推广,市场部,猎聘,2024-10-22,通过,2024-10-24,2024-11-01,康林,不通过,,,,,,,,,,,,否
RES01359,Java开发工程师,技术部,猎聘,2024-06-21,通过,2024-06-24,2024-06-28,郭霞,候选人放弃,,,,,,,,,,,,否
RES01360,销售代表,销售部,智联招聘,2025-04-13,通过,2025-04-17,2025-04-19,曹红霞,候选人放弃,,,,,,,,,,,,否
RES01361,市场推广,市场部,内部推荐,2025-05-22,通过,2025-05-23,2025-05-30,宁畅,不通过,,,,,,,,,,,,否
RES01362,市场推广,市场部,校园招聘,2025-06-07,不通过,,,,,,,,,,,,,,,,否
RES01363,前端开发工程师,技术部,BOSS直聘,2024-04-25,不通过,,,,,,,,,,,,,,,,否
RES01364,测试工程师,技术部,前程无忧,2024-04-26,通过,2024-04-28,2024-04-29,郑博,通过,2024-05-07,陈芳,通过,2024-05-15,王桂香,通过,2024-05-11,21k,22668.0,否,,否
RES01365,市场推广,市场部,智联招聘,2024-10-01,通过,2024-10-05,2024-10-05,宋雪,候选人放弃,,,,,,,,,,,,否
RES01366,前端开发工程师,技术部,猎头,2025-01-10,通过,2025-01-15,2025-01-13,刘玉梅,通过,2025-01-25,张萍,通过,2025-01-25,朱秀珍,通过,2025-02-04,34k,38471.0,否,,否
RES01367,财务会计,财务部,智联招聘,2024-02-12,不通过,,,,,,,,,,,,,,,,否
RES01368,数据分析师,产品部,BOSS直聘,2025-03-27,通过,2025-03-31,2025-04-02,孙淑珍,候选人放弃,,,,,,,,,,,,否
RES01369,产品经理,产品部,智联招聘,2024-08-11,通过,2024-08-14,2024-08-19,蔡红梅,候选人放弃,,,,,,,,,,,,否
RES01370,行政专员,人事部,猎聘,2025-03-11,不通过,,,,,,,,,,,,,,,,否
RES01371,客服主管,客服部,BOSS直聘,2024-04-14,不通过,,,,,,,,,,,,,,,,否
RES01372,行政专员,人事部,前程无忧,2024-09-10,不通过,,,,,,,,,,,,,,,,否
RES01373,HRBP,人事部,校园招聘,2024-10-31,不通过,,,,,,,,,,,,,,,,否
RES01374,销售代表,销售部,校园招聘,2024-02-03,通过,2024-02-05,2024-02-10,李波,通过,2024-02-14,沈娜,通过,2024-02-15,李佳,通过,2024-02-28,26k,26072.0,否,,否
RES01375,产品经理,产品部,BOSS直聘,2025-04-05,不通过,,,,,,,,,,,,,,,,否
RES01376,产品经理,产品部,猎头,2024-09-26,不通过,,,,,,,,,,,,,,,,否
RES01377,财务会计,财务部,猎聘,2024-12-22,不通过,,,,,,,,,,,,,,,,否
RES01378,销售代表,销售部,BOSS直聘,2024-03-30,不通过,,,,,,,,,,,,,,,,否
RES01379,测试工程师,技术部,BOSS直聘,2025-03-25,不通过,,,,,,,,,,,,,,,,否
RES01380,HRBP,人事部,BOSS直聘,2024-04-30,不通过,,,,,,,,,,,,,,,,否
RES01381,HRBP,人事部,内部推荐,2024-08-30,不通过,,,,,,,,,,,,,,,,否
RES01382,客服主管,客服部,BOSS直聘,2024-08-02,通过,2024-08-03,2024-08-09,邱艳,不通过,,,,,,,,,,,,否
RES01383,Java开发工程师,技术部,BOSS直聘,2024-12-25,不通过,,,,,,,,,,,,,,,,否
RES01384,行政专员,人事部,内部推荐,2025-03-14,通过,2025-03-16,2025-03-17,董建国,通过,2025-03-28,邱建平,通过,2025-04-03,萧强,通过,2025-04-06,13k,12803.0,否,,否
RES01385,市场推广,市场部,前程无忧,2024-06-18,通过,2024-06-21,2024-06-27,朱宁,通过,2024-06-30,王丹,通过,2024-07-02,林小红,通过,2024-07-11,34k,32997.0,否,,否
RES01386,销售代表,销售部,内部推荐,2024-05-22,不通过,,,,,,,,,,,,,,,,否
RES01387,HRBP,人事部,内部推荐,2024-07-30,通过,2024-08-01,2024-08-08,司勇,通过,2024-08-09,卢强,通过,2024-08-15,廖敏,通过,2024-08-14,12k,12118.0,是,2024-09-26,是
RES01388,HRBP,人事部,BOSS直聘,2024-07-30,不通过,,,,,,,,,,,,,,,,否
RES01389,Java开发工程师,技术部,校园招聘,2024-03-01,不通过,,,,,,,,,,,,,,,,否
RES01390,产品经理,产品部,BOSS直聘,2024-12-25,不通过,,,,,,,,,,,,,,,,否
RES01391,测试工程师,技术部,前程无忧,2025-06-29,不通过,,,,,,,,,,,,,,,,否
RES01392,HRBP,人事部,猎聘,2024-10-14,通过,2024-10-18,2024-10-19,黄红梅,候选人放弃,,,,,,,,,,,,否
RES01393,数据分析师,产品部,BOSS直聘,2024-06-21,通过,2024-06-25,2024-06-30,宋丽,候选人放弃,,,,,,,,,,,,否
RES01394,数据分析师,产品部,猎头,2024-11-27,通过,2024-11-28,2024-12-02,吴玉英,通过,2024-12-04,张辉,通过,2024-12-12,程颖,通过,2024-12-12,30k,32219.0,是,2025-01-15,是
RES01395,客服主管,客服部,前程无忧,2024-10-26,不通过,,,,,,,,,,,,,,,,否
RES01396,HRBP,人事部,BOSS直聘,2024-10-23,通过,2024-10-27,2024-11-01,吴海燕,通过,2024-11-01,李利,通过,2024-11-06,傅勇,通过,2024-11-10,17k,18130.0,否,,否
RES01397,测试工程师,技术部,校园招聘,2024-09-30,不通过,,,,,,,,,,,,,,,,否
RES01398,HRBP,人事部,前程无忧,2025-06-10,通过,2025-06-14,2025-06-14,王秀梅,通过,2025-06-25,程晶,不通过,,,,,,,,,否
RES01399,Java开发工程师,技术部,猎聘,2024-04-07,不通过,,,,,,,,,,,,,,,,否
RES01400,客服主管,客服部,前程无忧,2024-05-18,通过,2024-05-23,2024-05-24,李红,通过,2024-05-31,潘健,通过,2024-06-02,王帅,通过,2024-06-04,21k,19849.0,是,2024-07-14,是
RES01401,产品运营,运营部,内部推荐,2025-02-25,通过,2025-02-28,2025-03-03,王晨,通过,2025-03-11,张成,通过,2025-03-15,张东,通过,2025-03-22,9k,9312.0,是,2025-04-04,试用期离职
RES01402,前端开发工程师,技术部,BOSS直聘,2024-03-01,不通过,,,,,,,,,,,,,,,,否
RES01403,Java开发工程师,技术部,BOSS直聘,2024-10-10,通过,2024-10-11,2024-10-13,吕建军,通过,2024-10-22,钱丹,通过,2024-10-29,宋婷婷,通过,2024-10-29,27k,25648.0,是,2024-12-09,是
RES01404,产品经理,产品部,智联招聘,2024-05-09,不通过,,,,,,,,,,,,,,,,否
RES01405,产品经理,产品部,BOSS直聘,2024-05-15,通过,2024-05-16,2024-05-23,王雪,通过,2024-05-27,李艳,通过,2024-06-04,王萍,通过,2024-06-08,20k,19119.0,是,2024-07-02,是
RES01406,销售代表,销售部,猎聘,2024-09-12,不通过,,,,,,,,,,,,,,,,否
RES01407,Java开发工程师,技术部,智联招聘,2024-05-29,通过,2024-06-03,2024-06-04,邱桂荣,通过,2024-06-12,黄峰,通过,2024-06-11,郑文,不通过,,,,,,否
RES01408,财务会计,财务部,BOSS直聘,2024-11-25,不通过,,,,,,,,,,,,,,,,否
RES01409,Java开发工程师,技术部,BOSS直聘,2024-09-10,不通过,,,,,,,,,,,,,,,,否
RES01410,产品运营,运营部,猎聘,2025-02-06,通过,2025-02-10,2025-02-11,杨建,通过,2025-02-16,艾成,通过,2025-02-22,蒋帆,通过,2025-03-01,19k,20911.0,是,2025-03-30,是
RES01411,HRBP,人事部,内部推荐,2025-05-16,通过,2025-05-20,2025-05-19,张晨,通过,2025-05-27,毕琳,通过,2025-05-30,万璐,通过,2025-06-04,9k,10354.0,是,2025-07-07,是
RES01412,Java开发工程师,技术部,智联招聘,2024-05-25,不通过,,,,,,,,,,,,,,,,否
RES01413,财务会计,财务部,前程无忧,2024-10-02,不通过,,,,,,,,,,,,,,,,否
RES01414,市场推广,市场部,BOSS直聘,2025-02-28,不通过,,,,,,,,,,,,,,,,否
RES01415,财务会计,财务部,前程无忧,2025-01-19,不通过,,,,,,,,,,,,,,,,否
RES01416,产品经理,产品部,BOSS直聘,2025-04-07,通过,2025-04-11,2025-04-16,孟娟,不通过,,,,,,,,,,,,否
RES01417,产品运营,运营部,前程无忧,2024-03-18,不通过,,,,,,,,,,,,,,,,否
RES01418,HRBP,人事部,猎聘,2024-04-05,通过,2024-04-07,2024-04-11,王红霞,通过,2024-04-12,石岩,通过,2024-04-25,陈平,不通过,,,,,,否
RES01419,数据分析师,产品部,校园招聘,2025-02-16,不通过,,,,,,,,,,,,,,,,否
RES01420,财务会计,财务部,智联招聘,2025-06-11,不通过,,,,,,,,,,,,,,,,否
RES01421,产品运营,运营部,内部推荐,2024-10-11,通过,2024-10-14,2024-10-18,李颖,不通过,,,,,,,,,,,,否
RES01422,市场推广,市场部,前程无忧,2025-01-12,不通过,,,,,,,,,,,,,,,,否
RES01423,数据分析师,产品部,校园招聘,2025-04-10,通过,2025-04-11,2025-04-13,沈涛,不通过,,,,,,,,,,,,否
RES01424,客服主管,客服部,智联招聘,2025-05-14,不通过,,,,,,,,,,,,,,,,否
RES01425,客服主管,客服部,智联招聘,2024-12-01,不通过,,,,,,,,,,,,,,,,否
RES01426,客服主管,客服部,校园招聘,2024-01-03,不通过,,,,,,,,,,,,,,,,否
RES01427,测试工程师,技术部,BOSS直聘,2024-04-05,通过,2024-04-06,2024-04-11,罗兰英,通过,2024-04-12,刘辉,通过,2024-04-22,程桂荣,通过,2024-04-25,10k,11684.0,否,,否
RES01428,市场推广,市场部,BOSS直聘,2025-04-14,通过,2025-04-16,2025-04-21,胡涛,通过,2025-04-21,林勇,通过,2025-04-26,钱春梅,通过,2025-05-04,15k,15884.0,是,2025-05-22,试用期离职
RES01429,HRBP,人事部,BOSS直聘,2025-01-01,不通过,,,,,,,,,,,,,,,,否
RES01430,前端开发工程师,技术部,内部推荐,2024-03-05,不通过,,,,,,,,,,,,,,,,否
RES01431,前端开发工程师,技术部,BOSS直聘,2025-02-11,不通过,,,,,,,,,,,,,,,,否
RES01432,数据分析师,产品部,校园招聘,2024-08-11,不通过,,,,,,,,,,,,,,,,否
RES01433,产品运营,运营部,智联招聘,2025-03-15,通过,2025-03-19,2025-03-21,陈丽华,不通过,,,,,,,,,,,,否
RES01434,客服主管,客服部,BOSS直聘,2024-08-04,不通过,,,,,,,,,,,,,,,,否
RES01435,产品经理,产品部,智联招聘,2025-05-21,通过,2025-05-24,2025-05-30,罗欢,通过,2025-05-31,熊红,通过,2025-06-08,黄俊,不通过,,,,,,否
RES01436,HRBP,人事部,BOSS直聘,2024-10-01,不通过,,,,,,,,,,,,,,,,否
RES01437,前端开发工程师,技术部,前程无忧,2024-11-26,不通过,,,,,,,,,,,,,,,,否
RES01438,Java开发工程师,技术部,猎聘,2024-10-17,通过,2024-10-19,2024-10-22,李秀华,通过,2024-10-31,孙丽华,通过,2024-10-31,文勇,不通过,,,,,,否
RES01439,测试工程师,技术部,前程无忧,2024-12-11,不通过,,,,,,,,,,,,,,,,否
RES01440,销售代表,销售部,BOSS直聘,2024-05-13,通过,2024-05-15,2024-05-19,刘玲,不通过,,,,,,,,,,,,否
RES01441,行政专员,人事部,猎聘,2025-05-11,通过,2025-05-12,2025-05-21,杜英,通过,2025-05-24,李斌,不通过,,,,,,,,,否
RES01442,市场推广,市场部,内部推荐,2024-12-17,通过,2024-12-22,2024-12-20,李想,通过,2024-12-30,李兰英,通过,2024-12-30,李宇,通过,2025-01-01,33k,35198.0,否,,否
RES01443,市场推广,市场部,猎聘,2024-02-19,通过,2024-02-20,2024-02-22,李刚,通过,2024-02-26,余志强,不通过,,,,,,,,,否
RES01444,前端开发工程师,技术部,内部推荐,2024-02-17,不通过,,,,,,,,,,,,,,,,否
RES01445,市场推广,市场部,BOSS直聘,2024-04-11,通过,2024-04-14,2024-04-17,吴秀荣,通过,2024-04-25,刘阳,通过,2024-04-27,袁莉,不通过,,,,,,否
RES01446,客服主管,客服部,校园招聘,2025-04-15,不通过,,,,,,,,,,,,,,,,否
RES01447,测试工程师,技术部,智联招聘,2024-01-17,通过,2024-01-18,2024-01-21,彭倩,不通过,,,,,,,,,,,,否
RES01448,行政专员,人事部,BOSS直聘,2024-05-07,通过,2024-05-08,2024-05-14,崔桂花,通过,2024-05-20,胡丹,通过,2024-05-22,汤海燕,通过,2024-05-22,15k,15202.0,是,2024-06-26,是
RES01449,产品经理,产品部,内部推荐,2024-06-10,不通过,,,,,,,,,,,,,,,,否
RES01450,Java开发工程师,技术部,校园招聘,2025-03-27,不通过,,,,,,,,,,,,,,,,否
RES01451,产品运营,运营部,猎聘,2025-04-12,不通过,,,,,,,,,,,,,,,,否
RES01452,行政专员,人事部,BOSS直聘,2024-01-01,不通过,,,,,,,,,,,,,,,,否
RES01453,产品经理,产品部,BOSS直聘,2025-03-14,不通过,,,,,,,,,,,,,,,,否
RES01454,市场推广,市场部,智联招聘,2024-07-26,不通过,,,,,,,,,,,,,,,,否
RES01455,测试工程师,技术部,校园招聘,2024-05-15,不通过,,,,,,,,,,,,,,,,否
RES01456,前端开发工程师,技术部,BOSS直聘,2024-11-05,通过,2024-11-08,2024-11-13,李敏,通过,2024-11-13,刘杨,通过,2024-11-19,江文,不通过,,,,,,否
RES01457,财务会计,财务部,内部推荐,2024-06-11,通过,2024-06-16,2024-06-16,王欢,通过,2024-06-20,黄军,通过,2024-06-27,杨利,不通过,,,,,,否
RES01458,产品运营,运营部,BOSS直聘,2024-10-07,不通过,,,,,,,,,,,,,,,,否
RES01459,HRBP,人事部,内部推荐,2024-04-05,通过,2024-04-06,2024-04-15,李磊,通过,2024-04-16,刘平,通过,2024-04-18,赵兵,通过,2024-04-20,12k,13585.0,是,2024-05-09,是
RES01460,销售代表,销售部,校园招聘,2025-01-04,不通过,,,,,,,,,,,,,,,,否
RES01461,前端开发工程师,技术部,智联招聘,2024-09-13,不通过,,,,,,,,,,,,,,,,否
RES01462,市场推广,市场部,智联招聘,2024-03-25,不通过,,,,,,,,,,,,,,,,否
RES01463,前端开发工程师,技术部,内部推荐,2025-01-15,通过,2025-01-20,2025-01-22,李英,通过,2025-01-27,蒋秀华,通过,2025-01-29,谌晶,不通过,,,,,,否
RES01464,客服主管,客服部,前程无忧,2024-06-18,不通过,,,,,,,,,,,,,,,,否
RES01465,数据分析师,产品部,猎聘,2024-02-23,通过,2024-02-27,2024-03-03,林帆,通过,2024-03-06,宋楠,通过,2024-03-09,吴云,通过,2024-03-15,21k,21932.0,是,2024-04-08,是
RES01466,市场推广,市场部,前程无忧,2025-02-09,不通过,,,,,,,,,,,,,,,,否
RES01467,前端开发工程师,技术部,BOSS直聘,2024-11-08,不通过,,,,,,,,,,,,,,,,否
RES01468,行政专员,人事部,内部推荐,2024-08-27,通过,2024-08-31,2024-09-02,杨凯,通过,2024-09-06,王玉兰,通过,2024-09-11,胡婷,通过,2024-09-11,19k,20107.0,否,,否
RES01469,行政专员,人事部,BOSS直聘,2025-03-15,不通过,,,,,,,,,,,,,,,,否
RES01470,Java开发工程师,技术部,校园招聘,2024-04-03,通过,2024-04-06,2024-04-08,赵桂兰,通过,2024-04-12,姚丹丹,通过,2024-04-23,梁秀珍,不通过,,,,,,否
RES01471,Java开发工程师,技术部,BOSS直聘,2024-04-07,不通过,,,,,,,,,,,,,,,,否
RES01472,产品运营,运营部,内部推荐,2024-01-02,不通过,,,,,,,,,,,,,,,,否
RES01473,前端开发工程师,技术部,BOSS直聘,2024-08-06,通过,2024-08-08,2024-08-11,陈雪,通过,2024-08-15,刘明,通过,2024-08-18,赵平,通过,2024-08-27,20k,18379.0,是,2024-09-23,是
RES01474,测试工程师,技术部,智联招聘,2025-05-03,不通过,,,,,,,,,,,,,,,,否
RES01475,Java开发工程师,技术部,智联招聘,2024-03-20,不通过,,,,,,,,,,,,,,,,否
RES01476,客服主管,客服部,内部推荐,2024-05-15,通过,2024-05-18,2024-05-21,龙凤英,通过,2024-05-28,朱晶,通过,2024-05-29,陈凯,通过,2024-06-06,32k,30034.0,是,2024-07-14,是
RES01477,产品经理,产品部,前程无忧,2024-08-19,不通过,,,,,,,,,,,,,,,,否
RES01478,Java开发工程师,技术部,校园招聘,2025-06-15,不通过,,,,,,,,,,,,,,,,否
RES01479,前端开发工程师,技术部,智联招聘,2025-03-31,不通过,,,,,,,,,,,,,,,,否
RES01480,行政专员,人事部,猎聘,2024-01-10,不通过,,,,,,,,,,,,,,,,否
RES01481,销售代表,销售部,内部推荐,2024-01-09,通过,2024-01-11,2024-01-12,田桂珍,通过,2024-01-18,曹波,通过,2024-01-21,王洋,通过,2024-01-30,21k,22668.0,否,,否
RES01482,数据分析师,产品部,BOSS直聘,2024-12-17,不通过,,,,,,,,,,,,,,,,否
RES01483,财务会计,财务部,智联招聘,2024-05-03,不通过,,,,,,,,,,,,,,,,否
RES01484,HRBP,人事部,前程无忧,2025-03-08,不通过,,,,,,,,,,,,,,,,否
RES01485,Java开发工程师,技术部,智联招聘,2024-05-15,不通过,,,,,,,,,,,,,,,,否
RES01486,HRBP,人事部,智联招聘,2025-05-04,不通过,,,,,,,,,,,,,,,,否
RES01487,数据分析师,产品部,猎聘,2024-03-13,不通过,,,,,,,,,,,,,,,,否
RES01488,财务会计,财务部,BOSS直聘,2024-08-22,通过,2024-08-23,2024-08-28,李斌,通过,2024-08-29,祝桂香,通过,2024-09-05,陈春梅,通过,2024-09-14,27k,29728.0,否,,否
RES01489,产品运营,运营部,猎聘,2025-01-27,不通过,,,,,,,,,,,,,,,,否
RES01490,行政专员,人事部,校园招聘,2024-04-01,不通过,,,,,,,,,,,,,,,,否
RES01491,行政专员,人事部,前程无忧,2024-04-14,不通过,,,,,,,,,,,,,,,,否
RES01492,财务会计,财务部,前程无忧,2024-04-15,不通过,,,,,,,,,,,,,,,,否
RES01493,数据分析师,产品部,BOSS直聘,2024-11-16,通过,2024-11-19,2024-11-23,黄瑜,通过,2024-11-24,刘想,通过,2024-12-03,张亮,通过,2024-12-01,15k,15157.0,是,2024-12-18,是
RES01494,前端开发工程师,技术部,校园招聘,2025-01-11,通过,2025-01-14,2025-01-17,郭博,通过,2025-01-18,徐桂香,不通过,,,,,,,,,否
RES01495,HRBP,人事部,BOSS直聘,2024-11-02,通过,2024-11-03,2024-11-05,丛刚,候选人放弃,,,,,,,,,,,,否
RES01496,HRBP,人事部,前程无忧,2024-05-20,不通过,,,,,,,,,,,,,,,,否
RES01497,测试工程师,技术部,猎头,2025-01-26,不通过,,,,,,,,,,,,,,,,否
RES01498,测试工程师,技术部,前程无忧,2024-05-16,通过,2024-05-19,2024-05-23,董雪梅,通过,2024-05-28,沙建军,通过,2024-06-03,李秀兰,不通过,,,,,,否
RES01499,财务会计,财务部,猎聘,2024-05-26,不通过,,,,,,,,,,,,,,,,否
RES01500,HRBP,人事部,智联招聘,2024-03-11,不通过,,,,,,,,,,,,,,,,否
RES01501,前端开发工程师,技术部,BOSS直聘,2025-06-27,不通过,,,,,,,,,,,,,,,,否
RES01502,行政专员,人事部,内部推荐,2024-01-09,通过,2024-01-11,2024-01-17,王娟,通过,2024-01-24,张华,通过,2024-01-23,朱伟,通过,2024-01-24,27k,28852.0,是,2024-03-06,是
RES01503,产品运营,运营部,BOSS直聘,2024-06-17,通过,2024-06-19,2024-06-21,汪林,通过,2024-06-27,李莹,不通过,,,,,,,,,否
RES01504,客服主管,客服部,猎聘,2025-03-26,不通过,,,,,,,,,,,,,,,,否
RES01505,行政专员,人事部,BOSS直聘,2024-12-25,不通过,,,,,,,,,,,,,,,,否
RES01506,产品经理,产品部,校园招聘,2024-08-06,不通过,,,,,,,,,,,,,,,,否
RES01507,产品经理,产品部,BOSS直聘,2024-06-04,不通过,,,,,,,,,,,,,,,,否
RES01508,行政专员,人事部,前程无忧,2025年02月25日,通过,2025-03-02,2025-03-05,叶旭,候选人放弃,,,,,,,,,,,,否
RES01509,前端开发工程师,技术部,前程无忧,2025-03-29,不通过,,,,,,,,,,,,,,,,否
RES01510,客服主管,客服部,智联招聘,2024-08-10,通过,2024-08-13,2024-08-19,聂志强,通过,2024-08-23,张波,通过,2024-08-23,刘利,通过,2024-08-27,26k,27255.0,是,2024-10-04,是
RES01511,产品运营,运营部,智联招聘,2024-03-29,不通过,,,,,,,,,,,,,,,,否
RES01512,HRBP,人事部,智联招聘,2024-04-12,不通过,,,,,,,,,,,,,,,,否
RES01513,产品经理,产品部,智联招聘,2024-05-23,不通过,,,,,,,,,,,,,,,,否
RES01514,产品经理,产品部,智联招聘,2024-05-06,不通过,,,,,,,,,,,,,,,,否
RES01515,产品经理,产品部,智联招聘,2025-01-28,不通过,,,,,,,,,,,,,,,,否
RES01516,数据分析师,产品部,前程无忧,2024-12-25,不通过,,,,,,,,,,,,,,,,否
RES01517,市场推广,市场部,BOSS直聘,2025-03-15,不通过,,,,,,,,,,,,,,,,否
RES01518,测试工程师,技术部,猎头,2024-11-18,通过,2024-11-21,2024-11-25,黄宁,通过,2024-11-30,孙欣,通过,2024-12-02,夏淑英,通过,2024-12-10,16k,18051.0,否,,否
RES01519,测试工程师,技术部,前程无忧,2024-05-23,不通过,,,,,,,,,,,,,,,,否
RES01520,前端开发工程师,技术部,BOSS直聘,2024-09-10,不通过,,,,,,,,,,,,,,,,否
RES01521,行政专员,人事部,智联招聘,2024-10-10,不通过,,,,,,,,,,,,,,,,否
RES01522,客服主管,客服部,校园招聘,2024-03-27,不通过,,,,,,,,,,,,,,,,否
RES01523,行政专员,人事部,BOSS直聘,2024-09-11,不通过,,,,,,,,,,,,,,,,否
RES01524,市场推广,市场部,猎聘,2024-10-18,不通过,,,,,,,,,,,,,,,,否
RES01525,产品经理,产品部,前程无忧,2024-01-28,不通过,,,,,,,,,,,,,,,,否
RES01526,财务会计,财务部,BOSS直聘,2024-11-04,通过,2024-11-08,2024-11-09,黄凤英,候选人放弃,,,,,,,,,,,,否
RES01527,数据分析师,产品部,内部推荐,2024-07-29,通过,2024-08-03,2024-08-06,王云,不通过,,,,,,,,,,,,否
RES01528,市场推广,市场部,智联招聘,2025-06-14,通过,2025-06-18,2025-06-17,邵晶,不通过,,,,,,,,,,,,否
RES01529,前端开发工程师,技术部,BOSS直聘,2025-06-05,不通过,,,,,,,,,,,,,,,,否
RES01530,产品运营,运营部,内部推荐,2024-07-12,不通过,,,,,,,,,,,,,,,,否
RES01531,测试工程师,技术部,猎聘,2025-02-05,不通过,,,,,,,,,,,,,,,,否
RES01532,HRBP,人事部,校园招聘,2024-10-29,不通过,,,,,,,,,,,,,,,,否
RES01533,数据分析师,产品部,前程无忧,2024-02-25,不通过,,,,,,,,,,,,,,,,否
RES01534,销售代表,销售部,内部推荐,2024-09-02,通过,2024-09-03,2024-09-07,陈亮,通过,2024-09-10,王丽华,通过,2024-09-21,段芳,通过,2024-09-27,11k,10728.0,是,2024-10-19,是
RES01535,客服主管,客服部,内部推荐,2025-05-21,通过,2025-05-22,2025-05-25,吴杰,通过,2025-06-03,戚秀兰,不通过,,,,,,,,,否
RES01536,市场推广,市场部,BOSS直聘,2025-01-30,不通过,,,,,,,,,,,,,,,,否
RES01537,产品运营,运营部,内部推荐,2024-04-25,通过,2024-04-28,2024-05-03,宋凤英,通过,2024-05-09,陶博,不通过,,,,,,,,,否
RES01538,销售代表,销售部,前程无忧,2024-09-03,通过,2024-09-07,2024-09-13,谷凤兰,通过,2024-09-12,鹿涛,通过,2024-09-17,杨莹,不通过,,,,,,否
RES01539,产品运营,运营部,BOSS直聘,2025-05-26,不通过,,,,,,,,,,,,,,,,否
RES01540,行政专员,人事部,前程无忧,2024-03-13,不通过,,,,,,,,,,,,,,,,否
RES01541,行政专员,人事部,BOSS直聘,2025-06-24,通过,2025-06-29,2025-07-02,周静,通过,2025-07-08,马玉梅,不通过,,,,,,,,,否
RES01542,产品经理,产品部,内部推荐,2024-01-13,通过,2024-01-15,2024-01-22,倪霞,候选人放弃,,,,,,,,,,,,否
RES01543,Java开发工程师,技术部,前程无忧,2025-01-04,通过,2025-01-06,2025-01-08,许丹,通过,2025-01-12,陈琴,通过,2025-01-23,郑婷,通过,2025-01-25,25k,23754.0,否,,否
RES01544,HRBP,人事部,猎头,2024-11-20,通过,2024-11-21,2024-11-29,王梅,通过,2024-12-01,刘娟,通过,2024-12-07,周秀华,通过,2024-12-11,23k,23664.0,是,2024-12-25,试用期离职
RES01545,前端开发工程师,技术部,BOSS直聘,2024-05-15,不通过,,,,,,,,,,,,,,,,否
RES01546,前端开发工程师,技术部,前程无忧,2025-01-31,不通过,,,,,,,,,,,,,,,,否
RES01547,产品经理,产品部,BOSS直聘,2025-03-06,不通过,,,,,,,,,,,,,,,,否
RES01548,行政专员,人事部,前程无忧,2025-01-09,不通过,,,,,,,,,,,,,,,,否
RES01549,产品经理,产品部,猎聘,2024-06-25,不通过,,,,,,,,,,,,,,,,否
RES01550,财务会计,财务部,猎聘,2025-04-27,不通过,,,,,,,,,,,,,,,,否
RES01551,市场推广,市场部,内部推荐,2024-03-15,通过,2024-03-20,2024-03-23,李慧,通过,2024-03-27,乐欣,通过,2024-04-03,胡桂英,通过,2024-04-01,24k,26140.0,是,2024-05-05,是
RES01552,市场推广,市场部,校园招聘,2024-01-18,不通过,,,,,,,,,,,,,,,,否
RES01553,客服主管,客服部,BOSS直聘,2024-03-10,通过,2024-03-14,2024-03-20,逯雪,通过,2024-03-18,赵文,不通过,,,,,,,,,否
RES01554,行政专员,人事部,智联招聘,2024-01-15,通过,2024-01-17,2024-01-20,罗淑珍,通过,2024-01-25,钟婷,不通过,,,,,,,,,否
RES01555,Java开发工程师,技术部,猎聘,2024-09-25,通过,2024-09-27,2024-09-28,张秀华,候选人放弃,,,,,,,,,,,,否
RES01556,财务会计,财务部,前程无忧,2024-08-08,不通过,,,,,,,,,,,,,,,,否
RES01557,财务会计,财务部,BOSS直聘,2024-02-10,不通过,,,,,,,,,,,,,,,,否
RES01558,行政专员,人事部,前程无忧,2024-03-02,不通过,,,,,,,,,,,,,,,,否
RES01559,市场推广,市场部,智联招聘,2025-02-11,不通过,,,,,,,,,,,,,,,,否
RES01560,销售代表,销售部,智联招聘,2025-06-02,不通过,,,,,,,,,,,,,,,,否
RES01561,市场推广,市场部,内部推荐,2024-10-20,通过,2024-10-24,2024-10-30,海帅,通过,2024-11-01,萧丽娟,通过,2024-11-09,张凤英,通过,2024-11-10,25k,27526.0,是,2024-12-18,是
RES01562,客服主管,客服部,智联招聘,2025-05-28,不通过,,,,,,,,,,,,,,,,否
RES01563,客服主管,客服部,BOSS直聘,2025-03-01,通过,2025-03-06,2025-03-10,武冬梅,通过,2025-03-14,路小红,通过,2025-03-14,王娟,通过,2025-03-17,34k,36729.0,是,2025-03-31,是
RES01564,行政专员,人事部,BOSS直聘,2025-03-09,不通过,,,,,,,,,,,,,,,,否
RES01565,HRBP,人事部,校园招聘,2025-02-15,不通过,,,,,,,,,,,,,,,,否
RES01566,HRBP,人事部,猎头,2024-03-25,不通过,,,,,,,,,,,,,,,,否
RES01567,Java开发工程师,技术部,猎聘,2024-06-05,不通过,,,,,,,,,,,,,,,,否
RES01568,HRBP,人事部,智联招聘,2024-10-11,通过,2024-10-15,2024-10-18,马云,通过,2024-10-21,朱秀荣,不通过,,,,,,,,,否
RES01569,产品运营,运营部,校园招聘,2024-03-26,不通过,,,,,,,,,,,,,,,,否
RES01570,产品运营,运营部,猎聘,2024-11-13,不通过,,,,,,,,,,,,,,,,否
RES01571,前端开发工程师,技术部,内部推荐,2024-03-21,通过,2024-03-23,2024-03-29,胡玲,通过,2024-04-04,李志强,不通过,,,,,,,,,否
RES01572,数据分析师,产品部,内部推荐,2025-06-07,通过,2025-06-11,2025-06-15,谭建华,通过,2025-06-22,陈桂芳,不通过,,,,,,,,,否
RES01573,产品运营,运营部,智联招聘,2024-07-27,不通过,,,,,,,,,,,,,,,,否
RES01574,销售代表,销售部,智联招聘,2024-06-08,不通过,,,,,,,,,,,,,,,,否
RES01575,测试工程师,技术部,BOSS直聘,2024-11-30,通过,2024-12-04,2024-12-09,郑霞,通过,2024-12-07,袁玉梅,通过,2024-12-17,郑鹏,通过,2024-12-23,34k,36552.0,是,2025-01-04,试用期离职
RES01576,销售代表,销售部,BOSS直聘,2025-02-04,不通过,,,,,,,,,,,,,,,,否
RES01577,销售代表,销售部,内部推荐,2024-03-08,通过,2024-03-12,2024-03-17,古洁,通过,2024-03-21,郑欣,不通过,,,,,,,,,否
RES01578,产品运营,运营部,校园招聘,2024-11-13,通过,2024-11-17,2024-11-22,欧阳健,通过,2024-11-28,梁玉珍,不通过,,,,,,,,,否
RES01579,Java开发工程师,技术部,猎聘,2025-03-23,通过,2025-03-25,2025-03-28,李柳,通过,2025-04-05,金瑞,通过,2025-04-08,赵小红,不通过,,,,,,否
RES01580,市场推广,市场部,智联招聘,2024-09-01,不通过,,,,,,,,,,,,,,,,否
RES01581,行政专员,人事部,BOSS直聘,2024-02-29,通过,2024-03-03,2024-03-04,汪芳,通过,2024-03-07,陈博,通过,2024-03-14,黄淑英,通过,2024-03-15,28k,29425.0,否,,否
RES01582,产品经理,产品部,BOSS直聘,2024-09-07,通过,2024-09-11,2024-09-12,李帆,通过,2024-09-19,徐玉兰,不通过,,,,,,,,,否
RES01583,前端开发工程师,技术部,智联招聘,2024-03-29,通过,2024-03-31,2024-04-04,陶琴,通过,2024-04-11,蔡成,不通过,,,,,,,,,否
RES01584,客服主管,客服部,智联招聘,2025-03-20,不通过,,,,,,,,,,,,,,,,否
RES01585,财务会计,财务部,前程无忧,2024-04-28,不通过,,,,,,,,,,,,,,,,否
RES01586,客服主管,客服部,BOSS直聘,2025-04-09,通过,2025-04-11,2025-04-13,齐波,候选人放弃,,,,,,,,,,,,否
RES01587,前端开发工程师,技术部,猎头,2024-02-26,通过,2024-03-02,2024-03-02,黄秀芳,通过,2024-03-06,邱帅,通过,2024-03-16,梁利,通过,2024-03-17,14k,14490.0,是,2024-03-27,是
RES01588,客服主管,客服部,智联招聘,2024-11-12,不通过,,,,,,,,,,,,,,,,否
RES01589,市场推广,市场部,内部推荐,2024-06-28,不通过,,,,,,,,,,,,,,,,否
RES01590,客服主管,客服部,前程无忧,2024-05-02,通过,2024-05-06,2024-05-10,戴莹,通过,2024-05-16,颜兵,不通过,,,,,,,,,否
RES01591,数据分析师,产品部,BOSS直聘,2024-01-13,不通过,,,,,,,,,,,,,,,,否
RES01592,客服主管,客服部,内部推荐,2024-05-20,通过,2024-05-21,2024-05-23,贺岩,候选人放弃,,,,,,,,,,,,否
RES01593,市场推广,市场部,猎聘,2024-01-12,通过,2024-01-15,2024-01-15,姜刚,不通过,,,,,,,,,,,,否
RES01594,市场推广,市场部,前程无忧,2024-06-16,通过,2024-06-19,2024-06-19,徐勇,通过,2024-07-01,王秀荣,通过,2024-06-30,傅鑫,通过,2024-07-04,19k,18418.0,是,2024-07-26,是
RES01595,产品运营,运营部,前程无忧,2025-05-23,通过,2025-05-25,2025-06-02,李雷,通过,2025-05-31,黄荣,通过,2025-06-12,柳丽华,通过,2025-06-17,17k,17527.0,否,,否
RES01596,市场推广,市场部,BOSS直聘,2024-12-21,不通过,,,,,,,,,,,,,,,,否
RES01597,产品经理,产品部,猎聘,2025-06-19,不通过,,,,,,,,,,,,,,,,否
RES01598,HRBP,人事部,校园招聘,2025-06-13,不通过,,,,,,,,,,,,,,,,否
RES01599,产品经理,产品部,BOSS直聘,2024-09-22,通过,2024-09-24,2024-09-29,尤敏,候选人放弃,,,,,,,,,,,,否
RES01600,数据分析师,产品部,BOSS直聘,2024-06-19,不通过,,,,,,,,,,,,,,,,否
RES01601,客服主管,客服部,校园招聘,2025-01-15,通过,2025-01-20,2025-01-21,罗红,通过,2025-01-29,彭玉珍,不通过,,,,,,,,,否
RES01602,产品经理,产品部,BOSS直聘,2024-05-09,不通过,,,,,,,,,,,,,,,,否
RES01603,前端开发工程师,技术部,猎聘,2024-10-02,不通过,,,,,,,,,,,,,,,,否
RES01604,行政专员,人事部,前程无忧,2024-04-30,不通过,,,,,,,,,,,,,,,,否
RES01605,HRBP,人事部,前程无忧,2024-01-31,通过,2024-02-03,2024-02-09,陈红梅,候选人放弃,,,,,,,,,,,,否
RES01606,行政专员,人事部,智联招聘,2024-12-09,不通过,,,,,,,,,,,,,,,,否
RES01607,财务会计,财务部,BOSS直聘,2025-03-15,不通过,,,,,,,,,,,,,,,,否
RES01608,产品经理,产品部,BOSS直聘,2024-10-05,不通过,,,,,,,,,,,,,,,,否
RES01609,行政专员,人事部,内部推荐,2025-06-20,不通过,,,,,,,,,,,,,,,,否
RES01610,市场推广,市场部,内部推荐,2024-03-06,通过,2024-03-08,2024-03-13,张秀荣,候选人放弃,,,,,,,,,,,,否
RES01611,Java开发工程师,技术部,猎聘,2024-09-26,不通过,,,,,,,,,,,,,,,,否
RES01612,Java开发工程师,技术部,猎聘,2024-03-19,通过,2024-03-24,2024-03-22,陈玉珍,通过,2024-03-31,杨雷,通过,2024-04-02,康晨,通过,2024-04-08,16k,14667.0,是,2024-04-29,是
RES01613,市场推广,市场部,BOSS直聘,2025-05-23,通过,2025-05-24,2025-05-26,万瑞,通过,2025-06-02,钟伟,不通过,,,,,,,,,否
RES01614,行政专员,人事部,BOSS直聘,2025-04-11,不通过,,,,,,,,,,,,,,,,否
RES01615,客服主管,客服部,内部推荐,2025-06-07,不通过,,,,,,,,,,,,,,,,否
RES01616,市场推广,市场部,前程无忧,2025-01-03,不通过,,,,,,,,,,,,,,,,否
RES01617,HRBP,人事部,智联招聘,2024-02-26,不通过,,,,,,,,,,,,,,,,否
RES01618,销售代表,销售部,BOSS直聘,2025-05-26,不通过,,,,,,,,,,,,,,,,否
RES01619,前端开发工程师,技术部,BOSS直聘,2024-06-19,不通过,,,,,,,,,,,,,,,,否
RES01620,数据分析师,产品部,智联招聘,2025-01-11,不通过,,,,,,,,,,,,,,,,否
RES01621,客服主管,客服部,内部推荐,2024-06-10,通过,2024-06-13,2024-06-14,吴杨,候选人放弃,,,,,,,,,,,,否
RES01622,HRBP,人事部,校园招聘,2024-09-18,不通过,,,,,,,,,,,,,,,,否
RES01623,行政专员,人事部,校园招聘,2024-04-15,不通过,,,,,,,,,,,,,,,,否
RES01624,客服主管,客服部,校园招聘,2024-04-28,不通过,,,,,,,,,,,,,,,,否
RES01625,客服主管,客服部,校园招聘,2024-08-21,不通过,,,,,,,,,,,,,,,,否
RES01626,行政专员,人事部,前程无忧,2025-06-05,不通过,,,,,,,,,,,,,,,,否
RES01627,测试工程师,技术部,BOSS直聘,2024-01-03,通过,2024-01-04,2024-01-06,樊文,不通过,,,,,,,,,,,,否
RES01628,市场推广,市场部,内部推荐,2024-02-15,不通过,,,,,,,,,,,,,,,,否
RES01629,行政专员,人事部,BOSS直聘,2024-01-13,不通过,,,,,,,,,,,,,,,,否
RES01630,产品经理,产品部,BOSS直聘,2024-09-07,通过,2024-09-09,2024-09-16,刘婷,候选人放弃,,,,,,,,,,,,否
RES01631,产品经理,产品部,BOSS直聘,2024-02-17,通过,2024-02-18,2024-02-20,黄雷,通过,2024-02-28,余文,不通过,,,,,,,,,否
RES01632,前端开发工程师,技术部,前程无忧,2025-04-28,通过,2025-05-02,2025-05-01,邱丽华,通过,2025-05-05,李丹丹,通过,2025-05-11,张秀芳,通过,2025-05-19,31k,30437.0,是,2025-06-08,是
RES01633,Java开发工程师,技术部,智联招聘,2025-01-07,不通过,,,,,,,,,,,,,,,,否
RES01634,产品运营,运营部,BOSS直聘,2025-01-27,通过,2025-02-01,2025-02-03,刘杨,通过,2025-02-10,孙阳,不通过,,,,,,,,,否
RES01635,前端开发工程师,技术部,智联招聘,2024-06-02,不通过,,,,,,,,,,,,,,,,否
RES01636,前端开发工程师,技术部,校园招聘,2024-07-02,不通过,,,,,,,,,,,,,,,,否
RES01637,数据分析师,产品部,前程无忧,2024-02-06,不通过,,,,,,,,,,,,,,,,否
RES01638,数据分析师,产品部,校园招聘,2025-03-05,不通过,,,,,,,,,,,,,,,,否
RES01639,销售代表,销售部,BOSS直聘,2024-08-17,不通过,,,,,,,,,,,,,,,,否
RES01640,产品运营,运营部,BOSS直聘,2024-11-25,通过,2024-11-27,2024-11-28,高刚,通过,2024-12-07,席雪,通过,2024-12-13,梁鹏,不通过,,,,,,否
RES01641,Java开发工程师,技术部,前程无忧,2024-09-11,通过,2024-09-12,2024-09-19,秦龙,通过,2024-09-26,罗莉,不通过,,,,,,,,,否
RES01642,客服主管,客服部,智联招聘,2025-03-02,不通过,,,,,,,,,,,,,,,,否
RES01643,产品运营,运营部,猎聘,2024-11-23,不通过,,,,,,,,,,,,,,,,否
RES01644,销售代表,销售部,内部推荐,2024-10-04,不通过,,,,,,,,,,,,,,,,否
RES01645,财务会计,财务部,内部推荐,2024-03-20,通过,2024-03-21,2024-03-27,丁鹏,通过,2024-04-01,何兵,通过,2024-04-07,谢燕,通过,2024-04-08,30k,28856.0,是,2024-05-03,是
RES01646,前端开发工程师,技术部,校园招聘,2025-01-16,不通过,,,,,,,,,,,,,,,,否
RES01647,行政专员,人事部,智联招聘,2024-05-02,通过,2024-05-07,2024-05-12,施芳,不通过,,,,,,,,,,,,否
RES01648,数据分析师,产品部,BOSS直聘,2025-05-29,不通过,,,,,,,,,,,,,,,,否
RES01649,前端开发工程师,技术部,前程无忧,2024-02-23,不通过,,,,,,,,,,,,,,,,否
RES01650,数据分析师,产品部,BOSS直聘,2024-07-02,通过,2024-07-06,2024-07-10,江波,不通过,,,,,,,,,,,,否
RES01651,市场推广,市场部,BOSS直聘,2024-08-16,不通过,,,,,,,,,,,,,,,,否
RES01652,销售代表,销售部,BOSS直聘,2025-06-12,不通过,,,,,,,,,,,,,,,,否
RES01653,测试工程师,技术部,智联招聘,2024-02-17,通过,2024-02-20,2024-02-23,梁岩,不通过,,,,,,,,,,,,否
RES01654,前端开发工程师,技术部,BOSS直聘,2025-02-14,不通过,,,,,,,,,,,,,,,,否
RES01655,前端开发工程师,技术部,BOSS直聘,2024-03-11,不通过,,,,,,,,,,,,,,,,否
RES01656,产品运营,运营部,猎聘,2025-04-21,通过,2025-04-22,2025-05-01,周淑兰,通过,2025-04-28,李阳,通过,2025-05-10,张刚,通过,2025-05-12,14k,14122.0,是,2025-06-16,是
RES01657,产品运营,运营部,前程无忧,2024-10-16,不通过,,,,,,,,,,,,,,,,否
RES01658,行政专员,人事部,猎聘,2024-11-14,不通过,,,,,,,,,,,,,,,,否
RES01659,HRBP,人事部,猎聘,2024-12-01,不通过,,,,,,,,,,,,,,,,否
RES01660,市场推广,市场部,BOSS直聘,2024-03-29,通过,2024-04-02,2024-04-02,朱宁,候选人放弃,,,,,,,,,,,,否
RES01661,行政专员,人事部,BOSS直聘,2025-04-12,不通过,,,,,,,,,,,,,,,,否
RES01662,财务会计,财务部,BOSS直聘,2024-01-09,通过,2024-01-12,2024-01-19,吕红梅,通过,2024-01-24,汪丹,不通过,,,,,,,,,否
RES01663,市场推广,市场部,内部推荐,2025-01-12,通过,2025-01-16,2025-01-19,刘斌,通过,2025-01-23,李宁,通过,2025-01-25,王丽娟,不通过,,,,,,否
RES01664,产品运营,运营部,内部推荐,2024-07-24,通过,2024-07-25,2024-07-27,李秀云,通过,2024-08-02,余瑞,不通过,,,,,,,,,否
RES01665,前端开发工程师,技术部,BOSS直聘,2024-10-25,通过,2024-10-29,2024-11-02,孙敏,不通过,,,,,,,,,,,,否
RES01666,客服主管,客服部,智联招聘,2024-11-07,通过,2024-11-12,2024-11-16,孙红梅,通过,2024-11-20,阎丹丹,通过,2024-11-27,解璐,通过,2024-11-27,9k,9626.0,是,2024-12-08,是
RES01667,前端开发工程师,技术部,猎头,2024-09-05,不通过,,,,,,,,,,,,,,,,否
RES01668,Java开发工程师,技术部,前程无忧,2025-04-20,不通过,,,,,,,,,,,,,,,,否
RES01669,行政专员,人事部,内部推荐,2025-01-12,通过,2025-01-16,2025-01-19,葛萍,通过,2025-01-26,高丹丹,通过,2025-01-25,吴玉兰,通过,2025-02-06,9k,9915.0,否,,否
RES01670,市场推广,市场部,BOSS直聘,2025-05-20,通过,2025-05-21,2025-05-27,蒋淑兰,候选人放弃,,,,,,,,,,,,否
RES01671,客服主管,客服部,BOSS直聘,2024-07-19,通过,2024-07-24,2024-07-25,李想,通过,2024-08-01,薛利,不通过,,,,,,,,,否
RES01672,Java开发工程师,技术部,内部推荐,2024-09-08,通过,2024-09-09,2024-09-15,彭小红,通过,2024-09-17,连璐,通过,2024-09-25,贾博,通过,2024-10-03,17k,18153.0,是,2024-10-08,是
RES01673,财务会计,财务部,猎聘,2024-06-03,不通过,,,,,,,,,,,,,,,,否
RES01674,前端开发工程师,技术部,猎聘,2024-01-07,不通过,,,,,,,,,,,,,,,,否
RES01675,HRBP,人事部,前程无忧,2025-02-23,不通过,,,,,,,,,,,,,,,,否
RES01676,数据分析师,产品部,前程无忧,2024-01-25,不通过,,,,,,,,,,,,,,,,否
RES01677,销售代表,销售部,内部推荐,2024-08-26,不通过,,,,,,,,,,,,,,,,否
RES01678,Java开发工程师,技术部,BOSS直聘,2024-12-20,通过,2024-12-23,2024-12-25,王明,通过,2025-01-03,吴飞,通过,2025-01-01,沈凤英,通过,2025-01-14,23k,23211.0,是,2025-01-27,是
RES01679,前端开发工程师,技术部,智联招聘,2024-01-10,通过,2024-01-11,2024-01-13,潘建国,不通过,,,,,,,,,,,,否
RES01680,前端开发工程师,技术部,校园招聘,2024-12-09,不通过,,,,,,,,,,,,,,,,否
RES01681,市场推广,市场部,智联招聘,2024-01-02,通过,2024-01-03,2024-01-05,葛秀英,通过,2024-01-13,刘海燕,不通过,,,,,,,,,否
RES01682,市场推广,市场部,前程无忧,2025-01-20,不通过,,,,,,,,,,,,,,,,否
RES01683,HRBP,人事部,猎聘,2024-11-10,不通过,,,,,,,,,,,,,,,,否
RES01684,数据分析师,产品部,猎头,2024-04-16,通过,2024-04-18,2024-04-23,陈娜,通过,2024-04-28,张莹,不通过,,,,,,,,,否
RES01685,测试工程师,技术部,智联招聘,2024-07-29,不通过,,,,,,,,,,,,,,,,否
RES01686,Java开发工程师,技术部,智联招聘,2025-06-26,不通过,,,,,,,,,,,,,,,,否
RES01687,数据分析师,产品部,内部推荐,2024-08-31,不通过,,,,,,,,,,,,,,,,否
RES01688,产品运营,运营部,内部推荐,2025-03-05,通过,2025-03-09,2025-03-15,李雪梅,通过,2025-03-17,王霞,通过,2025-03-22,王志强,通过,2025-03-28,33k,34473.0,否,,否
RES01689,测试工程师,技术部,内部推荐,2025-05-18,不通过,,,,,,,,,,,,,,,,否
RES01690,市场推广,市场部,智联招聘,2024-03-02,不通过,,,,,,,,,,,,,,,,否
RES01691,数据分析师,产品部,智联招聘,2024-05-25,通过,2024-05-30,2024-05-30,王丹丹,通过,2024-06-04,刘玲,不通过,,,,,,,,,否
RES01692,销售代表,销售部,前程无忧,2024-10-13,不通过,,,,,,,,,,,,,,,,否
RES01693,前端开发工程师,技术部,校园招聘,2024-04-05,通过,2024-04-09,2024-04-14,谢健,通过,2024-04-13,王秀云,通过,2024-04-23,徐建国,通过,2024-04-30,11k,12609.0,否,,否
RES01694,前端开发工程师,技术部,校园招聘,2024-02-14,不通过,,,,,,,,,,,,,,,,否
RES01695,财务会计,财务部,BOSS直聘,2024-08-25,不通过,,,,,,,,,,,,,,,,否
RES01696,财务会计,财务部,智联招聘,2025-06-16,不通过,,,,,,,,,,,,,,,,否
RES01697,HRBP,人事部,智联招聘,2025-02-26,不通过,,,,,,,,,,,,,,,,否
RES01698,Java开发工程师,技术部,猎头,2025-01-16,通过,2025-01-19,2025-01-24,袁静,不通过,,,,,,,,,,,,否
RES01699,测试工程师,技术部,猎聘,2025-04-14,通过,2025-04-18,2025-04-21,黄玉华,不通过,,,,,,,,,,,,否
RES01700,测试工程师,技术部,智联招聘,2024-03-27,通过,2024-04-01,2024-03-31,朱健,不通过,,,,,,,,,,,,否
RES01701,产品经理,产品部,BOSS直聘,2024-04-07,不通过,,,,,,,,,,,,,,,,否
RES01702,客服主管,客服部,前程无忧,2025-06-01,不通过,,,,,,,,,,,,,,,,否
RES01703,市场推广,市场部,BOSS直聘,2024-05-16,不通过,,,,,,,,,,,,,,,,否
RES01704,Java开发工程师,技术部,内部推荐,2025-02-07,不通过,,,,,,,,,,,,,,,,否
RES01705,前端开发工程师,技术部,内部推荐,2024-03-17,通过,2024-03-18,2024-03-22,张琴,通过,2024-03-26,田莉,通过,2024-04-02,萧金凤,通过,2024-04-10,26k,27152.0,是,2024-04-25,是
RES01706,行政专员,人事部,智联招聘,2024-03-04,不通过,,,,,,,,,,,,,,,,否
RES01707,财务会计,财务部,智联招聘,2025-03-21,不通过,,,,,,,,,,,,,,,,否
RES01708,客服主管,客服部,校园招聘,2024-05-13,不通过,,,,,,,,,,,,,,,,否
RES01709,市场推广,市场部,BOSS直聘,2024-08-30,不通过,,,,,,,,,,,,,,,,否
RES01710,测试工程师,技术部,BOSS直聘,2024-10-25,通过,2024-10-29,2024-11-03,刘秀芳,通过,2024-11-01,蔡淑英,通过,2024-11-08,周淑华,通过,2024-11-14,17k,18267.0,是,2024-12-24,是
RES01711,测试工程师,技术部,校园招聘,2024-09-24,通过,2024-09-25,2024-09-30,丁帆,通过,2024-10-02,文欢,通过,2024-10-06,黄林,通过,2024-10-16,19k,18634.0,否,,否
RES01712,产品运营,运营部,内部推荐,2024-11-18,通过,2024-11-22,2024-11-25,赵秀英,通过,2024-11-29,王淑兰,不通过,,,,,,,,,否
RES01713,产品运营,运营部,内部推荐,2025-02-06,通过,2025-02-10,2025-02-14,李梅,通过,2025-02-15,苏秀云,不通过,,,,,,,,,否
RES01714,财务会计,财务部,BOSS直聘,2024-11-30,不通过,,,,,,,,,,,,,,,,否
RES01715,Java开发工程师,技术部,BOSS直聘,2024-11-21,通过,2024-11-23,2024-11-27,李英,通过,2024-11-29,唐海燕,通过,2024-12-10,孙林,通过,2024-12-14,14k,13660.0,否,,否
RES01716,市场推广,市场部,BOSS直聘,2025-04-08,不通过,,,,,,,,,,,,,,,,否
RES01717,测试工程师,技术部,BOSS直聘,2024-10-05,通过,2024-10-09,2024-10-13,李欢,候选人放弃,,,,,,,,,,,,否
RES01718,客服主管,客服部,内部推荐,2024-08-27,通过,2024-08-31,2024-09-05,王勇,通过,2024-09-11,冯飞,通过,2024-09-14,唐冬梅,通过,2024-09-12,32k,30411.0,否,,否
RES01719,前端开发工程师,技术部,BOSS直聘,2024-03-17,不通过,,,,,,,,,,,,,,,,否
RES01720,Java开发工程师,技术部,猎聘,2024-07-26,不通过,,,,,,,,,,,,,,,,否
RES01721,财务会计,财务部,BOSS直聘,2024-05-19,不通过,,,,,,,,,,,,,,,,否
RES01722,HRBP,人事部,智联招聘,2024-04-21,不通过,,,,,,,,,,,,,,,,否
RES01723,测试工程师,技术部,猎头,2024-06-08,不通过,,,,,,,,,,,,,,,,否
RES01724,产品经理,产品部,BOSS直聘,2024-04-18,不通过,,,,,,,,,,,,,,,,否
RES01725,Java开发工程师,技术部,智联招聘,2024-06-17,通过,2024-06-21,2024-06-20,孟桂荣,通过,2024-07-02,曹桂英,通过,2024-06-29,郑海燕,通过,2024-07-03,9k,9341.0,否,,否
RES01726,测试工程师,技术部,智联招聘,2025-04-05,通过,2025-04-10,2025-04-12,李凤兰,通过,2025-04-17,李军,不通过,,,,,,,,,否
RES01727,销售代表,销售部,BOSS直聘,2025-04-22,不通过,,,,,,,,,,,,,,,,否
RES01728,市场推广,市场部,前程无忧,2024-11-17,通过,2024-11-22,2024-11-20,韩欢,候选人放弃,,,,,,,,,,,,否
RES01729,产品运营,运营部,智联招聘,2025-02-20,不通过,,,,,,,,,,,,,,,,否
RES01730,销售代表,销售部,猎聘,2024-05-03,不通过,,,,,,,,,,,,,,,,否
RES01731,Java开发工程师,技术部,内部推荐,2025-01-01,通过,2025-01-05,2025-01-06,孙荣,通过,2025-01-12,王岩,通过,2025-01-13,史荣,通过,2025-01-23,28k,29503.0,是,2025-01-31,是
RES01732,Java开发工程师,技术部,前程无忧,2024-07-31,不通过,,,,,,,,,,,,,,,,否
RES01733,销售代表,销售部,BOSS直聘,2025-04-07,不通过,,,,,,,,,,,,,,,,否
RES01734,HRBP,人事部,前程无忧,2024-11-11,通过,2024-11-12,2024-11-21,连芳,通过,2024-11-19,王勇,通过,2024-11-30,吴洁,通过,2024-11-28,34k,33028.0,否,,否
RES01735,销售代表,销售部,BOSS直聘,2025-04-19,通过,2025-04-24,2025-04-23,夏建华,候选人放弃,,,,,,,,,,,,否
RES01736,前端开发工程师,技术部,前程无忧,2024-09-28,不通过,,,,,,,,,,,,,,,,否
RES01737,客服主管,客服部,猎聘,2024-05-02,不通过,,,,,,,,,,,,,,,,否
RES01738,销售代表,销售部,BOSS直聘,2024-04-02,通过,2024-04-04,2024-04-08,陈桂花,通过,2024-04-13,罗飞,通过,2024-04-15,李峰,通过,2024-04-26,24k,23512.0,是,2024-05-14,是
RES01739,数据分析师,产品部,内部推荐,2024-06-10,通过,2024-06-14,2024-06-13,洪桂英,通过,2024-06-18,王磊,通过,2024-06-22,张金凤,通过,2024-07-04,17k,16250.0,是,2024-07-31,是
RES01740,数据分析师,产品部,校园招聘,2024-11-07,通过,2024-11-10,2024-11-17,张淑兰,不通过,,,,,,,,,,,,否
RES01741,销售代表,销售部,内部推荐,2024-02-11,通过,2024-02-13,2024-02-17,庄桂兰,通过,2024-02-26,孙亮,通过,2024-02-24,王凤英,通过,2024-02-28,29k,27436.0,是,2024-03-30,是
RES01742,市场推广,市场部,智联招聘,2024-08-08,不通过,,,,,,,,,,,,,,,,否
RES01743,客服主管,客服部,前程无忧,2024-12-01,不通过,,,,,,,,,,,,,,,,否
RES01744,产品经理,产品部,校园招聘,2024-05-31,不通过,,,,,,,,,,,,,,,,否
RES01745,销售代表,销售部,智联招聘,2024-04-03,不通过,,,,,,,,,,,,,,,,否
RES01746,测试工程师,技术部,内部推荐,2024-09-11,通过,2024-09-15,2024-09-21,杜丽,通过,2024-09-25,毛坤,通过,2024-09-25,孟云,通过,2024-10-05,31k,33884.0,是,2024-10-27,是
RES01747,销售代表,销售部,BOSS直聘,2024-12-30,不通过,,,,,,,,,,,,,,,,否
RES01748,前端开发工程师,技术部,BOSS直聘,2025-02-09,不通过,,,,,,,,,,,,,,,,否
RES01749,数据分析师,产品部,内部推荐,2025-06-09,通过,2025-06-14,2025-06-18,林林,通过,2025-06-16,王坤,通过,2025-06-23,宋淑英,不通过,,,,,,否
RES01750,产品运营,运营部,内部推荐,2024-02-20,通过,2024-02-21,2024-03-01,蒋冬梅,通过,2024-03-01,谭宁,通过,2024-03-06,黄淑珍,不通过,,,,,,否
RES01751,数据分析师,产品部,内部推荐,2024-11-02,通过,2024-11-04,2024-11-11,王彬,不通过,,,,,,,,,,,,否
RES01752,数据分析师,产品部,校园招聘,2024-09-23,不通过,,,,,,,,,,,,,,,,否
RES01753,前端开发工程师,技术部,BOSS直聘,2024-06-27,通过,2024-06-30,2024-07-01,陈秀华,通过,2024-07-09,蒋宁,通过,2024-07-09,邢霞,通过,2024-07-14,18k,17069.0,是,2024-07-31,试用期离职
RES01754,销售代表,销售部,BOSS直聘,2024-02-01,不通过,,,,,,,,,,,,,,,,否
RES01755,市场推广,市场部,校园招聘,2025-02-18,通过,2025-02-21,2025-02-25,耿超,候选人放弃,,,,,,,,,,,,否
RES01756,测试工程师,技术部,BOSS直聘,2025-04-08,通过,2025-04-10,2025-04-14,罗波,通过,2025-04-15,马岩,通过,2025-04-21,谢丽丽,通过,2025-04-26,9k,9652.0,否,,否
RES01757,前端开发工程师,技术部,猎聘,2024-09-12,通过,2024-09-16,2024-09-20,邓静,通过,2024-09-27,左婷,通过,2024-09-27,赵秀华,通过,2024-10-06,23k,23527.0,是,2024-11-09,是
RES01758,市场推广,市场部,前程无忧,2024-04-06,通过,2024-04-07,2024-04-15,徐晨,通过,2024-04-14,许娜,不通过,,,,,,,,,否
RES01759,客服主管,客服部,BOSS直聘,2025-04-18,通过,2025-04-23,2025-04-22,向凤英,通过,2025-04-25,张静,通过,2025-05-05,周静,通过,2025-05-03,15k,16325.0,是,2025-06-13,是
RES01760,市场推广,市场部,BOSS直聘,2024-04-14,不通过,,,,,,,,,,,,,,,,否
RES01761,HRBP,人事部,前程无忧,2024-05-23,通过,2024-05-25,2024-05-29,魏莹,通过,2024-06-07,申桂荣,不通过,,,,,,,,,否
RES01762,行政专员,人事部,校园招聘,2024-05-04,不通过,,,,,,,,,,,,,,,,否
RES01763,客服主管,客服部,猎聘,2024-01-13,不通过,,,,,,,,,,,,,,,,否
RES01764,行政专员,人事部,前程无忧,2024-03-04,不通过,,,,,,,,,,,,,,,,否
RES01765,销售代表,销售部,前程无忧,2024-08-15,不通过,,,,,,,,,,,,,,,,否
RES01766,销售代表,销售部,BOSS直聘,2024-05-13,不通过,,,,,,,,,,,,,,,,否
RES01767,HRBP,人事部,BOSS直聘,2024-07-21,不通过,,,,,,,,,,,,,,,,否
RES01768,Java开发工程师,技术部,智联招聘,2025-02-14,不通过,,,,,,,,,,,,,,,,否
RES01769,数据分析师,产品部,BOSS直聘,2025年01月16日,不通过,,,,,,,,,,,,,,,,否
RES01770,行政专员,人事部,BOSS直聘,2024-03-27,通过,2024-03-31,2024-04-04,熊阳,通过,2024-04-03,袁桂珍,不通过,,,,,,,,,否
RES01771,前端开发工程师,技术部,智联招聘,2024-09-22,通过,2024-09-27,2024-09-25,田阳,不通过,,,,,,,,,,,,否
RES01772,HRBP,人事部,智联招聘,2024-03-17,通过,2024-03-18,2024-03-20,申婷,候选人放弃,,,,,,,,,,,,否
RES01773,客服主管,客服部,BOSS直聘,2024-01-23,通过,2024-01-24,2024-01-27,刘丹丹,候选人放弃,,,,,,,,,,,,否
RES01774,产品经理,产品部,前程无忧,2024-03-07,不通过,,,,,,,,,,,,,,,,否
RES01775,前端开发工程师,技术部,前程无忧,2024-07-21,不通过,,,,,,,,,,,,,,,,否
RES01776,市场推广,市场部,BOSS直聘,2025-03-30,通过,2025-03-31,2025-04-09,白璐,通过,2025-04-11,牛桂花,通过,2025-04-15,李岩,通过,2025-04-17,8k,9452.0,是,2025-05-24,是
RES01777,销售代表,销售部,校园招聘,2024-05-11,不通过,,,,,,,,,,,,,,,,否
RES01778,数据分析师,产品部,BOSS直聘,2024-04-04,不通过,,,,,,,,,,,,,,,,否
RES01779,客服主管,客服部,校园招聘,2024-12-05,不通过,,,,,,,,,,,,,,,,否
RES01780,HRBP,人事部,BOSS直聘,2024-05-05,不通过,,,,,,,,,,,,,,,,否
RES01781,行政专员,人事部,校园招聘,2024-02-13,不通过,,,,,,,,,,,,,,,,否
RES01782,行政专员,人事部,BOSS直聘,2025-04-17,通过,2025-04-21,2025-04-26,杨楠,不通过,,,,,,,,,,,,否
RES01783,财务会计,财务部,内部推荐,2024-02-21,通过,2024-02-22,2024-02-29,康林,通过,2024-03-04,叶兵,通过,2024-03-04,彭桂英,通过,2024-03-10,15k,14329.0,是,2024-04-04,是
RES01784,销售代表,销售部,智联招聘,2024-06-21,不通过,,,,,,,,,,,,,,,,否
RES01785,前端开发工程师,技术部,内部推荐,2025-03-19,不通过,,,,,,,,,,,,,,,,否
RES01786,市场推广,市场部,智联招聘,2025-02-08,不通过,,,,,,,,,,,,,,,,否
RES01787,市场推广,市场部,BOSS直聘,2025-05-23,不通过,,,,,,,,,,,,,,,,否
RES01788,销售代表,销售部,内部推荐,2024-01-31,通过,2024-02-02,2024-02-03,曾军,通过,2024-02-09,张东,通过,2024-02-17,罗桂珍,通过,2024-02-20,27k,28600.0,是,2024-03-10,是
RES01789,测试工程师,技术部,BOSS直聘,2025-01-26,不通过,,,,,,,,,,,,,,,,否
RES01790,财务会计,财务部,校园招聘,2025-03-12,不通过,,,,,,,,,,,,,,,,否
RES01791,测试工程师,技术部,BOSS直聘,2024-06-25,不通过,,,,,,,,,,,,,,,,否
RES01792,测试工程师,技术部,智联招聘,2024-12-28,通过,2025-01-02,2025-01-05,夏晨,通过,2025-01-07,何淑华,不通过,,,,,,,,,否
RES01793,财务会计,财务部,猎聘,2024-08-07,不通过,,,,,,,,,,,,,,,,否
RES01794,数据分析师,产品部,智联招聘,2024-07-10,不通过,,,,,,,,,,,,,,,,否
RES01795,前端开发工程师,技术部,BOSS直聘,2024-10-08,不通过,,,,,,,,,,,,,,,,否
RES01796,财务会计,财务部,内部推荐,2024-10-13,通过,2024-10-15,2024-10-20,方欣,通过,2024-10-28,刘岩,通过,2024-10-25,王淑兰,通过,2024-11-02,21k,22344.0,是,2024-11-20,是
RES01797,HRBP,人事部,内部推荐,2025-04-01,不通过,,,,,,,,,,,,,,,,否
RES01798,财务会计,财务部,校园招聘,2024-06-01,不通过,,,,,,,,,,,,,,,,否
RES01799,数据分析师,产品部,智联招聘,2024-02-05,不通过,,,,,,,,,,,,,,,,否
RES01800,行政专员,人事部,前程无忧,2024-09-08,不通过,,,,,,,,,,,,,,,,否
RES01801,产品运营,运营部,智联招聘,2024-10-29,不通过,,,,,,,,,,,,,,,,否
RES01802,Java开发工程师,技术部,BOSS直聘,2025-05-25,通过,2025-05-27,2025-05-31,蒲桂芝,通过,2025-06-08,史秀芳,不通过,,,,,,,,,否
RES01803,行政专员,人事部,内部推荐,2025-02-25,不通过,,,,,,,,,,,,,,,,否
RES01804,行政专员,人事部,智联招聘,2025-05-05,通过,2025-05-06,2025-05-14,施颖,通过,2025-05-13,张鹏,通过,2025-05-23,曾婷,通过,2025-05-27,8k,9242.0,是,2025-06-05,是
RES01805,产品经理,产品部,智联招聘,2024-03-03,不通过,,,,,,,,,,,,,,,,否
RES01806,产品经理,产品部,智联招聘,2024-03-30,不通过,,,,,,,,,,,,,,,,否
RES01807,销售代表,销售部,猎聘,2024-10-13,不通过,,,,,,,,,,,,,,,,否
RES01808,产品经理,产品部,校园招聘,2025-01-27,不通过,,,,,,,,,,,,,,,,否
RES01809,销售代表,销售部,猎聘,2024-05-20,通过,2024-05-23,2024-05-28,李秀芳,候选人放弃,,,,,,,,,,,,否
RES01810,行政专员,人事部,智联招聘,2025-03-05,不通过,,,,,,,,,,,,,,,,否
RES01811,Java开发工程师,技术部,内部推荐,2024-07-23,不通过,,,,,,,,,,,,,,,,否
RES01812,前端开发工程师,技术部,猎聘,2025-06-22,不通过,,,,,,,,,,,,,,,,否
RES01813,前端开发工程师,技术部,BOSS直聘,2024-09-12,不通过,,,,,,,,,,,,,,,,否
RES01814,测试工程师,技术部,BOSS直聘,2024-01-20,不通过,,,,,,,,,,,,,,,,否
RES01815,产品运营,运营部,BOSS直聘,2025-01-26,通过,2025-01-31,2025-02-04,史建平,通过,2025-02-02,郑琴,不通过,,,,,,,,,否
RES01816,客服主管,客服部,智联招聘,2025-01-02,不通过,,,,,,,,,,,,,,,,否
RES01817,前端开发工程师,技术部,内部推荐,2025-05-06,通过,2025-05-09,2025-05-16,鲁博,候选人放弃,,,,,,,,,,,,否
RES01818,测试工程师,技术部,智联招聘,2025-05-11,不通过,,,,,,,,,,,,,,,,否
RES01819,数据分析师,产品部,智联招聘,2024-12-18,不通过,,,,,,,,,,,,,,,,否
RES01820,测试工程师,技术部,校园招聘,2025-05-29,不通过,,,,,,,,,,,,,,,,否
RES01821,客服主管,客服部,内部推荐,2024-11-25,通过,2024-11-29,2024-12-01,周玉梅,通过,2024-12-02,张淑珍,通过,2024-12-11,廖秀兰,通过,2024-12-11,16k,17067.0,是,2025-01-12,是
RES01822,财务会计,财务部,猎聘,2025-02-01,不通过,,,,,,,,,,,,,,,,否
RES01823,市场推广,市场部,BOSS直聘,2024-10-03,不通过,,,,,,,,,,,,,,,,否
RES01824,行政专员,人事部,BOSS直聘,2024-07-03,不通过,,,,,,,,,,,,,,,,否
RES01825,Java开发工程师,技术部,BOSS直聘,2024-01-27,不通过,,,,,,,,,,,,,,,,否
RES01826,销售代表,销售部,BOSS直聘,2024-11-22,不通过,,,,,,,,,,,,,,,,否
RES01827,客服主管,客服部,BOSS直聘,2024-08-12,不通过,,,,,,,,,,,,,,,,否
RES01828,测试工程师,技术部,前程无忧,2024-01-31,通过,2024-02-05,2024-02-05,杨芳,不通过,,,,,,,,,,,,否
RES01829,产品运营,运营部,BOSS直聘,2024-10-14,不通过,,,,,,,,,,,,,,,,否
RES01830,前端开发工程师,技术部,BOSS直聘,2024-02-29,通过,2024-03-01,2024-03-08,逯建国,通过,2024-03-15,马建军,通过,2024-03-12,汤杰,通过,2024-03-24,10k,10131.0,是,2024-04-09,试用期离职
RES01831,HRBP,人事部,BOSS直聘,2025-04-28,不通过,,,,,,,,,,,,,,,,否
RES01832,前端开发工程师,技术部,猎聘,2025-06-26,通过,2025-06-29,2025-07-06,薛俊,通过,2025-07-05,陈龙,通过,2025-07-08,吴瑞,通过,2025-07-14,11k,12113.0,是,2025-08-11,是
RES01833,产品经理,产品部,前程无忧,2025-01-01,不通过,,,,,,,,,,,,,,,,否
RES01834,行政专员,人事部,前程无忧,2024-08-26,通过,2024-08-28,2024-09-02,萧洁,通过,2024-09-02,刘彬,不通过,,,,,,,,,否
RES01835,产品经理,产品部,BOSS直聘,2024-06-12,不通过,,,,,,,,,,,,,,,,否
RES01836,前端开发工程师,技术部,智联招聘,2024-04-12,不通过,,,,,,,,,,,,,,,,否
RES01837,HRBP,人事部,BOSS直聘,2024-09-10,不通过,,,,,,,,,,,,,,,,否
RES01838,产品经理,产品部,BOSS直聘,2024-09-03,不通过,,,,,,,,,,,,,,,,否
RES01839,Java开发工程师,技术部,校园招聘,2024-09-29,不通过,,,,,,,,,,,,,,,,否
RES01840,测试工程师,技术部,猎头,2025-06-30,通过,2025-07-01,2025-07-04,潘英,通过,2025-07-10,鲍红,通过,2025-07-17,冯丽,通过,2025-07-25,21k,19775.0,是,2025-08-08,是
RES01841,产品经理,产品部,猎聘,2024-02-27,通过,2024-03-01,2024-03-07,黄莉,通过,2024-03-10,黄佳,不通过,,,,,,,,,否
RES01842,HRBP,人事部,校园招聘,2024-08-12,不通过,,,,,,,,,,,,,,,,否
RES01843,产品经理,产品部,猎聘,2025-02-01,不通过,,,,,,,,,,,,,,,,否
RES01844,客服主管,客服部,BOSS直聘,2024-12-29,不通过,,,,,,,,,,,,,,,,否
RES01845,财务会计,财务部,猎头,2024-06-26,通过,2024-06-27,2024-07-01,丁霞,通过,2024-07-03,陈玉华,不通过,,,,,,,,,否
RES01846,销售代表,销售部,BOSS直聘,2024-06-29,通过,2024-07-01,2024-07-07,田艳,候选人放弃,,,,,,,,,,,,否
RES01847,前端开发工程师,技术部,猎聘,2024-08-30,不通过,,,,,,,,,,,,,,,,否
RES01848,客服主管,客服部,BOSS直聘,2024-11-21,不通过,,,,,,,,,,,,,,,,否
RES01849,销售代表,销售部,智联招聘,2025-01-02,不通过,,,,,,,,,,,,,,,,否
RES01850,财务会计,财务部,猎聘,2024-01-29,不通过,,,,,,,,,,,,,,,,否
RES01851,客服主管,客服部,智联招聘,2024-12-26,通过,2024-12-27,2025-01-04,徐丽华,通过,2025-01-03,裴俊,通过,2025-01-15,赖燕,不通过,,,,,,否
RES01852,产品运营,运营部,BOSS直聘,2024-05-25,不通过,,,,,,,,,,,,,,,,否
RES01853,客服主管,客服部,智联招聘,2024-07-11,不通过,,,,,,,,,,,,,,,,否
RES01854,Java开发工程师,技术部,智联招聘,2025-05-19,不通过,,,,,,,,,,,,,,,,否
RES01855,测试工程师,技术部,猎头,2024-11-12,通过,2024-11-15,2024-11-19,田帅,通过,2024-11-24,周娟,不通过,,,,,,,,,否
RES01856,HRBP,人事部,内部推荐,2024-06-28,通过,2024-07-01,2024-07-06,祁鹏,通过,2024-07-06,黄莹,通过,2024-07-17,杨桂香,通过,2024-07-19,19k,18188.0,是,2024-07-30,是
RES01857,前端开发工程师,技术部,智联招聘,2025-05-17,不通过,,,,,,,,,,,,,,,,否
RES01858,行政专员,人事部,BOSS直聘,2024-02-08,不通过,,,,,,,,,,,,,,,,否
RES01859,销售代表,销售部,内部推荐,2024-04-02,通过,2024-04-06,2024-04-07,李畅,通过,2024-04-12,何洋,不通过,,,,,,,,,否
RES01860,产品经理,产品部,BOSS直聘,2024-02-27,不通过,,,,,,,,,,,,,,,,否
RES01861,前端开发工程师,技术部,BOSS直聘,2024-08-26,不通过,,,,,,,,,,,,,,,,否
RES01862,行政专员,人事部,智联招聘,2024-08-12,不通过,,,,,,,,,,,,,,,,否
RES01863,财务会计,财务部,校园招聘,2024-01-21,通过,2024-01-24,2024-01-29,包瑞,不通过,,,,,,,,,,,,否
RES01864,客服主管,客服部,BOSS直聘,2025-06-23,通过,2025-06-27,2025-06-28,杨璐,通过,2025-07-03,刘飞,通过,2025-07-12,吴凯,不通过,,,,,,否
RES01865,行政专员,人事部,BOSS直聘,2025-05-04,通过,2025-05-05,2025-05-14,杨秀兰,通过,2025-05-13,王桂花,不通过,,,,,,,,,否
RES01866,数据分析师,产品部,前程无忧,2024-01-01,不通过,,,,,,,,,,,,,,,,否
RES01867,产品运营,运营部,BOSS直聘,2024-12-05,不通过,,,,,,,,,,,,,,,,否
RES01868,前端开发工程师,技术部,前程无忧,2024-07-25,通过,2024-07-27,2024-08-03,杜伟,通过,2024-08-06,彭楠,不通过,,,,,,,,,否
RES01869,前端开发工程师,技术部,智联招聘,2024-05-13,通过,2024-05-18,2024-05-20,周梅,通过,2024-05-25,李兵,通过,2024-05-26,郭雷,通过,2024-05-28,10k,10913.0,是,2024-06-26,是
RES01870,前端开发工程师,技术部,智联招聘,2024-12-14,不通过,,,,,,,,,,,,,,,,否
RES01871,数据分析师,产品部,BOSS直聘,2024-06-30,不通过,,,,,,,,,,,,,,,,否
RES01872,测试工程师,技术部,BOSS直聘,2024-11-27,不通过,,,,,,,,,,,,,,,,否
RES01873,HRBP,人事部,内部推荐,2024-03-01,不通过,,,,,,,,,,,,,,,,否
RES01874,财务会计,财务部,校园招聘,2024-01-23,不通过,,,,,,,,,,,,,,,,否
RES01875,测试工程师,技术部,BOSS直聘,2024-05-31,不通过,,,,,,,,,,,,,,,,否
RES01876,HRBP,人事部,BOSS直聘,2024-05-25,不通过,,,,,,,,,,,,,,,,否
RES01877,前端开发工程师,技术部,BOSS直聘,2024-04-23,不通过,,,,,,,,,,,,,,,,否
RES01878,产品运营,运营部,前程无忧,2025-06-22,不通过,,,,,,,,,,,,,,,,否
RES01879,产品经理,产品部,猎聘,2025-01-08,不通过,,,,,,,,,,,,,,,,否
RES01880,数据分析师,产品部,智联招聘,2024-03-15,通过,2024-03-16,2024-03-25,徐飞,不通过,,,,,,,,,,,,否
RES01881,产品运营,运营部,猎聘,2025-01-17,通过,2025-01-21,2025-01-24,张秀荣,通过,2025-01-25,王婷婷,不通过,,,,,,,,,否
RES01882,销售代表,销售部,猎聘,2025-02-09,通过,2025-02-13,2025-02-18,唐波,通过,2025-02-22,苏云,通过,2025-02-23,张红,通过,2025-02-26,9k,9962.0,否,,否
RES01883,财务会计,财务部,校园招聘,2024-04-13,不通过,,,,,,,,,,,,,,,,否
RES01884,客服主管,客服部,BOSS直聘,2024-12-10,通过,2024-12-15,2024-12-18,高华,通过,2024-12-21,邱燕,通过,2024-12-26,韩燕,通过,2024-12-29,23k,23653.0,否,,否
RES01885,数据分析师,产品部,BOSS直聘,2024-11-05,通过,2024-11-08,2024-11-11,张云,通过,2024-11-14,宋娜,不通过,,,,,,,,,否
RES01886,前端开发工程师,技术部,BOSS直聘,2024-11-26,通过,2024-12-01,2024-11-29,张凯,通过,2024-12-03,张鹏,通过,2024-12-16,钱淑兰,不通过,,,,,,否
RES01887,行政专员,人事部,校园招聘,2024-05-19,不通过,,,,,,,,,,,,,,,,否
RES01888,产品经理,产品部,内部推荐,2024-06-10,通过,2024-06-14,2024-06-18,谭凤兰,通过,2024-06-23,武兰英,通过,2024-06-30,庄艳,通过,2024-06-27,22k,21933.0,是,2024-08-01,是
RES01889,客服主管,客服部,前程无忧,2025-03-23,通过,2025-03-27,2025-03-28,梁英,通过,2025-03-31,冉婷,不通过,,,,,,,,,否
RES01890,市场推广,市场部,BOSS直聘,2025-05-13,不通过,,,,,,,,,,,,,,,,否
RES01891,测试工程师,技术部,BOSS直聘,2024-11-20,不通过,,,,,,,,,,,,,,,,否
RES01892,产品运营,运营部,BOSS直聘,2024-06-27,不通过,,,,,,,,,,,,,,,,否
RES01893,产品经理,产品部,前程无忧,2024-12-31,通过,2025-01-01,2025-01-08,罗小红,通过,2025-01-15,廖柳,通过,2025-01-13,许强,通过,2025-01-20,9k,9132.0,否,,否
RES01894,市场推广,市场部,BOSS直聘,2024-08-16,不通过,,,,,,,,,,,,,,,,否
RES01895,HRBP,人事部,BOSS直聘,2024-06-28,通过,2024-07-03,2024-07-01,刘明,候选人放弃,,,,,,,,,,,,否
RES01896,市场推广,市场部,内部推荐,2025-01-22,不通过,,,,,,,,,,,,,,,,否
RES01897,客服主管,客服部,BOSS直聘,2024-11-10,不通过,,,,,,,,,,,,,,,,否
RES01898,财务会计,财务部,智联招聘,2024-10-28,通过,2024-11-02,2024-11-03,赵凤兰,通过,2024-11-08,刘倩,不通过,,,,,,,,,否
RES01899,产品运营,运营部,BOSS直聘,2024-05-10,不通过,,,,,,,,,,,,,,,,否
RES01900,产品经理,产品部,内部推荐,2024-06-30,通过,2024-07-02,2024-07-05,刘桂芳,不通过,,,,,,,,,,,,否
RES01901,市场推广,市场部,前程无忧,2024-01-02,通过,2024-01-03,2024-01-08,包成,候选人放弃,,,,,,,,,,,,否
RES01902,产品运营,运营部,校园招聘,2025-02-04,通过,2025-02-05,2025-02-10,邓敏,候选人放弃,,,,,,,,,,,,否
RES01903,产品经理,产品部,前程无忧,2024-02-03,不通过,,,,,,,,,,,,,,,,否
RES01904,测试工程师,技术部,校园招聘,2024-07-05,通过,2024-07-08,2024-07-11,武莹,候选人放弃,,,,,,,,,,,,否
RES01905,产品经理,产品部,校园招聘,2024-11-21,不通过,,,,,,,,,,,,,,,,否
RES01906,测试工程师,技术部,前程无忧,2024-08-14,不通过,,,,,,,,,,,,,,,,否
RES01907,客服主管,客服部,校园招聘,2024-04-16,不通过,,,,,,,,,,,,,,,,否
RES01908,产品运营,运营部,智联招聘,2025-05-23,通过,2025-05-26,2025-06-02,赵瑜,不通过,,,,,,,,,,,,否
RES01909,客服主管,客服部,智联招聘,2024-05-24,不通过,,,,,,,,,,,,,,,,否
RES01910,测试工程师,技术部,BOSS直聘,2024-12-05,不通过,,,,,,,,,,,,,,,,否
RES01911,市场推广,市场部,前程无忧,2024-03-20,不通过,,,,,,,,,,,,,,,,否
RES01912,销售代表,销售部,猎聘,2024-08-31,不通过,,,,,,,,,,,,,,,,否
RES01913,财务会计,财务部,内部推荐,2024-12-21,通过,2024-12-23,2024-12-28,林楠,通过,2025-01-04,陈建,通过,2025-01-08,王秀梅,通过,2025-01-06,13k,13675.0,是,2025-01-23,是
RES01914,销售代表,销售部,BOSS直聘,2024-11-23,不通过,,,,,,,,,,,,,,,,否
RES01915,Java开发工程师,技术部,智联招聘,2024-06-20,通过,2024-06-24,2024-06-29,冷帅,不通过,,,,,,,,,,,,否
RES01916,前端开发工程师,技术部,BOSS直聘,2024-03-31,不通过,,,,,,,,,,,,,,,,否
RES01917,数据分析师,产品部,猎聘,2024-12-09,通过,2024-12-12,2024-12-18,张娜,通过,2024-12-21,杨岩,通过,2024-12-26,黄玉兰,通过,2024-12-30,20k,22111.0,是,2025-01-16,是
RES01918,销售代表,销售部,BOSS直聘,2025-04-02,通过,2025-04-04,2025-04-05,胡浩,通过,2025-04-15,张凤兰,通过,2025-04-16,张瑞,通过,2025-04-25,14k,15581.0,是,2025-06-01,是
RES01919,HRBP,人事部,校园招聘,2024-01-12,不通过,,,,,,,,,,,,,,,,否
RES01920,财务会计,财务部,BOSS直聘,2024-09-28,不通过,,,,,,,,,,,,,,,,否
RES01921,前端开发工程师,技术部,BOSS直聘,2024-08-02,通过,2024-08-03,2024-08-10,曾雪梅,通过,2024-08-17,李宁,不通过,,,,,,,,,否
RES01922,市场推广,市场部,校园招聘,2024-09-12,通过,2024-09-13,2024-09-18,姜秀华,不通过,,,,,,,,,,,,否
RES01923,客服主管,客服部,智联招聘,2024-03-10,不通过,,,,,,,,,,,,,,,,否
RES01924,HRBP,人事部,BOSS直聘,2024-12-24,不通过,,,,,,,,,,,,,,,,否
RES01925,前端开发工程师,技术部,前程无忧,2024-09-19,不通过,,,,,,,,,,,,,,,,否
RES01926,前端开发工程师,技术部,BOSS直聘,2024-04-20,不通过,,,,,,,,,,,,,,,,否
RES01927,产品经理,产品部,猎头,2024-01-02,通过,2024-01-04,2024-01-11,李桂芳,不通过,,,,,,,,,,,,否
RES01928,Java开发工程师,技术部,前程无忧,2024-02-19,通过,2024-02-21,2024-02-22,宋桂兰,通过,2024-03-05,周秀芳,不通过,,,,,,,,,否
RES01929,客服主管,客服部,BOSS直聘,2025-01-30,通过,2025-02-03,2025-02-04,郁玉梅,通过,2025-02-06,黄娜,通过,2025-02-14,宫萍,通过,2025-02-14,16k,17773.0,否,,否
RES01930,市场推广,市场部,前程无忧,2025-03-24,不通过,,,,,,,,,,,,,,,,否
RES01931,数据分析师,产品部,BOSS直聘,2025-03-05,不通过,,,,,,,,,,,,,,,,否
RES01932,产品运营,运营部,内部推荐,2024-06-19,不通过,,,,,,,,,,,,,,,,否
RES01933,销售代表,销售部,校园招聘,2025-02-27,不通过,,,,,,,,,,,,,,,,否
RES01934,财务会计,财务部,校园招聘,2025-05-19,不通过,,,,,,,,,,,,,,,,否
RES01935,Java开发工程师,技术部,智联招聘,2025-01-22,通过,2025-01-27,2025-01-31,陈英,候选人放弃,,,,,,,,,,,,否
RES01936,产品经理,产品部,智联招聘,2024-12-25,通过,2024-12-30,2024-12-29,沈荣,通过,2025-01-07,韩瑞,不通过,,,,,,,,,否
RES01937,产品经理,产品部,BOSS直聘,2025-01-19,通过,2025-01-24,2025-01-28,王雷,不通过,,,,,,,,,,,,否
RES01938,前端开发工程师,技术部,猎聘,2024-04-13,不通过,,,,,,,,,,,,,,,,否
RES01939,行政专员,人事部,前程无忧,2025-05-05,通过,2025-05-08,2025-05-09,许洋,通过,2025-05-19,吴倩,通过,2025-05-23,李凯,通过,2025-05-21,15k,16708.0,是,2025-06-19,是
RES01940,销售代表,销售部,智联招聘,2024-08-18,不通过,,,,,,,,,,,,,,,,否
RES01941,Java开发工程师,技术部,校园招聘,2024-06-15,不通过,,,,,,,,,,,,,,,,否
RES01942,测试工程师,技术部,BOSS直聘,2025-04-07,不通过,,,,,,,,,,,,,,,,否
RES01943,前端开发工程师,技术部,BOSS直聘,2024-03-16,不通过,,,,,,,,,,,,,,,,否
RES01944,Java开发工程师,技术部,BOSS直聘,2024-02-04,不通过,,,,,,,,,,,,,,,,否
RES01945,HRBP,人事部,BOSS直聘,2024-10-28,不通过,,,,,,,,,,,,,,,,否
RES01946,客服主管,客服部,BOSS直聘,2024-01-21,不通过,,,,,,,,,,,,,,,,否
RES01947,数据分析师,产品部,前程无忧,2024-11-22,不通过,,,,,,,,,,,,,,,,否
RES01948,财务会计,财务部,智联招聘,2024-09-24,不通过,,,,,,,,,,,,,,,,否
RES01949,销售代表,销售部,BOSS直聘,2024-04-17,不通过,,,,,,,,,,,,,,,,否
RES01950,测试工程师,技术部,内部推荐,2024-03-16,通过,2024-03-18,2024-03-26,徐建平,通过,2024-03-27,尹玉珍,通过,2024-03-29,邵颖,通过,2024-04-01,26k,24634.0,否,,否
RES01951,产品经理,产品部,BOSS直聘,2024-12-16,不通过,,,,,,,,,,,,,,,,否
RES01952,测试工程师,技术部,猎聘,2024-06-23,通过,2024-06-25,2024-07-03,杨玉兰,通过,2024-07-03,王楠,通过,2024-07-12,刘晶,通过,2024-07-12,21k,20684.0,是,2024-07-27,是
RES01953,测试工程师,技术部,智联招聘,2025-01-19,不通过,,,,,,,,,,,,,,,,否
RES01954,行政专员,人事部,前程无忧,2024-06-13,不通过,,,,,,,,,,,,,,,,否
RES01955,市场推广,市场部,校园招聘,2024-03-17,不通过,,,,,,,,,,,,,,,,否
RES01956,产品运营,运营部,BOSS直聘,2024-04-05,通过,2024-04-07,2024-04-15,许娟,不通过,,,,,,,,,,,,否
RES01957,客服主管,客服部,前程无忧,2024-12-12,不通过,,,,,,,,,,,,,,,,否
RES01958,销售代表,销售部,校园招聘,2025-05-09,不通过,,,,,,,,,,,,,,,,否
RES01959,HRBP,人事部,前程无忧,2024-02-01,不通过,,,,,,,,,,,,,,,,否
RES01960,销售代表,销售部,BOSS直聘,2025-03-17,不通过,,,,,,,,,,,,,,,,否
RES01961,市场推广,市场部,智联招聘,2024-06-17,不通过,,,,,,,,,,,,,,,,否
RES01962,测试工程师,技术部,猎聘,2025-03-20,不通过,,,,,,,,,,,,,,,,否
RES01963,数据分析师,产品部,校园招聘,2024-06-09,不通过,,,,,,,,,,,,,,,,否
RES01964,财务会计,财务部,BOSS直聘,2024-02-24,通过,2024-02-25,2024-02-28,郑凤兰,通过,2024-03-02,何燕,通过,2024-03-08,阎英,通过,2024-03-12,14k,14286.0,否,,否
RES01965,财务会计,财务部,BOSS直聘,2024-04-13,通过,2024-04-17,2024-04-23,赵秀云,通过,2024-04-28,杨旭,通过,2024-04-25,蒲丽,通过,2024-05-02,11k,11699.0,是,2024-06-11,是
RES01966,Java开发工程师,技术部,智联招聘,2024-12-05,通过,2024-12-08,2024-12-10,李超,不通过,,,,,,,,,,,,否
RES01967,前端开发工程师,技术部,BOSS直聘,2024-07-29,通过,2024-08-03,2024-08-06,乔佳,候选人放弃,,,,,,,,,,,,否
RES01968,财务会计,财务部,BOSS直聘,2024-07-13,不通过,,,,,,,,,,,,,,,,否
RES01969,行政专员,人事部,BOSS直聘,2025-02-23,通过,2025-02-27,2025-03-03,张琴,通过,2025-03-04,李杨,不通过,,,,,,,,,否
RES01970,产品运营,运营部,BOSS直聘,2024-09-28,通过,2024-10-02,2024-10-07,王俊,通过,2024-10-12,王秀英,通过,2024-10-10,赵秀荣,通过,2024-10-17,30k,29049.0,是,2024-11-14,是
RES01971,HRBP,人事部,BOSS直聘,2024-10-15,通过,2024-10-20,2024-10-20,袁建平,通过,2024-10-30,周淑兰,通过,2024-11-01,何杨,不通过,,,,,,否
RES01972,数据分析师,产品部,校园招聘,2024-10-31,不通过,,,,,,,,,,,,,,,,否
RES01973,测试工程师,技术部,BOSS直聘,2024-08-31,不通过,,,,,,,,,,,,,,,,否
RES01974,市场推广,市场部,BOSS直聘,2024-04-08,通过,2024-04-12,2024-04-16,余欢,不通过,,,,,,,,,,,,否
RES01975,产品经理,产品部,BOSS直聘,2024-02-20,不通过,,,,,,,,,,,,,,,,否
RES01976,财务会计,财务部,校园招聘,2025-02-06,不通过,,,,,,,,,,,,,,,,否
RES01977,数据分析师,产品部,内部推荐,2025-05-17,通过,2025-05-22,2025-05-23,陈雪,通过,2025-05-26,张莹,通过,2025-06-01,潘秀荣,通过,2025-06-05,13k,13186.0,是,2025-07-11,是
RES01978,产品经理,产品部,内部推荐,2024-06-06,不通过,,,,,,,,,,,,,,,,否
RES01979,数据分析师,产品部,BOSS直聘,2024-02-25,不通过,,,,,,,,,,,,,,,,否
RES01980,财务会计,财务部,内部推荐,2025-01-04,通过,2025-01-09,2025-01-14,魏淑兰,通过,2025-01-11,李凤英,通过,2025-01-19,乐彬,通过,2025-01-20,34k,35112.0,是,2025-02-18,是
RES01981,测试工程师,技术部,智联招聘,2024-01-04,不通过,,,,,,,,,,,,,,,,否
RES01982,数据分析师,产品部,BOSS直聘,2025-03-13,不通过,,,,,,,,,,,,,,,,否
RES01983,测试工程师,技术部,前程无忧,2024-03-30,通过,2024-04-04,2024-04-09,刘涛,不通过,,,,,,,,,,,,否
RES01984,数据分析师,产品部,内部推荐,2024-10-28,通过,2024-11-02,2024-11-06,廖博,通过,2024-11-10,裴秀英,通过,2024-11-14,李涛,通过,2024-11-16,25k,24185.0,是,2024-12-16,是
RES01985,行政专员,人事部,内部推荐,2025-05-06,不通过,,,,,,,,,,,,,,,,否
RES01986,产品经理,产品部,校园招聘,2024-07-23,不通过,,,,,,,,,,,,,,,,否
RES01987,前端开发工程师,技术部,校园招聘,2024-04-09,不通过,,,,,,,,,,,,,,,,否
RES01988,测试工程师,技术部,BOSS直聘,2024-01-27,不通过,,,,,,,,,,,,,,,,否
RES01989,HRBP,人事部,智联招聘,2024-07-30,不通过,,,,,,,,,,,,,,,,否
RES01990,产品运营,运营部,BOSS直聘,2024-06-23,不通过,,,,,,,,,,,,,,,,否
RES01991,行政专员,人事部,校园招聘,2024-10-25,不通过,,,,,,,,,,,,,,,,否
RES01992,前端开发工程师,技术部,BOSS直聘,2024-03-24,不通过,,,,,,,,,,,,,,,,否
RES01993,产品运营,运营部,校园招聘,2025-04-29,不通过,,,,,,,,,,,,,,,,否
RES01994,前端开发工程师,技术部,智联招聘,2024-04-28,不通过,,,,,,,,,,,,,,,,否
RES01995,前端开发工程师,技术部,智联招聘,2024-11-11,不通过,,,,,,,,,,,,,,,,否
RES01996,前端开发工程师,技术部,BOSS直聘,2025-02-11,通过,2025-02-12,2025-02-19,张玉,不通过,,,,,,,,,,,,否
RES01997,Java开发工程师,技术部,智联招聘,2025-04-27,不通过,,,,,,,,,,,,,,,,否
RES01998,产品运营,运营部,校园招聘,2025-05-15,不通过,,,,,,,,,,,,,,,,否
RES01999,前端开发工程师,技术部,BOSS直聘,2024-09-28,不通过,,,,,,,,,,,,,,,,否
RES02000,客服主管,客服部,智联招聘,2024-04-03,不通过,,,,,,,,,,,,,,,,否
RES02001,客服主管,客服部,BOSS直聘,2025-01-31,不通过,,,,,,,,,,,,,,,,否
RES02002,数据分析师,产品部,智联招聘,2024-07-08,不通过,,,,,,,,,,,,,,,,否
RES02003,数据分析师,产品部,BOSS直聘,2025-01-14,通过,2025-01-15,2025-01-22,董欣,通过,2025-01-21,周想,通过,2025-01-31,王冬梅,通过,2025-01-30,20k,21757.0,是,2025-02-13,是
RES02004,财务会计,财务部,BOSS直聘,2025-01-25,通过,2025-01-28,2025-01-28,王桂香,不通过,,,,,,,,,,,,否
RES02005,HRBP,人事部,校园招聘,2025-01-13,不通过,,,,,,,,,,,,,,,,否
RES02006,测试工程师,技术部,智联招聘,2024-07-10,不通过,,,,,,,,,,,,,,,,否
RES02007,产品经理,产品部,BOSS直聘,2025-04-01,通过,2025-04-02,2025-04-11,李娟,通过,2025-04-15,李瑞,不通过,,,,,,,,,否
RES02008,测试工程师,技术部,前程无忧,2024-02-15,不通过,,,,,,,,,,,,,,,,否
RES02009,财务会计,财务部,BOSS直聘,2024-09-26,不通过,,,,,,,,,,,,,,,,否
RES02010,Java开发工程师,技术部,BOSS直聘,2025-03-26,不通过,,,,,,,,,,,,,,,,否
RES02011,客服主管,客服部,前程无忧,2025-04-21,不通过,,,,,,,,,,,,,,,,否
RES02012,产品运营,运营部,BOSS直聘,2024-09-26,不通过,,,,,,,,,,,,,,,,否
RES02013,HRBP,人事部,猎聘,2024-08-19,通过,2024-08-20,2024-08-24,曾秀荣,候选人放弃,,,,,,,,,,,,否
RES02014,HRBP,人事部,前程无忧,2024-10-02,不通过,,,,,,,,,,,,,,,,否
RES02015,数据分析师,产品部,内部推荐,2024-03-04,通过,2024-03-06,2024-03-08,靳涛,通过,2024-03-11,牛刚,通过,2024-03-24,程军,通过,2024-03-23,14k,14807.0,是,2024-04-13,是
RES02016,产品经理,产品部,校园招聘,2024-06-03,不通过,,,,,,,,,,,,,,,,否
RES02017,产品运营,运营部,BOSS直聘,2024-04-09,通过,2024-04-11,2024-04-17,连春梅,候选人放弃,,,,,,,,,,,,否
RES02018,数据分析师,产品部,智联招聘,2024-03-28,不通过,,,,,,,,,,,,,,,,否
RES02019,市场推广,市场部,智联招聘,2024-12-18,不通过,,,,,,,,,,,,,,,,否
RES02020,产品经理,产品部,BOSS直聘,2025-02-27,不通过,,,,,,,,,,,,,,,,否
RES02021,HRBP,人事部,内部推荐,2024-08-20,不通过,,,,,,,,,,,,,,,,否
RES02022,Java开发工程师,技术部,内部推荐,2024-03-03,不通过,,,,,,,,,,,,,,,,否
RES02023,行政专员,人事部,前程无忧,2025-01-31,通过,2025-02-05,2025-02-07,董飞,通过,2025-02-14,满洋,通过,2025-02-15,杜婷婷,通过,2025-02-23,21k,20009.0,否,,否
RES02024,行政专员,人事部,前程无忧,2025-06-19,不通过,,,,,,,,,,,,,,,,否
RES02025,客服主管,客服部,BOSS直聘,2025-03-04,通过,2025-03-07,2025-03-12,李鹏,通过,2025-03-12,董云,通过,2025-03-23,李鹏,通过,2025-03-20,11k,12796.0,是,2025-04-05,是
RES02026,HRBP,人事部,前程无忧,2025-05-01,不通过,,,,,,,,,,,,,,,,否
RES02027,Java开发工程师,技术部,内部推荐,2024-08-29,不通过,,,,,,,,,,,,,,,,否
RES02028,产品经理,产品部,前程无忧,2025-05-02,不通过,,,,,,,,,,,,,,,,否
RES02029,Java开发工程师,技术部,BOSS直聘,2024-11-02,不通过,,,,,,,,,,,,,,,,否
RES02030,销售代表,销售部,猎聘,2024-03-21,通过,2024-03-24,2024-03-27,陈秀芳,通过,2024-03-31,杨敏,通过,2024-04-04,王博,通过,2024-04-09,9k,9511.0,是,2024-04-28,是
RES02031,产品经理,产品部,智联招聘,2025-02-08,不通过,,,,,,,,,,,,,,,,否
RES02032,前端开发工程师,技术部,前程无忧,2024-02-05,通过,2024-02-07,2024-02-11,潘明,通过,2024-02-16,任小红,通过,2024-02-24,唐桂芳,通过,2024-02-24,11k,11005.0,是,2024-03-17,是
RES02033,产品经理,产品部,前程无忧,2025-05-29,不通过,,,,,,,,,,,,,,,,否
RES02034,客服主管,客服部,智联招聘,2025-06-13,不通过,,,,,,,,,,,,,,,,否
RES02035,数据分析师,产品部,猎聘,2024-05-30,不通过,,,,,,,,,,,,,,,,否
RES02036,行政专员,人事部,校园招聘,2024-05-03,通过,2024-05-08,2024-05-09,何宇,通过,2024-05-16,曾帅,不通过,,,,,,,,,否
RES02037,产品经理,产品部,BOSS直聘,2025-04-04,通过,2025-04-07,2025-04-11,张洋,通过,2025-04-14,姚建华,通过,2025-04-23,陈辉,通过,2025-04-23,9k,9791.0,是,2025-05-24,是
RES02038,数据分析师,产品部,校园招聘,2024-06-26,通过,2024-07-01,2024-07-05,刘华,通过,2024-07-03,田玉兰,不通过,,,,,,,,,否
RES02039,前端开发工程师,技术部,前程无忧,2024-06-20,不通过,,,,,,,,,,,,,,,,否
RES02040,销售代表,销售部,猎聘,2024-08-04,通过,2024-08-07,2024-08-09,张林,通过,2024-08-16,张想,通过,2024-08-17,江健,通过,2024-08-21,19k,18966.0,是,2024-09-08,是
RES02041,测试工程师,技术部,校园招聘,2024-07-16,不通过,,,,,,,,,,,,,,,,否
RES02042,测试工程师,技术部,智联招聘,2024-05-09,不通过,,,,,,,,,,,,,,,,否
RES02043,测试工程师,技术部,内部推荐,2024-02-13,通过,2024-02-17,2024-02-19,李婷婷,不通过,,,,,,,,,,,,否
RES02044,Java开发工程师,技术部,BOSS直聘,2025-03-09,通过,2025-03-12,2025-03-18,郑东,不通过,,,,,,,,,,,,否
RES02045,产品运营,运营部,BOSS直聘,2024-03-21,通过,2024-03-23,2024-03-25,郭金凤,候选人放弃,,,,,,,,,,,,否
RES02046,行政专员,人事部,猎聘,2025-03-21,不通过,,,,,,,,,,,,,,,,否
RES02047,Java开发工程师,技术部,校园招聘,2024-07-25,不通过,,,,,,,,,,,,,,,,否
RES02048,销售代表,销售部,校园招聘,2024-05-31,不通过,,,,,,,,,,,,,,,,否
RES02049,测试工程师,技术部,猎聘,2024-09-21,不通过,,,,,,,,,,,,,,,,否
RES02050,产品运营,运营部,前程无忧,2024-11-23,通过,2024-11-28,2024-11-30,谢丽华,通过,2024-12-08,李强,不通过,,,,,,,,,否
RES02051,HRBP,人事部,智联招聘,2024-03-09,通过,2024-03-14,2024-03-17,何欣,通过,2024-03-16,张强,不通过,,,,,,,,,否
RES02052,财务会计,财务部,猎头,2024-03-30,不通过,,,,,,,,,,,,,,,,否
RES02053,客服主管,客服部,智联招聘,2025-02-01,不通过,,,,,,,,,,,,,,,,否
RES02054,Java开发工程师,技术部,内部推荐,2025-02-10,不通过,,,,,,,,,,,,,,,,否
RES02055,数据分析师,产品部,前程无忧,2024-11-29,不通过,,,,,,,,,,,,,,,,否
RES02056,市场推广,市场部,前程无忧,2024-10-09,不通过,,,,,,,,,,,,,,,,否
RES02057,产品运营,运营部,智联招聘,2025-06-16,通过,2025-06-17,2025-06-21,易桂芳,通过,2025-06-24,卢磊,通过,2025-07-01,朱冬梅,通过,2025-07-07,10k,11445.0,是,2025-08-02,是
RES02058,HRBP,人事部,猎头,2025-04-14,通过,2025-04-18,2025-04-18,杨淑珍,通过,2025-04-27,王磊,通过,2025-05-03,赖杨,通过,2025-05-09,20k,21677.0,是,2025-06-07,是
RES02059,市场推广,市场部,前程无忧,2024-01-13,不通过,,,,,,,,,,,,,,,,否
RES02060,财务会计,财务部,校园招聘,2025-06-19,不通过,,,,,,,,,,,,,,,,否
RES02061,财务会计,财务部,BOSS直聘,2025-03-05,不通过,,,,,,,,,,,,,,,,否
RES02062,行政专员,人事部,前程无忧,2024-04-25,不通过,,,,,,,,,,,,,,,,否
RES02063,市场推广,市场部,猎聘,2025-02-28,通过,2025-03-03,2025-03-09,邓鑫,候选人放弃,,,,,,,,,,,,否
RES02064,行政专员,人事部,内部推荐,2024-06-02,通过,2024-06-07,2024-06-12,祝兵,通过,2024-06-09,高建国,通过,2024-06-16,邓敏,通过,2024-06-20,20k,19541.0,是,2024-07-02,是
RES02065,行政专员,人事部,校园招聘,2024-05-31,不通过,,,,,,,,,,,,,,,,否
RES02066,行政专员,人事部,BOSS直聘,2024-04-12,不通过,,,,,,,,,,,,,,,,否
RES02067,测试工程师,技术部,BOSS直聘,2024-04-18,不通过,,,,,,,,,,,,,,,,否
RES02068,行政专员,人事部,智联招聘,2024-04-13,通过,2024-04-15,2024-04-20,刘丽丽,通过,2024-04-25,王畅,通过,2024-04-27,李红,通过,2024-05-04,12k,12382.0,是,2024-06-08,是
RES02069,HRBP,人事部,BOSS直聘,2024-10-19,通过,2024-10-23,2024-10-28,李玉,通过,2024-10-27,刘鑫,不通过,,,,,,,,,否
RES02070,客服主管,客服部,猎头,2024-12-18,通过,2024-12-19,2024-12-22,文林,通过,2024-12-31,孙瑜,通过,2024-12-30,李楠,通过,2025-01-04,18k,17082.0,是,2025-02-07,是
RES02071,产品经理,产品部,BOSS直聘,2025-02-24,不通过,,,,,,,,,,,,,,,,否
RES02072,HRBP,人事部,智联招聘,2024-09-27,不通过,,,,,,,,,,,,,,,,否
RES02073,销售代表,销售部,BOSS直聘,2025-01-27,不通过,,,,,,,,,,,,,,,,否
RES02074,行政专员,人事部,前程无忧,2025-05-12,不通过,,,,,,,,,,,,,,,,否
RES02075,产品运营,运营部,智联招聘,2025-04-29,不通过,,,,,,,,,,,,,,,,否
RES02076,产品运营,运营部,BOSS直聘,2024-02-08,通过,2024-02-09,2024-02-16,季海燕,不通过,,,,,,,,,,,,否
RES02077,市场推广,市场部,智联招聘,2024-06-25,不通过,,,,,,,,,,,,,,,,否
RES02078,数据分析师,产品部,智联招聘,2024-10-09,不通过,,,,,,,,,,,,,,,,否
RES02079,市场推广,市场部,猎头,2025-02-16,不通过,,,,,,,,,,,,,,,,否
RES02080,销售代表,销售部,BOSS直聘,2024-05-27,不通过,,,,,,,,,,,,,,,,否
RES02081,数据分析师,产品部,前程无忧,2025-02-15,通过,2025-02-17,2025-02-24,尹丽娟,候选人放弃,,,,,,,,,,,,否
RES02082,HRBP,人事部,猎头,2024-02-09,不通过,,,,,,,,,,,,,,,,否
RES02083,数据分析师,产品部,内部推荐,2025-02-09,通过,2025-02-10,2025-02-16,车淑华,通过,2025-02-23,吕颖,通过,2025-02-28,汪秀兰,通过,2025-02-28,9k,8600.0,是,2025-03-22,是
RES02084,产品运营,运营部,猎头,2024-12-05,通过,2024-12-08,2024-12-13,柯秀珍,通过,2024-12-12,周玉英,通过,2024-12-19,高婷,通过,2024-12-24,19k,19367.0,是,2025-01-13,是
RES02085,前端开发工程师,技术部,猎头,2024-08-31,通过,2024-09-03,2024-09-09,姚丹,通过,2024-09-08,彭鑫,通过,2024-09-14,孟鹏,通过,2024-09-17,28k,28701.0,否,,否
RES02086,测试工程师,技术部,前程无忧,2024-02-20,不通过,,,,,,,,,,,,,,,,否
RES02087,测试工程师,技术部,猎聘,2025-05-01,不通过,,,,,,,,,,,,,,,,否
RES02088,前端开发工程师,技术部,BOSS直聘,2024-10-02,不通过,,,,,,,,,,,,,,,,否
RES02089,测试工程师,技术部,智联招聘,2025-01-16,不通过,,,,,,,,,,,,,,,,否
RES02090,产品经理,产品部,内部推荐,2024-01-21,不通过,,,,,,,,,,,,,,,,否
RES02091,前端开发工程师,技术部,前程无忧,2024-12-11,不通过,,,,,,,,,,,,,,,,否
RES02092,Java开发工程师,技术部,猎聘,2024-11-06,不通过,,,,,,,,,,,,,,,,否
RES02093,行政专员,人事部,内部推荐,2024-11-14,通过,2024-11-15,2024-11-22,谭淑珍,通过,2024-11-22,钱洋,通过,2024-11-27,陈建华,通过,2024-12-04,28k,30302.0,是,2024-12-14,是
RES02094,测试工程师,技术部,BOSS直聘,2024-10-14,不通过,,,,,,,,,,,,,,,,否
RES02095,销售代表,销售部,校园招聘,2025-05-18,不通过,,,,,,,,,,,,,,,,否
RES02096,市场推广,市场部,智联招聘,2024-04-10,不通过,,,,,,,,,,,,,,,,否
RES02097,Java开发工程师,技术部,BOSS直聘,2024-08-21,通过,2024-08-25,2024-08-28,周云,通过,2024-09-05,何玉华,不通过,,,,,,,,,否
RES02098,客服主管,客服部,校园招聘,2024-05-17,不通过,,,,,,,,,,,,,,,,否
RES02099,行政专员,人事部,智联招聘,2024-11-03,不通过,,,,,,,,,,,,,,,,否
RES02100,产品运营,运营部,内部推荐,2025-03-29,不通过,,,,,,,,,,,,,,,,否
RES02101,行政专员,人事部,前程无忧,2024-11-24,通过,2024-11-29,2024-12-03,王丽娟,通过,2024-12-03,刘博,通过,2024-12-06,黄建平,通过,2024-12-18,21k,22789.0,是,2025-01-01,是
RES02102,测试工程师,技术部,智联招聘,2024-10-02,通过,2024-10-06,2024-10-09,李畅,不通过,,,,,,,,,,,,否
RES02103,市场推广,市场部,内部推荐,2025-03-02,通过,2025-03-05,2025-03-08,胡建,通过,2025-03-14,李慧,通过,2025-03-18,卓雪梅,通过,2025-03-26,23k,23500.0,是,2025-04-11,是
RES02104,财务会计,财务部,前程无忧,2024-04-01,不通过,,,,,,,,,,,,,,,,否
RES02105,数据分析师,产品部,智联招聘,2024-07-11,不通过,,,,,,,,,,,,,,,,否
RES02106,数据分析师,产品部,BOSS直聘,2025-03-28,通过,2025-03-31,2025-04-07,张博,通过,2025-04-11,王建,通过,2025-04-11,王桂荣,通过,2025-04-22,20k,19765.0,是,2025-05-24,是
RES02107,财务会计,财务部,校园招聘,2024-08-04,通过,2024-08-08,2024-08-08,李文,不通过,,,,,,,,,,,,否
RES02108,Java开发工程师,技术部,BOSS直聘,2025-02-20,通过,2025-02-25,2025-02-27,贺超,通过,2025-03-06,李楠,不通过,,,,,,,,,否
RES02109,HRBP,人事部,校园招聘,2025-05-11,不通过,,,,,,,,,,,,,,,,否
RES02110,产品运营,运营部,智联招聘,2025-06-12,通过,2025-06-17,2025-06-20,邱春梅,候选人放弃,,,,,,,,,,,,否
RES02111,市场推广,市场部,猎聘,2025-01-17,不通过,,,,,,,,,,,,,,,,否
RES02112,市场推广,市场部,校园招聘,2024-02-27,不通过,,,,,,,,,,,,,,,,否
RES02113,市场推广,市场部,BOSS直聘,2025-06-11,不通过,,,,,,,,,,,,,,,,否
RES02114,数据分析师,产品部,前程无忧,2024-06-11,不通过,,,,,,,,,,,,,,,,否
RES02115,测试工程师,技术部,内部推荐,2024-03-08,通过,2024-03-12,2024-03-13,鞠凤兰,不通过,,,,,,,,,,,,否
RES02116,前端开发工程师,技术部,内部推荐,2024-11-14,通过,2024-11-15,2024-11-20,袁成,通过,2024-11-22,李慧,通过,2024-11-28,张雪,通过,2024-12-01,33k,34966.0,是,2024-12-26,是
RES02117,市场推广,市场部,前程无忧,2025-06-02,不通过,,,,,,,,,,,,,,,,否
RES02118,财务会计,财务部,前程无忧,2025-02-17,通过,2025-02-22,2025-02-25,王杰,通过,2025-03-01,高婷,不通过,,,,,,,,,否
RES02119,客服主管,客服部,内部推荐,2024-05-18,通过,2024-05-23,2024-05-27,梁想,通过,2024-06-01,邱丹丹,通过,2024-06-06,喻桂英,通过,2024-06-04,13k,13543.0,是,2024-07-13,是
RES02120,销售代表,销售部,内部推荐,2025-06-20,通过,2025-06-22,2025-06-24,洪娟,通过,2025-07-03,曾杰,通过,2025-07-08,贾婷,不通过,,,,,,否
RES02121,行政专员,人事部,内部推荐,2024-01-30,通过,2024-01-31,2024-02-04,张帆,通过,2024-02-14,黎瑜,通过,2024-02-17,梁伟,不通过,,,,,,否
RES02122,销售代表,销售部,智联招聘,2024-06-26,不通过,,,,,,,,,,,,,,,,否
RES02123,财务会计,财务部,猎头,2024-07-16,通过,2024-07-18,2024-07-26,王冬梅,通过,2024-07-28,李丽丽,通过,2024-08-03,王辉,通过,2024-08-08,24k,26554.0,否,,否
RES02124,财务会计,财务部,智联招聘,2024-07-24,通过,2024-07-27,2024-07-29,李红梅,通过,2024-08-03,朱玉,通过,2024-08-09,冷凤兰,通过,2024-08-09,9k,8483.0,是,2024-08-30,是
RES02125,客服主管,客服部,BOSS直聘,2024-02-29,不通过,,,,,,,,,,,,,,,,否
RES02126,产品经理,产品部,智联招聘,2024-09-12,通过,2024-09-14,2024-09-16,李宇,候选人放弃,,,,,,,,,,,,否
RES02127,Java开发工程师,技术部,BOSS直聘,2024-02-03,不通过,,,,,,,,,,,,,,,,否
RES02128,前端开发工程师,技术部,BOSS直聘,2025-04-12,不通过,,,,,,,,,,,,,,,,否
RES02129,测试工程师,技术部,BOSS直聘,2024-02-21,不通过,,,,,,,,,,,,,,,,否
RES02130,HRBP,人事部,BOSS直聘,2025-01-04,不通过,,,,,,,,,,,,,,,,否
RES02131,市场推广,市场部,猎聘,2024-07-22,通过,2024-07-23,2024-07-25,林刚,通过,2024-08-04,舒秀珍,不通过,,,,,,,,,否
RES02132,市场推广,市场部,BOSS直聘,2024-10-07,不通过,,,,,,,,,,,,,,,,否
RES02133,测试工程师,技术部,BOSS直聘,2025-01-12,不通过,,,,,,,,,,,,,,,,否
RES02134,客服主管,客服部,BOSS直聘,2025-04-20,不通过,,,,,,,,,,,,,,,,否
RES02135,产品经理,产品部,BOSS直聘,2025-06-01,通过,2025-06-05,2025-06-05,古华,候选人放弃,,,,,,,,,,,,否
RES02136,市场推广,市场部,BOSS直聘,2025-02-10,不通过,,,,,,,,,,,,,,,,否
RES02137,前端开发工程师,技术部,前程无忧,2024-05-06,不通过,,,,,,,,,,,,,,,,否
RES02138,数据分析师,产品部,猎头,2024-02-01,不通过,,,,,,,,,,,,,,,,否
RES02139,Java开发工程师,技术部,校园招聘,2024-09-04,不通过,,,,,,,,,,,,,,,,否
RES02140,前端开发工程师,技术部,校园招聘,2025-01-16,不通过,,,,,,,,,,,,,,,,否
RES02141,产品经理,产品部,BOSS直聘,2025-05-15,不通过,,,,,,,,,,,,,,,,否
RES02142,财务会计,财务部,BOSS直聘,2025-04-01,通过,2025-04-05,2025-04-04,谭瑜,候选人放弃,,,,,,,,,,,,否
RES02143,前端开发工程师,技术部,BOSS直聘,2024-06-30,不通过,,,,,,,,,,,,,,,,否
RES02144,销售代表,销售部,内部推荐,2025-04-30,不通过,,,,,,,,,,,,,,,,否
RES02145,前端开发工程师,技术部,BOSS直聘,2024-12-24,不通过,,,,,,,,,,,,,,,,否
RES02146,财务会计,财务部,前程无忧,2024-12-18,不通过,,,,,,,,,,,,,,,,否
RES02147,市场推广,市场部,BOSS直聘,2024-06-16,不通过,,,,,,,,,,,,,,,,否
RES02148,行政专员,人事部,BOSS直聘,2024-09-21,通过,2024-09-23,2024-09-25,郑博,候选人放弃,,,,,,,,,,,,否
RES02149,行政专员,人事部,猎头,2024-04-02,不通过,,,,,,,,,,,,,,,,否
RES02150,行政专员,人事部,内部推荐,2024-10-18,通过,2024-10-21,2024-10-24,陈浩,通过,2024-10-28,胡华,不通过,,,,,,,,,否
RES02151,市场推广,市场部,内部推荐,2024-01-29,通过,2024-02-01,2024-02-02,陈杨,通过,2024-02-12,高磊,通过,2024-02-14,陈春梅,通过,2024-02-18,17k,18344.0,是,2024-03-13,是
RES02152,客服主管,客服部,前程无忧,2025-01-30,不通过,,,,,,,,,,,,,,,,否
RES02153,Java开发工程师,技术部,校园招聘,2024-02-20,不通过,,,,,,,,,,,,,,,,否
RES02154,测试工程师,技术部,猎聘,2024-06-15,不通过,,,,,,,,,,,,,,,,否
RES02155,Java开发工程师,技术部,校园招聘,2024-08-07,通过,2024-08-10,2024-08-15,李雷,通过,2024-08-18,陆明,不通过,,,,,,,,,否
RES02156,市场推广,市场部,BOSS直聘,2024-08-14,通过,2024-08-16,2024-08-24,李丽,不通过,,,,,,,,,,,,否
RES02157,前端开发工程师,技术部,前程无忧,2024-08-18,不通过,,,,,,,,,,,,,,,,否
RES02158,数据分析师,产品部,猎聘,2024-07-30,不通过,,,,,,,,,,,,,,,,否
RES02159,HRBP,人事部,智联招聘,2024-10-02,通过,2024-10-04,2024-10-09,何柳,通过,2024-10-13,商璐,不通过,,,,,,,,,否
RES02160,Java开发工程师,技术部,校园招聘,2025-02-23,不通过,,,,,,,,,,,,,,,,否
RES02161,销售代表,销售部,猎头,2025-06-09,通过,2025-06-11,2025-06-14,郭玉华,通过,2025-06-20,舒秀兰,通过,2025-06-29,李秀华,通过,2025-07-02,21k,21199.0,否,,否
RES02162,销售代表,销售部,前程无忧,2024-01-21,不通过,,,,,,,,,,,,,,,,否
RES02163,产品运营,运营部,智联招聘,2024-01-10,不通过,,,,,,,,,,,,,,,,否
RES02164,数据分析师,产品部,智联招聘,2025-04-30,不通过,,,,,,,,,,,,,,,,否
RES02165,销售代表,销售部,校园招聘,2024-05-15,不通过,,,,,,,,,,,,,,,,否
RES02166,测试工程师,技术部,猎聘,2024-06-26,不通过,,,,,,,,,,,,,,,,否
RES02167,Java开发工程师,技术部,BOSS直聘,2024-01-09,不通过,,,,,,,,,,,,,,,,否
RES02168,数据分析师,产品部,前程无忧,2024-08-17,不通过,,,,,,,,,,,,,,,,否
RES02169,数据分析师,产品部,BOSS直聘,2024-09-15,不通过,,,,,,,,,,,,,,,,否
RES02170,HRBP,人事部,内部推荐,2024-11-08,不通过,,,,,,,,,,,,,,,,否
RES02171,财务会计,财务部,智联招聘,2024-10-08,不通过,,,,,,,,,,,,,,,,否
RES02172,行政专员,人事部,智联招聘,2025-03-09,不通过,,,,,,,,,,,,,,,,否
RES02173,前端开发工程师,技术部,内部推荐,2025-01-20,通过,2025-01-21,2025-01-27,吴兵,通过,2025-01-29,王玉,通过,2025-02-02,霍峰,通过,2025-02-14,14k,14038.0,是,2025-03-20,是
RES02174,财务会计,财务部,BOSS直聘,2024-12-23,通过,2024-12-28,2024-12-29,吴欢,候选人放弃,,,,,,,,,,,,否
RES02175,HRBP,人事部,BOSS直聘,2025-04-15,不通过,,,,,,,,,,,,,,,,否
RES02176,客服主管,客服部,智联招聘,2024-09-15,通过,2024-09-16,2024-09-19,彭晨,候选人放弃,,,,,,,,,,,,否
RES02177,行政专员,人事部,BOSS直聘,2024-08-11,通过,2024-08-16,2024-08-15,韩凤英,候选人放弃,,,,,,,,,,,,否
RES02178,数据分析师,产品部,智联招聘,2025-04-22,不通过,,,,,,,,,,,,,,,,否
RES02179,产品运营,运营部,猎头,2024-11-05,通过,2024-11-10,2024-11-11,谢佳,通过,2024-11-14,萧东,通过,2024-11-20,阎春梅,通过,2024-11-23,30k,31928.0,是,2024-12-24,是
RES02180,客服主管,客服部,内部推荐,2025-06-17,通过,2025-06-19,2025-06-22,班洁,通过,2025-06-24,余波,通过,2025-07-02,朱东,通过,2025-07-11,32k,33493.0,是,2025-08-03,是
RES02181,Java开发工程师,技术部,校园招聘,2025-02-10,通过,2025-02-11,2025-02-14,黄军,通过,2025-02-24,黄佳,通过,2025-03-02,马健,通过,2025-03-06,15k,15339.0,是,2025-03-12,是
RES02182,数据分析师,产品部,校园招聘,2024-04-14,不通过,,,,,,,,,,,,,,,,否
RES02183,HRBP,人事部,智联招聘,2024-01-08,通过,2024-01-12,2024-01-18,赵健,通过,2024-01-19,郭俊,不通过,,,,,,,,,否
RES02184,行政专员,人事部,BOSS直聘,2025-06-07,不通过,,,,,,,,,,,,,,,,否
RES02185,数据分析师,产品部,BOSS直聘,2025-01-18,不通过,,,,,,,,,,,,,,,,否
RES02186,数据分析师,产品部,内部推荐,2024-10-16,通过,2024-10-18,2024-10-26,周兵,通过,2024-10-27,范华,通过,2024-11-05,陈艳,通过,2024-11-03,19k,18316.0,是,2024-11-24,是
RES02187,产品运营,运营部,猎聘,2024-11-01,通过,2024-11-03,2024-11-09,王平,通过,2024-11-16,马桂花,不通过,,,,,,,,,否
RES02188,前端开发工程师,技术部,BOSS直聘,2024-04-20,不通过,,,,,,,,,,,,,,,,否
RES02189,数据分析师,产品部,智联招聘,2025-05-08,通过,2025-05-09,2025-05-15,张婷,候选人放弃,,,,,,,,,,,,否
RES02190,前端开发工程师,技术部,前程无忧,2024-03-06,通过,2024-03-10,2024-03-11,李丹丹,通过,2024-03-14,杨桂英,通过,2024-03-21,王飞,不通过,,,,,,否
RES02191,市场推广,市场部,前程无忧,2024-12-10,不通过,,,,,,,,,,,,,,,,否
RES02192,Java开发工程师,技术部,校园招聘,2024-10-10,不通过,,,,,,,,,,,,,,,,否
RES02193,销售代表,销售部,智联招聘,2024-11-28,不通过,,,,,,,,,,,,,,,,否
RES02194,HRBP,人事部,校园招聘,2024-10-10,不通过,,,,,,,,,,,,,,,,否
RES02195,产品运营,运营部,智联招聘,2024-09-24,不通过,,,,,,,,,,,,,,,,否
RES02196,产品运营,运营部,内部推荐,2024-11-01,不通过,,,,,,,,,,,,,,,,否
RES02197,销售代表,销售部,校园招聘,2024-07-11,不通过,,,,,,,,,,,,,,,,否
RES02198,销售代表,销售部,校园招聘,2024-06-02,不通过,,,,,,,,,,,,,,,,否
RES02199,客服主管,客服部,BOSS直聘,2025-06-13,通过,2025-06-15,2025-06-18,许帅,通过,2025-06-22,徐娜,不通过,,,,,,,,,否
RES02200,行政专员,人事部,BOSS直聘,2024-09-03,通过,2024-09-08,2024-09-12,戴龙,候选人放弃,,,,,,,,,,,,否
RES02201,客服主管,客服部,智联招聘,2024-02-28,不通过,,,,,,,,,,,,,,,,否
RES02202,产品经理,产品部,智联招聘,2025-02-17,通过,2025-02-20,2025-02-25,周坤,不通过,,,,,,,,,,,,否
RES02203,产品经理,产品部,猎聘,2024-11-23,通过,2024-11-26,2024-12-01,刘玉兰,候选人放弃,,,,,,,,,,,,否
RES02204,Java开发工程师,技术部,校园招聘,2024-05-23,不通过,,,,,,,,,,,,,,,,否
RES02205,市场推广,市场部,BOSS直聘,2024-01-27,不通过,,,,,,,,,,,,,,,,否
RES02206,HRBP,人事部,智联招聘,2025-05-24,不通过,,,,,,,,,,,,,,,,否
RES02207,产品运营,运营部,BOSS直聘,2024-10-29,不通过,,,,,,,,,,,,,,,,否
RES02208,数据分析师,产品部,校园招聘,2024-09-22,不通过,,,,,,,,,,,,,,,,否
RES02209,行政专员,人事部,猎头,2025-03-04,通过,2025-03-08,2025-03-09,林瑞,通过,2025-03-15,傅勇,不通过,,,,,,,,,否
RES02210,前端开发工程师,技术部,智联招聘,2025-02-18,通过,2025-02-20,2025-02-25,林玲,通过,2025-03-02,刘莹,通过,2025-03-08,何静,通过,2025-03-11,18k,18888.0,否,,否
RES02211,数据分析师,产品部,BOSS直聘,2025-02-01,不通过,,,,,,,,,,,,,,,,否
RES02212,前端开发工程师,技术部,内部推荐,2024-02-06,不通过,,,,,,,,,,,,,,,,否
RES02213,财务会计,财务部,猎聘,2024-07-13,不通过,,,,,,,,,,,,,,,,否
RES02214,销售代表,销售部,智联招聘,2024-12-17,通过,2024-12-18,2024-12-25,楼淑兰,通过,2024-12-31,王利,不通过,,,,,,,,,否
RES02215,Java开发工程师,技术部,校园招聘,2024-08-15,不通过,,,,,,,,,,,,,,,,否
RES02216,财务会计,财务部,猎头,2025-05-02,不通过,,,,,,,,,,,,,,,,否
RES02217,财务会计,财务部,前程无忧,2025-01-02,不通过,,,,,,,,,,,,,,,,否
RES02218,市场推广,市场部,前程无忧,2025-06-03,不通过,,,,,,,,,,,,,,,,否
RES02219,HRBP,人事部,BOSS直聘,2024-11-03,不通过,,,,,,,,,,,,,,,,否
RES02220,产品运营,运营部,前程无忧,2024-06-23,不通过,,,,,,,,,,,,,,,,否
RES02221,测试工程师,技术部,智联招聘,2024-07-04,通过,2024-07-09,2024-07-08,朱伟,通过,2024-07-16,刘鹏,通过,2024-07-21,胡秀荣,通过,2024-07-26,17k,15966.0,是,2024-08-26,是
RES02222,行政专员,人事部,智联招聘,2024-10-27,不通过,,,,,,,,,,,,,,,,否
RES02223,测试工程师,技术部,BOSS直聘,2024-04-09,不通过,,,,,,,,,,,,,,,,否
RES02224,数据分析师,产品部,BOSS直聘,2025-04-27,不通过,,,,,,,,,,,,,,,,否
RES02225,前端开发工程师,技术部,BOSS直聘,2024-05-11,不通过,,,,,,,,,,,,,,,,否
RES02226,前端开发工程师,技术部,前程无忧,2024-09-21,不通过,,,,,,,,,,,,,,,,否
RES02227,前端开发工程师,技术部,前程无忧,2024-07-06,不通过,,,,,,,,,,,,,,,,否
RES02228,产品经理,产品部,前程无忧,2024-12-09,不通过,,,,,,,,,,,,,,,,否
RES02229,HRBP,人事部,智联招聘,2024-04-01,不通过,,,,,,,,,,,,,,,,否
RES02230,Java开发工程师,技术部,智联招聘,2024-08-15,不通过,,,,,,,,,,,,,,,,否
RES02231,数据分析师,产品部,内部推荐,2024-12-29,通过,2025-01-01,2025-01-05,夏宁,通过,2025-01-07,刘桂香,通过,2025-01-11,马婷,通过,2025-01-18,19k,21443.0,是,2025-02-25,是
RES02232,前端开发工程师,技术部,智联招聘,2024-08-16,不通过,,,,,,,,,,,,,,,,否
RES02233,市场推广,市场部,猎头,2024-11-10,通过,2024-11-13,2024-11-17,侯刚,通过,2024-11-17,高雪梅,通过,2024-11-28,罗瑞,通过,2024-12-01,20k,22270.0,是,2025-01-05,是
RES02234,前端开发工程师,技术部,智联招聘,2025-03-06,不通过,,,,,,,,,,,,,,,,否
RES02235,测试工程师,技术部,猎聘,2024-12-05,不通过,,,,,,,,,,,,,,,,否
RES02236,Java开发工程师,技术部,BOSS直聘,2025-01-15,通过,2025-01-19,2025-01-23,刘芳,候选人放弃,,,,,,,,,,,,否
RES02237,产品经理,产品部,猎聘,2024-09-23,不通过,,,,,,,,,,,,,,,,否
RES02238,市场推广,市场部,校园招聘,2024-10-28,不通过,,,,,,,,,,,,,,,,否
RES02239,财务会计,财务部,校园招聘,2025-04-19,不通过,,,,,,,,,,,,,,,,否
RES02240,Java开发工程师,技术部,猎头,2024-04-30,通过,2024-05-01,2024-05-04,吴艳,通过,2024-05-15,房玉珍,通过,2024-05-13,徐丽娟,通过,2024-05-24,23k,23863.0,否,,否
RES02241,财务会计,财务部,BOSS直聘,2025-04-26,不通过,,,,,,,,,,,,,,,,否
RES02242,销售代表,销售部,前程无忧,2024-02-24,不通过,,,,,,,,,,,,,,,,否
RES02243,客服主管,客服部,智联招聘,2024-03-13,不通过,,,,,,,,,,,,,,,,否
RES02244,前端开发工程师,技术部,前程无忧,2025-04-28,通过,2025-05-02,2025-05-03,马建军,候选人放弃,,,,,,,,,,,,否
RES02245,Java开发工程师,技术部,BOSS直聘,2024-07-18,不通过,,,,,,,,,,,,,,,,否
RES02246,客服主管,客服部,校园招聘,2025-05-27,通过,2025-06-01,2025-06-05,王丹,通过,2025-06-09,黄博,不通过,,,,,,,,,否
RES02247,行政专员,人事部,校园招聘,2024-05-02,不通过,,,,,,,,,,,,,,,,否
RES02248,市场推广,市场部,智联招聘,2025-01-25,通过,2025-01-29,2025-01-31,聂雪梅,通过,2025-02-03,刘晨,通过,2025-02-09,张芳,通过,2025-02-18,30k,31715.0,是,2025-03-16,是
RES02249,HRBP,人事部,BOSS直聘,2025-06-26,不通过,,,,,,,,,,,,,,,,否
RES02250,销售代表,销售部,BOSS直聘,2024-11-01,不通过,,,,,,,,,,,,,,,,否
RES02251,行政专员,人事部,猎聘,2025-02-27,通过,2025-03-04,2025-03-04,蒙磊,通过,2025-03-08,耿鑫,通过,2025-03-19,袁淑华,通过,2025-03-23,9k,9811.0,是,2025-04-28,是
RES02252,行政专员,人事部,智联招聘,2024-02-25,不通过,,,,,,,,,,,,,,,,否
RES02253,销售代表,销售部,校园招聘,2024-06-03,不通过,,,,,,,,,,,,,,,,否
RES02254,测试工程师,技术部,猎聘,2024-05-20,不通过,,,,,,,,,,,,,,,,否
RES02255,财务会计,财务部,猎聘,2024-07-24,通过,2024-07-26,2024-07-31,厉成,通过,2024-08-03,张涛,通过,2024-08-05,赵淑兰,通过,2024-08-10,22k,20717.0,否,,否
RES02256,Java开发工程师,技术部,前程无忧,2024-12-16,通过,2024-12-18,2024-12-26,黄红,通过,2024-12-26,朱成,通过,2025-01-03,庞彬,通过,2025-01-09,34k,32084.0,否,,否
RES02257,产品运营,运营部,BOSS直聘,2025-02-23,不通过,,,,,,,,,,,,,,,,否
RES02258,前端开发工程师,技术部,校园招聘,2025-04-13,不通过,,,,,,,,,,,,,,,,否
RES02259,市场推广,市场部,前程无忧,2024-05-26,不通过,,,,,,,,,,,,,,,,否
RES02260,产品经理,产品部,猎头,2024-11-19,通过,2024-11-21,2024-11-29,袁秀珍,通过,2024-12-01,王秀华,通过,2024-12-06,陈莹,通过,2024-12-10,14k,13431.0,是,2025-01-04,是
RES02261,测试工程师,技术部,前程无忧,2024-07-03,通过,2024-07-04,2024-07-06,秦婷,通过,2024-07-16,蒙峰,通过,2024-07-16,徐桂荣,通过,2024-07-23,19k,21574.0,否,,否
RES02262,Java开发工程师,技术部,猎聘,2024-03-23,不通过,,,,,,,,,,,,,,,,否
RES02263,数据分析师,产品部,BOSS直聘,2025-05-14,不通过,,,,,,,,,,,,,,,,否
RES02264,数据分析师,产品部,猎聘,2024-12-06,通过,2024-12-07,2024-12-16,葛婷,不通过,,,,,,,,,,,,否
RES02265,前端开发工程师,技术部,内部推荐,2024-06-30,通过,2024-07-03,2024-07-03,黄婷婷,不通过,,,,,,,,,,,,否
RES02266,Java开发工程师,技术部,内部推荐,2024-11-16,通过,2024-11-18,2024-11-19,廖倩,通过,2024-11-25,吴斌,通过,2024-12-05,王丹,通过,2024-12-01,10k,10196.0,是,2025-01-08,是
RES02267,行政专员,人事部,内部推荐,2024-02-29,通过,2024-03-04,2024-03-05,陈艳,不通过,,,,,,,,,,,,否
RES02268,产品运营,运营部,BOSS直聘,2024-01-05,通过,2024-01-10,2024-01-10,谢平,候选人放弃,,,,,,,,,,,,否
RES02269,产品经理,产品部,猎头,2025-04-07,通过,2025-04-08,2025-04-17,廖兰英,通过,2025-04-20,王洋,通过,2025-04-23,段淑珍,通过,2025-05-01,18k,16773.0,是,2025-05-07,是
RES02270,Java开发工程师,技术部,猎头,2024-10-07,通过,2024-10-09,2024-10-16,王明,通过,2024-10-22,王秀云,通过,2024-10-20,陈莉,通过,2024-10-22,19k,20968.0,是,2024-11-08,是
RES02271,前端开发工程师,技术部,BOSS直聘,2024-08-02,不通过,,,,,,,,,,,,,,,,否
RES02272,产品经理,产品部,校园招聘,2024-06-21,不通过,,,,,,,,,,,,,,,,否
RES02273,产品经理,产品部,BOSS直聘,2024-06-11,不通过,,,,,,,,,,,,,,,,否
RES02274,HRBP,人事部,猎聘,2025-05-16,不通过,,,,,,,,,,,,,,,,否
RES02275,市场推广,市场部,智联招聘,2024-03-31,通过,2024-04-05,2024-04-07,袁欢,通过,2024-04-11,王军,通过,2024-04-20,张红梅,通过,2024-04-20,28k,29052.0,是,2024-05-15,是
RES02276,行政专员,人事部,猎头,2024-05-12,不通过,,,,,,,,,,,,,,,,否
RES02277,HRBP,人事部,BOSS直聘,2025-03-20,通过,2025-03-22,2025-03-26,何桂荣,通过,2025-03-28,徐雪梅,不通过,,,,,,,,,否
RES02278,前端开发工程师,技术部,前程无忧,2025-03-15,不通过,,,,,,,,,,,,,,,,否
RES02279,前端开发工程师,技术部,智联招聘,2025-02-17,不通过,,,,,,,,,,,,,,,,否
RES02280,财务会计,财务部,智联招聘,2025-03-15,不通过,,,,,,,,,,,,,,,,否
RES02281,Java开发工程师,技术部,猎聘,2025-05-03,通过,2025-05-06,2025-05-10,彭超,通过,2025-05-17,杜成,通过,2025-05-23,周玉华,通过,2025-05-26,26k,29536.0,是,2025-06-30,是
RES02282,Java开发工程师,技术部,BOSS直聘,2025-01-27,不通过,,,,,,,,,,,,,,,,否
RES02283,财务会计,财务部,猎聘,2024-01-05,不通过,,,,,,,,,,,,,,,,否
RES02284,客服主管,客服部,猎头,2024-02-08,通过,2024-02-09,2024-02-17,王玉兰,通过,2024-02-18,宋海燕,通过,2024-02-20,张颖,不通过,,,,,,否
RES02285,销售代表,销售部,内部推荐,2025-06-30,通过,2025-07-01,2025-07-05,蒲斌,通过,2025-07-07,黄建军,通过,2025-07-19,韩鑫,通过,2025-07-20,14k,14516.0,是,2025-08-17,是
RES02286,数据分析师,产品部,校园招聘,2024-07-23,不通过,,,,,,,,,,,,,,,,否
RES02287,Java开发工程师,技术部,智联招聘,2025-01-17,不通过,,,,,,,,,,,,,,,,否
RES02288,销售代表,销售部,智联招聘,2024-01-15,通过,2024-01-19,2024-01-22,郝玉梅,通过,2024-01-30,黄帅,不通过,,,,,,,,,否
RES02289,数据分析师,产品部,前程无忧,2024-11-25,不通过,,,,,,,,,,,,,,,,否
RES02290,Java开发工程师,技术部,BOSS直聘,2025-06-27,通过,2025-06-29,2025-07-07,曹杨,通过,2025-07-11,陈文,不通过,,,,,,,,,否
RES02291,市场推广,市场部,校园招聘,2024-07-14,不通过,,,,,,,,,,,,,,,,否
RES02292,测试工程师,技术部,BOSS直聘,2024-01-19,不通过,,,,,,,,,,,,,,,,否
RES02293,客服主管,客服部,校园招聘,2024-01-05,不通过,,,,,,,,,,,,,,,,否
RES02294,产品运营,运营部,BOSS直聘,2024-09-11,不通过,,,,,,,,,,,,,,,,否
RES02295,客服主管,客服部,内部推荐,2024-08-19,通过,2024-08-22,2024-08-22,吴军,通过,2024-08-28,李桂芳,不通过,,,,,,,,,否
RES02296,前端开发工程师,技术部,BOSS直聘,2024-12-18,通过,2024-12-22,2024-12-25,马利,通过,2024-12-30,谷桂香,通过,2025-01-05,黄颖,通过,2025-01-10,10k,11717.0,否,,否
RES02297,财务会计,财务部,BOSS直聘,2024-11-15,通过,2024-11-20,2024-11-21,黄娜,通过,2024-11-25,李桂香,不通过,,,,,,,,,否
RES02298,测试工程师,技术部,猎聘,2024-05-12,不通过,,,,,,,,,,,,,,,,否
RES02299,前端开发工程师,技术部,BOSS直聘,2024-04-15,不通过,,,,,,,,,,,,,,,,否
RES02300,测试工程师,技术部,猎聘,2025-01-27,不通过,,,,,,,,,,,,,,,,否
RES02301,产品运营,运营部,前程无忧,2025-05-30,通过,2025-06-04,2025-06-07,谢东,候选人放弃,,,,,,,,,,,,否
RES02302,HRBP,人事部,BOSS直聘,2024-11-09,不通过,,,,,,,,,,,,,,,,否
RES02303,前端开发工程师,技术部,校园招聘,2024-06-20,不通过,,,,,,,,,,,,,,,,否
RES02304,前端开发工程师,技术部,智联招聘,2024-03-07,不通过,,,,,,,,,,,,,,,,否
RES02305,前端开发工程师,技术部,内部推荐,2024-02-16,通过,2024-02-18,2024-02-21,李军,通过,2024-02-26,罗桂花,通过,2024-03-01,邵建平,通过,2024-03-10,27k,27551.0,是,2024-03-18,试用期离职
RES02306,产品经理,产品部,前程无忧,2024-11-01,不通过,,,,,,,,,,,,,,,,否
RES02307,销售代表,销售部,前程无忧,2024-10-24,通过,2024-10-29,2024-11-03,梁秀珍,不通过,,,,,,,,,,,,否
RES02308,客服主管,客服部,智联招聘,2025-04-11,不通过,,,,,,,,,,,,,,,,否
RES02309,HRBP,人事部,BOSS直聘,2025-06-16,不通过,,,,,,,,,,,,,,,,否
RES02310,测试工程师,技术部,前程无忧,2025-06-20,通过,2025-06-21,2025-06-27,吴伟,通过,2025-06-28,孙帅,通过,2025-07-08,姜博,通过,2025-07-07,12k,12662.0,是,2025-08-14,试用期离职
RES02311,客服主管,客服部,智联招聘,2024-12-11,不通过,,,,,,,,,,,,,,,,否
RES02312,市场推广,市场部,智联招聘,2025-03-20,不通过,,,,,,,,,,,,,,,,否
RES02313,销售代表,销售部,猎聘,2024-05-17,通过,2024-05-21,2024-05-23,吴佳,通过,2024-05-29,罗俊,通过,2024-06-02,黎坤,通过,2024-06-03,21k,19560.0,否,,否
RES02314,数据分析师,产品部,猎聘,2024-12-16,不通过,,,,,,,,,,,,,,,,否
RES02315,HRBP,人事部,BOSS直聘,2025-05-16,通过,2025-05-20,2025-05-23,李鑫,通过,2025-05-23,杨玉梅,不通过,,,,,,,,,否
RES02316,市场推广,市场部,智联招聘,2025-01-02,不通过,,,,,,,,,,,,,,,,否
RES02317,测试工程师,技术部,智联招聘,2024-07-11,不通过,,,,,,,,,,,,,,,,否
RES02318,行政专员,人事部,BOSS直聘,2024-06-17,不通过,,,,,,,,,,,,,,,,否
RES02319,产品经理,产品部,BOSS直聘,2025-02-17,不通过,,,,,,,,,,,,,,,,否
RES02320,前端开发工程师,技术部,BOSS直聘,2024-01-20,不通过,,,,,,,,,,,,,,,,否
RES02321,产品经理,产品部,猎头,2024-08-21,通过,2024-08-25,2024-08-25,王海燕,通过,2024-09-04,杜敏,通过,2024-09-07,李凤英,通过,2024-09-09,9k,9120.0,否,,否
RES02322,客服主管,客服部,内部推荐,2024-08-17,通过,2024-08-21,2024-08-22,熊颖,通过,2024-08-31,王鹏,不通过,,,,,,,,,否
RES02323,HRBP,人事部,BOSS直聘,2024-05-14,不通过,,,,,,,,,,,,,,,,否
RES02324,市场推广,市场部,BOSS直聘,2024-08-04,通过,2024-08-05,2024-08-12,苏英,通过,2024-08-18,徐雪梅,通过,2024-08-22,倪建国,不通过,,,,,,否
RES02325,测试工程师,技术部,猎聘,2024-01-23,不通过,,,,,,,,,,,,,,,,否
RES02326,产品运营,运营部,智联招聘,2025-05-31,不通过,,,,,,,,,,,,,,,,否
RES02327,市场推广,市场部,内部推荐,2024-06-22,不通过,,,,,,,,,,,,,,,,否
RES02328,产品经理,产品部,校园招聘,2024-05-06,不通过,,,,,,,,,,,,,,,,否
RES02329,前端开发工程师,技术部,前程无忧,2025-01-10,不通过,,,,,,,,,,,,,,,,否
RES02330,产品运营,运营部,BOSS直聘,2024-02-08,通过,2024-02-11,2024-02-17,朱帆,不通过,,,,,,,,,,,,否
RES02331,客服主管,客服部,内部推荐,2025-01-19,不通过,,,,,,,,,,,,,,,,否
RES02332,产品运营,运营部,猎头,2024-09-18,通过,2024-09-21,2024-09-22,刘海燕,通过,2024-10-02,陈秀芳,通过,2024-10-07,陈红,通过,2024-10-06,27k,27005.0,是,2024-11-11,是
RES02333,测试工程师,技术部,前程无忧,2024-02-19,不通过,,,,,,,,,,,,,,,,否
RES02334,销售代表,销售部,猎聘,2024-02-19,不通过,,,,,,,,,,,,,,,,否
RES02335,行政专员,人事部,智联招聘,2024-04-20,不通过,,,,,,,,,,,,,,,,否
RES02336,前端开发工程师,技术部,智联招聘,2024-01-21,不通过,,,,,,,,,,,,,,,,否
RES02337,测试工程师,技术部,内部推荐,2024-02-19,不通过,,,,,,,,,,,,,,,,否
RES02338,数据分析师,产品部,校园招聘,2024-04-28,不通过,,,,,,,,,,,,,,,,否
RES02339,产品经理,产品部,前程无忧,2025-03-02,通过,2025-03-03,2025-03-06,郭桂芳,候选人放弃,,,,,,,,,,,,否
RES02340,HRBP,人事部,内部推荐,2025-03-30,通过,2025-03-31,2025-04-07,车平,通过,2025-04-12,张桂花,通过,2025-04-11,伍欢,通过,2025-04-19,29k,30885.0,否,,否
RES02341,测试工程师,技术部,BOSS直聘,2025-01-24,不通过,,,,,,,,,,,,,,,,否
RES02342,财务会计,财务部,BOSS直聘,2024-05-06,不通过,,,,,,,,,,,,,,,,否
RES02343,产品运营,运营部,前程无忧,2024-09-15,不通过,,,,,,,,,,,,,,,,否
RES02344,Java开发工程师,技术部,BOSS直聘,2025-04-30,不通过,,,,,,,,,,,,,,,,否
RES02345,财务会计,财务部,猎聘,2024-06-05,不通过,,,,,,,,,,,,,,,,否
RES02346,测试工程师,技术部,BOSS直聘,2024-07-29,不通过,,,,,,,,,,,,,,,,否
RES02347,客服主管,客服部,内部推荐,2024-01-10,不通过,,,,,,,,,,,,,,,,否
RES02348,Java开发工程师,技术部,内部推荐,2024-11-04,通过,2024-11-09,2024-11-12,张琳,通过,2024-11-17,方秀兰,通过,2024-11-23,朱海燕,通过,2024-11-23,19k,21007.0,是,2025-01-03,是
RES02349,Java开发工程师,技术部,智联招聘,2025-03-06,不通过,,,,,,,,,,,,,,,,否
RES02350,Java开发工程师,技术部,BOSS直聘,2024-04-13,通过,2024-04-17,2024-04-20,史晶,候选人放弃,,,,,,,,,,,,否
RES02351,市场推广,市场部,猎聘,2025-06-16,不通过,,,,,,,,,,,,,,,,否
RES02352,财务会计,财务部,猎头,2024-10-03,通过,2024-10-08,2024-10-11,王桂兰,候选人放弃,,,,,,,,,,,,否
RES02353,数据分析师,产品部,前程无忧,2024-05-20,不通过,,,,,,,,,,,,,,,,否
RES02354,客服主管,客服部,BOSS直聘,2025-03-04,不通过,,,,,,,,,,,,,,,,否
RES02355,产品经理,产品部,BOSS直聘,2024-04-17,不通过,,,,,,,,,,,,,,,,否
RES02356,行政专员,人事部,智联招聘,2025-06-07,通过,2025-06-11,2025-06-15,王建华,不通过,,,,,,,,,,,,否
RES02357,客服主管,客服部,BOSS直聘,2024-04-30,不通过,,,,,,,,,,,,,,,,否
RES02358,产品经理,产品部,内部推荐,2024-10-16,不通过,,,,,,,,,,,,,,,,否
RES02359,测试工程师,技术部,内部推荐,2024-04-26,不通过,,,,,,,,,,,,,,,,否
RES02360,测试工程师,技术部,BOSS直聘,2024-04-18,通过,2024-04-21,2024-04-22,赵利,通过,2024-04-30,辛红梅,不通过,,,,,,,,,否
RES02361,产品经理,产品部,智联招聘,2025-05-24,不通过,,,,,,,,,,,,,,,,否
RES02362,Java开发工程师,技术部,BOSS直聘,2024-07-22,不通过,,,,,,,,,,,,,,,,否
RES02363,前端开发工程师,技术部,校园招聘,2024-07-23,不通过,,,,,,,,,,,,,,,,否
RES02364,财务会计,财务部,前程无忧,2024-09-26,通过,2024-09-30,2024-10-06,张利,通过,2024-10-05,潘淑华,不通过,,,,,,,,,否
RES02365,产品经理,产品部,猎聘,2025-06-19,不通过,,,,,,,,,,,,,,,,否
RES02366,财务会计,财务部,智联招聘,2024-07-25,不通过,,,,,,,,,,,,,,,,否
RES02367,销售代表,销售部,猎聘,2025-01-01,通过,2025-01-06,2025-01-08,章峰,通过,2025-01-16,蒋俊,不通过,,,,,,,,,否
RES02368,市场推广,市场部,智联招聘,2025-02-23,通过,2025-02-28,2025-02-27,徐玉梅,通过,2025-03-08,刘柳,通过,2025-03-09,强莉,不通过,,,,,,否
RES02369,行政专员,人事部,智联招聘,2024-10-29,不通过,,,,,,,,,,,,,,,,否
RES02370,销售代表,销售部,猎聘,2024-06-13,不通过,,,,,,,,,,,,,,,,否
RES02371,产品经理,产品部,前程无忧,2024-02-10,不通过,,,,,,,,,,,,,,,,否
RES02372,客服主管,客服部,BOSS直聘,2025-05-23,不通过,,,,,,,,,,,,,,,,否
RES02373,财务会计,财务部,BOSS直聘,2024-07-31,通过,2024-08-03,2024-08-08,张磊,通过,2024-08-14,王亮,不通过,,,,,,,,,否
RES02374,销售代表,销售部,智联招聘,2025-05-07,不通过,,,,,,,,,,,,,,,,否
RES02375,财务会计,财务部,智联招聘,2024-12-04,通过,2024-12-06,2024-12-07,朱玉,不通过,,,,,,,,,,,,否
RES02376,数据分析师,产品部,前程无忧,2024-08-28,不通过,,,,,,,,,,,,,,,,否
RES02377,市场推广,市场部,校园招聘,2024-01-03,不通过,,,,,,,,,,,,,,,,否
RES02378,客服主管,客服部,BOSS直聘,2024-01-14,不通过,,,,,,,,,,,,,,,,否
RES02379,销售代表,销售部,BOSS直聘,2024-04-01,通过,2024-04-03,2024-04-07,郭欣,通过,2024-04-12,王文,通过,2024-04-13,刘秀梅,通过,2024-04-25,23k,25445.0,是,2024-05-18,试用期离职
RES02380,财务会计,财务部,BOSS直聘,2024-04-23,通过,2024-04-25,2024-05-02,陈佳,候选人放弃,,,,,,,,,,,,否
RES02381,数据分析师,产品部,前程无忧,2025-05-20,不通过,,,,,,,,,,,,,,,,否
RES02382,客服主管,客服部,智联招聘,2024-06-01,不通过,,,,,,,,,,,,,,,,否
RES02383,Java开发工程师,技术部,猎聘,2024-04-02,不通过,,,,,,,,,,,,,,,,否
RES02384,产品运营,运营部,BOSS直聘,2025-06-07,不通过,,,,,,,,,,,,,,,,否
RES02385,Java开发工程师,技术部,前程无忧,2024-03-17,不通过,,,,,,,,,,,,,,,,否
RES02386,行政专员,人事部,校园招聘,2024-04-13,不通过,,,,,,,,,,,,,,,,否
RES02387,产品经理,产品部,校园招聘,2024-09-19,不通过,,,,,,,,,,,,,,,,否
RES02388,前端开发工程师,技术部,猎头,2024-08-24,通过,2024-08-27,2024-08-30,刘敏,通过,2024-09-05,王刚,通过,2024-09-07,王秀云,通过,2024-09-13,31k,29446.0,是,2024-09-27,是
RES02389,产品运营,运营部,内部推荐,2025-04-12,不通过,,,,,,,,,,,,,,,,否
RES02390,数据分析师,产品部,校园招聘,2024-10-30,不通过,,,,,,,,,,,,,,,,否
RES02391,产品经理,产品部,BOSS直聘,2024-09-27,不通过,,,,,,,,,,,,,,,,否
RES02392,数据分析师,产品部,BOSS直聘,2025-04-20,不通过,,,,,,,,,,,,,,,,否
RES02393,销售代表,销售部,BOSS直聘,2024-02-21,通过,2024-02-26,2024-02-29,田桂香,通过,2024-03-07,胡佳,不通过,,,,,,,,,否
RES02394,行政专员,人事部,猎聘,2024-04-12,不通过,,,,,,,,,,,,,,,,否
RES02395,市场推广,市场部,校园招聘,2024-06-27,不通过,,,,,,,,,,,,,,,,否
RES02396,行政专员,人事部,BOSS直聘,2024-02-10,通过,2024-02-11,2024-02-20,周莹,通过,2024-02-23,兰楠,通过,2024-02-24,陈英,通过,2024-02-25,26k,26076.0,是,2024-04-08,是
RES02397,数据分析师,产品部,猎聘,2024-10-24,不通过,,,,,,,,,,,,,,,,否
RES02398,财务会计,财务部,内部推荐,2025-01-03,通过,2025-01-06,2025-01-10,金建平,通过,2025-01-10,赵艳,通过,2025-01-22,袁丽丽,通过,2025-01-24,31k,32718.0,是,2025-02-14,是
RES02399,行政专员,人事部,校园招聘,2024-11-16,不通过,,,,,,,,,,,,,,,,否
RES02400,销售代表,销售部,猎聘,2025-03-12,不通过,,,,,,,,,,,,,,,,否
RES02401,市场推广,市场部,猎头,2024-04-28,通过,2024-05-01,2024-05-07,武秀云,通过,2024-05-13,张雪,通过,2024-05-15,叶玉,不通过,,,,,,否
RES02402,市场推广,市场部,智联招聘,2024-04-07,不通过,,,,,,,,,,,,,,,,否
RES02403,数据分析师,产品部,智联招聘,2024-02-16,不通过,,,,,,,,,,,,,,,,否
RES02404,测试工程师,技术部,前程无忧,2024-01-10,通过,2024-01-13,2024-01-14,张燕,通过,2024-01-19,杜辉,通过,2024-01-25,李宇,不通过,,,,,,否
RES02405,数据分析师,产品部,智联招聘,2024-05-21,不通过,,,,,,,,,,,,,,,,否
RES02406,HRBP,人事部,BOSS直聘,2024-06-23,不通过,,,,,,,,,,,,,,,,否
RES02407,行政专员,人事部,内部推荐,2024-12-02,不通过,,,,,,,,,,,,,,,,否
RES02408,Java开发工程师,技术部,内部推荐,2025-01-01,不通过,,,,,,,,,,,,,,,,否
RES02409,HRBP,人事部,内部推荐,2025-03-24,通过,2025-03-28,2025-03-28,潘利,不通过,,,,,,,,,,,,否
RES02410,HRBP,人事部,智联招聘,2024-10-01,通过,2024-10-05,2024-10-10,张辉,候选人放弃,,,,,,,,,,,,否
RES02411,数据分析师,产品部,前程无忧,2024-04-05,不通过,,,,,,,,,,,,,,,,否
RES02412,销售代表,销售部,智联招聘,2025-01-16,不通过,,,,,,,,,,,,,,,,否
RES02413,产品运营,运营部,BOSS直聘,2024-12-16,不通过,,,,,,,,,,,,,,,,否
RES02414,Java开发工程师,技术部,前程无忧,2024-07-06,不通过,,,,,,,,,,,,,,,,否
RES02415,数据分析师,产品部,BOSS直聘,2024-04-26,通过,2024-04-29,2024-05-05,郭刚,通过,2024-05-10,路彬,不通过,,,,,,,,,否
RES02416,市场推广,市场部,BOSS直聘,2025-02-14,通过,2025-02-17,2025-02-20,廖云,通过,2025-02-22,蒋桂英,通过,2025-02-27,徐彬,通过,2025-03-09,16k,14868.0,是,2025-04-02,是
RES02417,数据分析师,产品部,内部推荐,2025-02-13,通过,2025-02-15,2025-02-16,王健,通过,2025-02-26,应博,通过,2025-03-02,司玉华,通过,2025-03-01,13k,12797.0,是,2025-03-20,是
RES02418,行政专员,人事部,BOSS直聘,2025-04-12,不通过,,,,,,,,,,,,,,,,否
RES02419,HRBP,人事部,猎头,2024-10-05,通过,2024-10-07,2024-10-10,谢颖,通过,2024-10-14,江帆,不通过,,,,,,,,,否
RES02420,产品经理,产品部,前程无忧,2025-01-29,不通过,,,,,,,,,,,,,,,,否
RES02421,测试工程师,技术部,猎头,2025-05-04,不通过,,,,,,,,,,,,,,,,否
RES02422,产品经理,产品部,BOSS直聘,2025-03-07,不通过,,,,,,,,,,,,,,,,否
RES02423,测试工程师,技术部,前程无忧,2024-06-19,不通过,,,,,,,,,,,,,,,,否
RES02424,HRBP,人事部,智联招聘,2024-04-25,不通过,,,,,,,,,,,,,,,,否
RES02425,测试工程师,技术部,内部推荐,2024-05-15,不通过,,,,,,,,,,,,,,,,否
RES02426,财务会计,财务部,智联招聘,2024-03-01,不通过,,,,,,,,,,,,,,,,否
RES02427,行政专员,人事部,BOSS直聘,2024-06-12,通过,2024-06-15,2024-06-20,王冬梅,通过,2024-06-27,康瑞,不通过,,,,,,,,,否
RES02428,销售代表,销售部,校园招聘,2024-04-16,通过,2024-04-17,2024-04-21,杜凤英,候选人放弃,,,,,,,,,,,,否
RES02429,市场推广,市场部,智联招聘,2025-03-02,不通过,,,,,,,,,,,,,,,,否
RES02430,HRBP,人事部,BOSS直聘,2025-05-09,不通过,,,,,,,,,,,,,,,,否
RES02431,测试工程师,技术部,智联招聘,2025-03-24,不通过,,,,,,,,,,,,,,,,否
RES02432,Java开发工程师,技术部,猎聘,2024-07-04,不通过,,,,,,,,,,,,,,,,否
RES02433,HRBP,人事部,BOSS直聘,2025-01-23,不通过,,,,,,,,,,,,,,,,否
RES02434,客服主管,客服部,智联招聘,2025-01-02,不通过,,,,,,,,,,,,,,,,否
RES02435,市场推广,市场部,BOSS直聘,2024-01-30,不通过,,,,,,,,,,,,,,,,否
RES02436,产品运营,运营部,前程无忧,2024-05-13,通过,2024-05-18,2024-05-19,陈浩,通过,2024-05-23,李娜,通过,2024-06-01,张浩,不通过,,,,,,否
RES02437,市场推广,市场部,内部推荐,2025-05-09,通过,2025-05-13,2025-05-12,徐颖,通过,2025-05-23,刘晶,不通过,,,,,,,,,否
RES02438,Java开发工程师,技术部,智联招聘,2025-05-14,不通过,,,,,,,,,,,,,,,,否
RES02439,数据分析师,产品部,智联招聘,2024-04-25,不通过,,,,,,,,,,,,,,,,否
RES02440,客服主管,客服部,BOSS直聘,2025-02-25,不通过,,,,,,,,,,,,,,,,否
RES02441,产品运营,运营部,BOSS直聘,2025-03-27,不通过,,,,,,,,,,,,,,,,否
RES02442,前端开发工程师,技术部,BOSS直聘,2024-02-17,通过,2024-02-22,2024-02-25,罗龙,通过,2024-03-03,郭鑫,不通过,,,,,,,,,否
RES02443,Java开发工程师,技术部,前程无忧,2024-03-05,不通过,,,,,,,,,,,,,,,,否
RES02444,产品经理,产品部,前程无忧,2024-09-24,不通过,,,,,,,,,,,,,,,,否
RES02445,财务会计,财务部,校园招聘,2024-11-17,不通过,,,,,,,,,,,,,,,,否
RES02446,数据分析师,产品部,BOSS直聘,2024-01-13,通过,2024-01-15,2024-01-19,许芳,通过,2024-01-26,程建平,通过,2024-01-31,吴伟,通过,2024-01-29,24k,21778.0,是,2024-02-29,是
RES02447,市场推广,市场部,前程无忧,2025-06-21,不通过,,,,,,,,,,,,,,,,否
RES02448,前端开发工程师,技术部,前程无忧,2024-08-17,不通过,,,,,,,,,,,,,,,,否
RES02449,客服主管,客服部,前程无忧,2024-12-12,不通过,,,,,,,,,,,,,,,,否
RES02450,测试工程师,技术部,校园招聘,2025-06-15,不通过,,,,,,,,,,,,,,,,否
RES02451,数据分析师,产品部,BOSS直聘,2025-06-19,不通过,,,,,,,,,,,,,,,,否
RES02452,前端开发工程师,技术部,BOSS直聘,2024-04-07,通过,2024-04-08,2024-04-11,周春梅,通过,2024-04-22,张荣,通过,2024-04-24,井兰英,通过,2024-04-22,25k,23098.0,否,,否
RES02453,销售代表,销售部,猎聘,2025-03-19,通过,2025-03-22,2025-03-28,袁峰,通过,2025-04-03,孙玉珍,不通过,,,,,,,,,否
RES02454,行政专员,人事部,智联招聘,2024-09-11,不通过,,,,,,,,,,,,,,,,否
RES02455,测试工程师,技术部,BOSS直聘,2025-05-08,不通过,,,,,,,,,,,,,,,,否
RES02456,市场推广,市场部,BOSS直聘,2024-12-20,不通过,,,,,,,,,,,,,,,,否
RES02457,行政专员,人事部,智联招聘,2025-01-29,通过,2025-01-31,2025-02-03,郑坤,通过,2025-02-10,叶畅,不通过,,,,,,,,,否
RES02458,产品经理,产品部,前程无忧,2024-06-01,通过,2024-06-03,2024-06-04,马东,候选人放弃,,,,,,,,,,,,否
RES02459,前端开发工程师,技术部,BOSS直聘,2024-02-25,通过,2024-02-29,2024-02-29,陶婷婷,通过,2024-03-03,郑丽娟,不通过,,,,,,,,,否
RES02460,客服主管,客服部,智联招聘,2024-01-12,不通过,,,,,,,,,,,,,,,,否
RES02461,产品经理,产品部,前程无忧,2024-06-09,不通过,,,,,,,,,,,,,,,,否
RES02462,行政专员,人事部,智联招聘,2025-06-01,不通过,,,,,,,,,,,,,,,,否
RES02463,前端开发工程师,技术部,猎头,2025-04-25,通过,2025-04-27,2025-05-03,胡丹,通过,2025-05-08,张超,不通过,,,,,,,,,否
RES02464,产品经理,产品部,BOSS直聘,2025-05-22,通过,2025-05-24,2025-05-29,赵洁,候选人放弃,,,,,,,,,,,,否
RES02465,Java开发工程师,技术部,猎头,2024-06-18,不通过,,,,,,,,,,,,,,,,否
RES02466,数据分析师,产品部,前程无忧,2024-03-17,不通过,,,,,,,,,,,,,,,,否
RES02467,HRBP,人事部,内部推荐,2025-05-18,通过,2025-05-21,2025-05-25,蒙洁,通过,2025-05-25,郭洋,通过,2025-06-05,刘静,通过,2025-06-08,17k,18284.0,是,2025-07-11,是
RES02468,财务会计,财务部,智联招聘,2024-11-24,不通过,,,,,,,,,,,,,,,,否
RES02469,产品运营,运营部,智联招聘,2024-09-03,不通过,,,,,,,,,,,,,,,,否
RES02470,Java开发工程师,技术部,校园招聘,2024-12-04,不通过,,,,,,,,,,,,,,,,否
RES02471,产品经理,产品部,校园招聘,2024-10-11,不通过,,,,,,,,,,,,,,,,否
RES02472,客服主管,客服部,BOSS直聘,2024-02-21,不通过,,,,,,,,,,,,,,,,否
RES02473,销售代表,销售部,BOSS直聘,2025-06-03,不通过,,,,,,,,,,,,,,,,否
RES02474,HRBP,人事部,前程无忧,2024-08-16,通过,2024-08-17,2024-08-26,刘琴,通过,2024-08-31,嵇帆,通过,2024-09-01,刘阳,通过,2024-09-10,31k,34135.0,是,2024-10-02,是
RES02475,产品运营,运营部,校园招聘,2025-01-22,不通过,,,,,,,,,,,,,,,,否
RES02476,Java开发工程师,技术部,智联招聘,2025-02-16,通过,2025-02-17,2025-02-22,康岩,通过,2025-03-03,田杨,不通过,,,,,,,,,否
RES02477,销售代表,销售部,猎聘,2024-08-28,不通过,,,,,,,,,,,,,,,,否
RES02478,销售代表,销售部,猎聘,2024-03-21,通过,2024-03-26,2024-03-31,张淑兰,不通过,,,,,,,,,,,,否
RES02479,销售代表,销售部,内部推荐,2025-04-15,通过,2025-04-17,2025-04-24,贺阳,通过,2025-04-23,吕雷,通过,2025-05-02,孙淑英,通过,2025-05-07,32k,29893.0,是,2025-05-16,是
RES02480,HRBP,人事部,前程无忧,2025-03-30,不通过,,,,,,,,,,,,,,,,否
RES02481,数据分析师,产品部,智联招聘,2025-04-03,不通过,,,,,,,,,,,,,,,,否
RES02482,前端开发工程师,技术部,猎头,2024-03-31,不通过,,,,,,,,,,,,,,,,否
RES02483,Java开发工程师,技术部,前程无忧,2025-05-25,不通过,,,,,,,,,,,,,,,,否
RES02484,前端开发工程师,技术部,猎聘,2025-04-02,通过,2025-04-03,2025-04-09,陈荣,不通过,,,,,,,,,,,,否
RES02485,市场推广,市场部,智联招聘,2024-11-19,不通过,,,,,,,,,,,,,,,,否
RES02486,HRBP,人事部,猎聘,2024-05-01,通过,2024-05-03,2024-05-10,邵娟,通过,2024-05-12,张霞,通过,2024-05-16,余晨,通过,2024-05-18,28k,26806.0,是,2024-06-14,是
RES02487,销售代表,销售部,BOSS直聘,2025-05-24,不通过,,,,,,,,,,,,,,,,否
RES02488,销售代表,销售部,BOSS直聘,2024-01-19,不通过,,,,,,,,,,,,,,,,否
RES02489,测试工程师,技术部,猎聘,2024-04-15,不通过,,,,,,,,,,,,,,,,否
RES02490,测试工程师,技术部,前程无忧,2025-02-17,通过,2025-02-19,2025-02-25,陈佳,通过,2025-02-25,卢文,通过,2025-03-09,梁云,通过,2025-03-04,28k,29515.0,否,,否
RES02491,HRBP,人事部,猎聘,2025-02-26,通过,2025-02-27,2025-03-02,庄洁,通过,2025-03-05,黎莹,不通过,,,,,,,,,否
RES02492,市场推广,市场部,BOSS直聘,2024-02-06,不通过,,,,,,,,,,,,,,,,否
RES02493,财务会计,财务部,前程无忧,2024-01-01,不通过,,,,,,,,,,,,,,,,否
RES02494,客服主管,客服部,智联招聘,2024-04-03,不通过,,,,,,,,,,,,,,,,否
RES02495,财务会计,财务部,前程无忧,2024-11-07,不通过,,,,,,,,,,,,,,,,否
RES02496,前端开发工程师,技术部,BOSS直聘,2025-06-04,通过,2025-06-06,2025-06-08,蒋桂芝,通过,2025-06-18,张琴,通过,2025-06-22,姚欢,不通过,,,,,,否
RES02497,HRBP,人事部,猎聘,2024-07-30,通过,2024-08-04,2024-08-05,方峰,通过,2024-08-10,王成,不通过,,,,,,,,,否
RES02498,客服主管,客服部,内部推荐,2025-04-12,通过,2025-04-16,2025-04-17,陈阳,通过,2025-04-24,朱峰,通过,2025-04-28,龚桂花,通过,2025-05-07,31k,29870.0,否,,否
RES02499,财务会计,财务部,BOSS直聘,2024-12-15,不通过,,,,,,,,,,,,,,,,否
RES02500,前端开发工程师,技术部,智联招聘,2025-01-07,不通过,,,,,,,,,,,,,,,,否
,,,,,,,,,,,,,,,,,,,,,
,,,,,,,,,,,,,,,,,,,,,
,,,,,,,,,,,,,,,,,,,,,
,,,,,,,,,,,,,,,,,,,,,
,,,,,,,,,,,,,,,,,,,,,
,,,,,,,,,,,,,,,,,,,,,
,,,,,,,,,,,,,,,,,,,,,
,,,,,,,,,,,,,,,,,,,,,
,,,,,,,,,,,,,,,,,,,,,
,,,,,,,,,,,,,,,,,,,,,
,,,,,,,,,,,,,,,,,,,,,
,,,,,,,,,,,,,,,,,,,,,
,,,,,,,,,,,,,,,,,,,,,
,,,,,,,,,,,,,,,,,,,,,
,,,,,,,,,,,,,,,,,,,,,
RES01991,行政专员,人事部,校园招聘,2024-10-25,不通过,,,,,,,,,,,,,,,,否
RES01358,市场推广,市场部,猎聘,2024-10-22,通过,2024-10-24,2024-11-01,康林,不通过,,,,,,,,,,,,否
RES00981,市场推广,市场部,BOSS直聘,2024-06-21,通过,2024-06-26,2024-06-28,李佳,通过,2024-07-06,徐磊,不通过,,,,,,,,,否
RES00617,HRBP,人事部,BOSS直聘,2025-03-04,不通过,,,,,,,,,,,,,,,,否
RES00514,Java开发工程师,技术部,前程无忧,2024-09-11,不通过,,,,,,,,,,,,,,,,否
RES01333,财务会计,财务部,前程无忧,2024-07-10,不通过,,,,,,,,,,,,,,,,否
RES01525,产品经理,产品部,前程无忧,2024-01-28,不通过,,,,,,,,,,,,,,,,否
RES00226,行政专员,人事部,BOSS直聘,2024-05-20,通过,2024-05-24,2024-05-29,杨欣,通过,2024-05-28,杜林,通过,2024-06-03,丁帆,通过,2024-06-05,29k,31999.0,是,2024-06-26,是
