员工编号,姓名,部门,岗位序列,职级,学历,工作城市,入职日期,司龄(年),基本工资,绩效工资,岗位津贴,餐补交通补,应发工资,五险一金个人部分,个税扣除,实发工资,本年度绩效评级,是否在职
EMP0001,刘桂珍,市场部,运营序列,P4,本科,北京,2023-03-04,2.3,23784,3996,1627,1168,30575,3210,2046,25319,S,是
EMP0002,赵淑珍,客户服务部,运营序列,P5,本科,北京,2017-04-01,8.3,25687,6361,1450,1713,35211,3697,2416,29098,A,是
EMP0003,邱飞,运营部,技术序列,P2,本科,广州,2016-04-12,9.2,8708,1681,1099,812,12300,1291,584,10425,A,是
EMP0004,杨成,财务部,产品序列,P4,大专,杭州,2024-04-25,1.2,18321,6650,1699,1235,27905,2930,1832,23143,B,是
EMP0005,李帅,技术研发部,产品序列,P4,本科,杭州,2019-01-31,6.4,19480,6041,2194,918,28633,3006,1890,23737,B,是
EMP0006,姜颖,技术研发部,产品序列,P5,本科,广州,2018-09-30,6.8,29128,5626,3575,707,39036,4098,2722,32216,A,是
EMP0007,杨玉英,技术研发部,运营序列,P6,本科,深圳,2018-07-03,7.0,37475,5725,4419,1087,48706,5114,3496,40096,A,是
EMP0008,韩志强,销售部,运营序列,P1,大专,西安,2017-07-25,7.9,5133,2014,498,1289,8934,938,314,7682,A,是
EMP0009,蔡杨,财务部,运营序列,P4,本科,北京,2024-04-04,1.2,21116,4283,1874,518,27791,2918,1823,23050,B,是
EMP0010,黄琳,运营部,职能序列,P1,硕士,北京,2017-02-23,8.4,7908,2624,692,785,12009,1260,560,10189,A,是
EMP0011,宋阳,技术研发部,销售序列,P3,本科,广州,2023-08-03,1.9,12209,3065,1391,1081,17746,1863,1019,14864,C,是
EMP0012,钟帅,客户服务部,职能序列,P2,本科,广州,2024-04-21,1.2,10171,3312,1011,1471,15965,1676,877,13412,B,是
EMP0013,叶阳,销售部,销售序列,P3,大专,深圳,2022-02-11,3.4,13400,3278,1807,1035,19520,2049,1161,16310,S,是
EMP0014,阚楠,技术研发部,技术序列,P3,本科,成都,2016-12-22,8.5,11207,1973,1540,1477,16197,1700,895,13602,B,否
EMP0015,李海燕,技术研发部,技术序列,P4,本科,杭州,2022-08-15,2.9,15040,3261,1008,905,20214,2122,1217,16875,B,否
EMP0016,柯金凤,技术研发部,技术序列,P3,本科,上海,2020-09-24,4.8,14791,3053,941,1732,20517,2154,1241,17122,B,否
EMP0017,阎春梅,产品部,职能序列,P4,本科,成都,2016-05-10,9.1,14176,3946,1602,904,20628,2165,1250,17213,A,是
EMP0018,赖志强,人力资源部,销售序列,P3,硕士,武汉,2016-05-02,9.2,12490,4340,1000,344,18174,1908,1053,15213,B,是
EMP0019,刘秀英,市场部,技术序列,P1,本科,杭州,2017-01-18,8.5,7107,1628,368,1648,10751,1128,460,9163,B,是
EMP0020,刘建军,产品部,销售序列,P5,大专,北京,2018-06-14,7.1,23915,3673,3320,1110,32018,3361,2161,26496,C,是
EMP0021,李艳,财务部,技术序列,P2,硕士,武汉,2018-08-10,6.9,5777,1765,419,862,8823,926,305,7592,A,是
EMP0022,刘斌,技术研发部,销售序列,P3,本科,成都,2021-08-31,3.8,10703,3550,1529,316,16098,1690,887,13521,B,是
EMP0023,李建国,产品部,产品序列,P4,硕士,广州,2022-10-01,2.8,18939,8311,2305,1459,31014,3256,2081,25677,B,否
EMP0024,张欢,市场部,技术序列,P3,本科,深圳,2016-04-18,9.2,16031,5239,2024,1704,24998,2624,1599,20775,C,是
EMP0025,陈婷婷,市场部,运营序列,P1,硕士,杭州,2022-04-17,3.2,7497,2184,525,400,10606,1113,448,9045,C,是
EMP0026,韩丹,销售部,技术序列,P3,本科,深圳,2018-03-25,7.3,17479,5628,1283,1541,25931,2722,1674,21535,A,是
EMP0027,胡成,技术研发部,技术序列,P7,本科,武汉,2024-01-11,1.5,35913,15384,3667,1317,56281,5909,4102,46270,A,是
EMP0028,何伟,人力资源部,技术序列,P4,硕士,杭州,2023-04-15,2.2,20929,8340,1406,886,31561,3313,2124,26124,B,是
EMP0029,王婷婷,财务部,销售序列,P4,本科,西安,2023-11-12,1.6,11290,2787,909,771,15757,1654,860,13243,A,是
EMP0030,杨鑫,技术研发部,运营序列,P4,本科,西安,2022-02-10,3.4,12515,2768,1028,1543,17854,1874,1028,14952,B,是
EMP0031,赵雷,财务部,技术序列,P2,本科,成都,2020-09-14,4.8,6100,1395,402,1021,8918,936,313,7669,A,是
EMP0032,李成,技术研发部,运营序列,P3,本科,北京,2018-06-21,7.0,15714,4735,1108,748,22305,2342,1384,18579,B,是
EMP0033,米利,技术研发部,职能序列,P5,本科,西安,2021-01-13,4.5,20167,7526,2598,1603,31894,3348,2151,26395,C,是
EMP0034,唐红,客户服务部,技术序列,P2,本科,西安,2022-08-10,2.9,7511,2260,501,689,10961,1150,476,9335,D,是
EMP0035,杨慧,客户服务部,产品序列,P2,本科,上海,2019-02-13,6.4,11676,1988,617,1571,15852,1664,868,13320,B,是
EMP0036,黄文,销售部,技术序列,P2,本科,深圳,2025-01-28,0.4,9962,3656,1125,813,15556,1633,844,13079,B,是
EMP0037,杨坤,产品部,技术序列,P3,本科,深圳,2016-01-27,9.4,14989,5872,2212,1688,24761,2599,1580,20582,C,是
EMP0038,王慧,技术研发部,职能序列,M2,本科,西安,2024-07-05,1.0,21754,5152,1808,1776,30490,3201,2039,25250,A,是
EMP0039,张秀珍,运营部,技术序列,P1,大专,上海,2025-01-13,0.5,9937,3470,614,1650,15671,1645,853,13173,B,是
EMP0040,张瑜,市场部,运营序列,P3,大专,深圳,2017-10-15,7.7,14781,4108,1582,1694,22165,2327,1373,18465,B,是
EMP0041,李帅,技术研发部,职能序列,P2,本科,深圳,2023-10-30,1.7,10552,4397,1483,580,17012,1786,960,14266,A,是
EMP0042,惠刚,人力资源部,技术序列,M1,本科,杭州,2020-09-27,4.8,27504,11099,3531,1586,43720,4590,3097,36033,B,是
EMP0043,毛健,技术研发部,运营序列,P2,本科,杭州,2019-10-25,5.7,8488,2611,952,498,12549,1317,603,10629,A,是
EMP0044,鞠俊,销售部,技术序列,P3,本科,上海,2019-02-12,6.4,13717,4903,1118,1585,21323,2238,1305,17780,B,是
EMP0045,黄倩,产品部,销售序列,P4,本科,武汉,2017-09-28,7.8,12505,5189,1302,1623,20619,2164,1249,17206,A,是
EMP0046,陈淑兰,运营部,运营序列,P4,硕士,北京,2018-05-31,7.1,22316,6666,1319,380,30681,3221,2054,25406,A,是
EMP0047,韩明,产品部,销售序列,P3,大专,成都,2024-07-24,0.9,11212,2735,1321,932,16200,1701,896,13603,A,是
EMP0048,江霞,人力资源部,运营序列,P3,本科,西安,2019-10-10,5.7,11040,4152,1352,1202,17746,1863,1019,14864,C,否
EMP0049,常建国,人力资源部,技术序列,P3,本科,西安,2017-02-22,8.4,13269,2866,1943,368,18446,1936,1075,15435,B,是
EMP0050,王鑫,技术研发部,运营序列,P2,硕士,成都,2017-01-14,8.5,5687,1515,432,1486,9120,957,329,7834,B,是
EMP0051,毛龙,客户服务部,销售序列,P2,硕士,西安,2020-04-05,5.2,7951,3257,412,1047,12667,1330,613,10724,B,是
EMP0052,杨秀云,运营部,运营序列,P3,大专,西安,2017-01-31,8.4,9462,3475,989,1799,15725,1651,858,13216,B,是
EMP0053,黄志强,客户服务部,销售序列,P2,本科,武汉,2020-01-10,5.5,7065,1915,852,569,10401,1092,432,8877,A,是
EMP0054,刘丽丽,销售部,销售序列,P2,硕士,深圳,2019-11-09,5.6,10376,2224,1338,484,14422,1514,753,12155,B,是
EMP0055,李杨,财务部,技术序列,P4,本科,北京,2022-10-08,2.7,20046,5147,1390,904,27487,2886,1798,22803,A,是
EMP0056,马淑华,客户服务部,技术序列,M1,本科,西安,2018-12-19,6.5,20628,4852,1571,969,28020,2942,1841,23237,A,是
EMP0057,谭慧,技术研发部,运营序列,P4,本科,上海,2025-01-18,0.4,24179,4904,2448,1150,32681,3431,2214,27036,B,是
EMP0058,王红梅,技术研发部,产品序列,P1,本科,武汉,2016-06-26,9.0,5615,2094,466,659,8834,927,306,7601,A,是
EMP0059,孙龙,技术研发部,销售序列,P1,硕士,西安,2024-03-07,1.3,6345,1431,863,711,9350,981,348,8021,A,是
EMP0060,康凯,产品部,销售序列,M1,博士,上海,2021-02-24,4.4,21968,6288,2139,570,30965,3251,2077,25637,B,是
EMP0061,李峰,市场部,产品序列,P2,本科,杭州,2022-01-05,3.5,8382,2227,1089,1404,13102,1375,648,11079,B,是
EMP0062,谢静,产品部,技术序列,P1,本科,深圳,2017-05-26,8.1,6101,2712,659,1049,10521,1104,441,8976,B,否
EMP0063,叶云,销售部,职能序列,P4,硕士,广州,2020-03-30,5.3,16159,4319,2057,1387,23922,2511,1513,19898,B,是
EMP0064,阎利,产品部,技术序列,P4,大专,西安,2016-11-18,8.6,14312,2490,1191,1327,19320,2028,1145,16147,B,是
EMP0065,张凯,产品部,销售序列,P4,本科,上海,2022-03-11,3.3,22231,3933,2959,858,29981,3148,1998,24835,B,否
EMP0066,李杰,人力资源部,产品序列,P2,硕士,武汉,2019-04-15,6.2,7736,2531,599,636,11502,1207,520,9775,A,否
EMP0067,高瑞,技术研发部,职能序列,P1,本科,深圳,2025-04-20,0.2,6861,2262,717,826,10666,1119,453,9094,B,是
EMP0068,陈洋,销售部,技术序列,M1,本科,北京,2023-01-18,2.5,30150,8310,2152,1286,41898,4399,2951,34548,B,是
EMP0069,熊瑞,技术研发部,运营序列,P2,大专,武汉,2022-12-08,2.6,7818,2185,762,904,11669,1225,533,9911,A,是
EMP0070,卢东,客户服务部,产品序列,P4,硕士,杭州,2020-01-21,5.4,20562,3416,1682,993,26653,2798,1732,22123,D,是
EMP0071,贾晨,运营部,运营序列,P4,本科,成都,2022-06-22,3.0,11407,3478,874,535,16294,1710,903,13681,B,是
EMP0072,国波,技术研发部,技术序列,P4,本科,西安,2018-02-26,7.3,14564,4389,2136,1259,22348,2346,1387,18615,A,是
EMP0073,史春梅,技术研发部,职能序列,P3,本科,北京,2023-11-25,1.6,13933,2715,919,454,18021,1892,1041,15088,S,是
EMP0074,胡瑞,销售部,销售序列,P2,本科,上海,2016-10-11,8.7,11037,1999,1420,588,15044,1579,803,12662,S,是
EMP0075,杨瑞,运营部,技术序列,P4,硕士,西安,2016-07-06,9.0,14940,2794,2217,762,20713,2174,1257,17282,A,是
EMP0076,章秀荣,运营部,技术序列,P6,本科,上海,2023-06-01,2.1,43166,7783,2244,1685,54878,5762,3990,45126,A,是
EMP0077,邱桂芳,运营部,技术序列,P7,本科,北京,2018-07-22,6.9,53868,17933,6458,1783,80042,8404,6003,65635,B,是
EMP0078,王雪,技术研发部,职能序列,P2,本科,上海,2024-09-01,0.8,11598,2423,873,1681,16575,1740,926,13909,C,是
EMP0079,曹林,产品部,运营序列,P2,博士,武汉,2019-03-31,6.3,6203,1398,335,1113,9049,950,323,7776,B,是
EMP0080,邓琴,技术研发部,运营序列,P7,本科,深圳,2016-11-22,8.6,64458,13025,5819,1441,84743,8898,6379,69466,A,是
EMP0081,史玉华,销售部,技术序列,P4,硕士,上海,2018-08-11,6.9,21419,9367,3074,1049,34909,3665,2392,28852,B,是
EMP0082,朱旭,运营部,产品序列,P6,本科,杭州,2017-02-17,8.4,41682,16938,2133,484,61237,6429,4498,50310,B,是
EMP0083,刘桂花,产品部,运营序列,P2,硕士,深圳,2020-04-05,5.2,10501,2301,1142,1108,15052,1580,804,12668,B,是
EMP0084,胡婷,技术研发部,运营序列,P4,硕士,武汉,2019-02-12,6.4,13495,3350,1351,328,18524,1945,1081,15498,C,是
EMP0085,邓桂芝,产品部,销售序列,P4,本科,西安,2021-01-31,4.4,12752,2715,1751,841,18059,1896,1044,15119,C,是
EMP0086,王桂英,产品部,技术序列,P4,硕士,广州,2023-02-16,2.4,19494,5800,1138,1398,27830,2922,1826,23082,B,是
EMP0087,程帆,运营部,职能序列,P3,本科,西安,2025-05-09,0.1,9276,1445,1095,553,12369,1298,589,10482,B,是
EMP0088,史桂花,运营部,产品序列,P1,大专,上海,2020-02-03,5.4,9200,3232,1085,1231,14748,1548,779,12421,A,是
EMP0089,刘小红,销售部,产品序列,P4,本科,上海,2017-10-28,7.7,20952,6431,2449,1054,30886,3243,2070,25573,B,是
EMP0090,徐博,市场部,职能序列,P2,本科,杭州,2020-02-25,5.4,7609,3192,1097,1677,13575,1425,686,11464,A,是
EMP0091,徐琳,技术研发部,职能序列,P3,本科,武汉,2019-12-26,5.5,9688,1930,1281,1676,14575,1530,766,12279,B,是
EMP0092,朱博,运营部,销售序列,M1,本科,杭州,2018-05-08,7.2,19831,7758,1074,836,29499,3097,1959,24443,B,否
EMP0093,吴杨,运营部,技术序列,P3,本科,成都,2023-07-08,2.0,10703,4148,1039,1497,17387,1825,990,14572,A,是
EMP0094,王辉,财务部,技术序列,P5,本科,武汉,2018-12-29,6.5,17828,3354,1600,1080,23862,2505,1508,19849,S,是
EMP0095,杜佳,运营部,职能序列,P2,本科,北京,2023-11-14,1.6,13194,3556,1068,1607,19425,2039,1154,16232,S,否
EMP0096,高颖,人力资源部,运营序列,P4,本科,北京,2023-08-31,1.8,22254,4474,2117,1060,29905,3140,1992,24773,S,是
EMP0097,陆静,人力资源部,技术序列,M1,本科,北京,2023-04-08,2.2,26913,6093,2379,521,35906,3770,2472,29664,S,是
EMP0098,钱莹,市场部,技术序列,P2,本科,杭州,2016-10-19,8.7,10760,2463,1003,1682,15908,1670,872,13366,A,是
EMP0099,李婷婷,技术研发部,技术序列,P1,本科,北京,2022-10-31,2.7,9762,3093,1444,778,15077,1583,806,12688,A,是
EMP0100,赵淑兰,技术研发部,销售序列,P3,本科,武汉,2023-02-13,2.4,10374,2836,610,1265,15085,1583,806,12696,A,是
EMP0101,石林,技术研发部,技术序列,P1,本科,北京,2017-12-01,7.6,7940,3448,1129,351,12868,1351,629,10888,D,是
EMP0102,林秀梅,运营部,产品序列,P4,硕士,广州,2021-12-27,3.5,13884,2608,1360,1568,19420,2039,1153,16228,A,是
EMP0103,何桂香,产品部,技术序列,P6,硕士,北京,2024-03-05,1.3,40148,17749,4511,1449,63857,6704,4708,52445,A,是
EMP0104,李桂兰,人力资源部,产品序列,P3,本科,上海,2018-09-29,6.8,14685,3218,1953,971,20827,2186,1266,17375,B,是
EMP0105,瞿畅,销售部,技术序列,P2,本科,成都,2017-10-31,7.7,7890,3012,678,1549,13129,1378,650,11101,C,是
EMP0106,赖涛,产品部,运营序列,P3,硕士,杭州,2021-03-08,4.3,13084,3293,1217,753,18347,1926,1067,15354,B,是
EMP0107,刘艳,市场部,技术序列,P4,硕士,深圳,2020-04-03,5.2,22993,4435,2091,1626,31145,3270,2091,25784,A,是
EMP0108,陈凤兰,运营部,销售序列,P1,本科,成都,2019-01-10,6.5,5317,2165,465,429,8376,879,270,7227,B,是
EMP0109,丁波,技术研发部,技术序列,P4,硕士,广州,2023-03-06,2.3,17519,4251,2497,1601,25868,2716,1669,21483,B,是
EMP0110,苏丹,技术研发部,运营序列,P4,本科,杭州,2023-09-19,1.8,21585,7504,2868,1250,33207,3486,2256,27465,B,是
EMP0111,黄建华,产品部,销售序列,P4,本科,武汉,2022-03-31,3.3,14990,4795,912,1735,22432,2355,1394,18683,B,是
EMP0112,张琴,技术研发部,职能序列,P2,大专,西安,2018-06-18,7.0,7356,2144,447,918,10865,1140,469,9256,C,否
EMP0113,张桂花,客户服务部,运营序列,P4,本科,杭州,2023-09-05,1.8,17534,5238,1626,1629,26027,2732,1682,21613,C,是
EMP0114,苏雪,销售部,产品序列,P1,大专,上海,2019-08-21,5.9,7891,2917,472,1136,12416,1303,593,10520,B,是
EMP0115,陈佳,运营部,产品序列,P2,本科,武汉,2025-06-14,0.0,6824,1203,763,538,9328,979,346,8003,B,是
EMP0116,蔡婷婷,销售部,职能序列,P6,本科,成都,2024-08-13,0.9,26836,9404,1727,586,38553,4048,2684,31821,B,是
EMP0117,张丹丹,销售部,销售序列,P4,硕士,成都,2024-09-13,0.8,16098,6740,1645,392,24875,2611,1590,20674,B,是
EMP0118,刘梅,技术研发部,职能序列,P1,硕士,北京,2016-08-17,8.9,8517,1425,431,376,10749,1128,459,9162,S,是
EMP0119,田建军,销售部,运营序列,P2,本科,武汉,2018-07-27,6.9,6369,1224,520,923,9036,948,322,7766,D,是
EMP0120,周伟,人力资源部,职能序列,P2,硕士,西安,2025-03-20,0.3,8982,3278,1057,1308,14625,1535,770,12320,A,是
EMP0121,祁淑英,销售部,运营序列,P2,硕士,上海,2016-05-11,9.1,12035,3384,1184,537,17140,1799,971,14370,B,是
EMP0122,高璐,销售部,技术序列,P2,硕士,北京,2025-01-10,0.5,9870,2675,1459,499,14503,1522,760,12221,C,是
EMP0123,王凤英,产品部,运营序列,P1,本科,北京,2019-07-16,6.0,8286,1583,1138,780,11787,1237,542,10008,A,否
EMP0124,许佳,技术研发部,销售序列,P3,本科,西安,2020-07-01,5.0,10274,3103,882,1400,15659,1644,852,13163,B,是
EMP0125,郭华,技术研发部,技术序列,P4,硕士,杭州,2019-01-01,6.5,22766,4279,1241,577,28863,3030,1909,23924,A,是
EMP0126,常建平,市场部,职能序列,P4,本科,成都,2016-09-28,8.8,12797,3749,1721,1095,19362,2033,1148,16181,B,是
EMP0127,韦坤,销售部,技术序列,P4,本科,北京,2018-05-14,7.1,￥25135,9528,3547,1229,39439,4141,2755,32543,A,是
EMP0128,李冬梅,销售部,运营序列,P1,本科,广州,2022-05-12,3.1,8012,1822,1058,1059,11951,1254,556,10141,B,是
EMP0129,梁帆,技术研发部,技术序列,M1,本科,广州,2024-01-19,1.4,19933,5865,1251,1673,28722,3015,1897,23810,B,是
EMP0130,胡秀英,人力资源部,产品序列,P5,本科,成都,2019-07-12,6.0,20610,9225,3087,1726,34648,3638,2371,28639,D,是
EMP0131,宋红梅,市场部,职能序列,P5,大专,广州,2018-05-20,7.1,22311,7942,1692,1406,33351,3501,2268,27582,D,是
EMP0132,陈凯,技术研发部,产品序列,P5,本科,西安,2023-05-08,2.2,19784,7961,2421,1158,31324,3289,2105,25930,A,是
EMP0133,田凤兰,技术研发部,职能序列,P7,硕士,杭州,2021-08-06,3.9,50178,13771,7065,1502,72516,7614,5401,59501,B,是
EMP0134,张秀英,产品部,职能序列,P3,硕士,上海,2020-06-08,5.1,17115,6509,1259,1788,26671,2800,1733,22138,S,是
EMP0135,俞伟,客户服务部,销售序列,P2,大专,深圳,2023-03-18,2.3,12676,2055,1785,616,17132,1798,970,14364,S,否
EMP0136,张俊,产品部,技术序列,P4,硕士,北京,2021-02-22,4.4,20480,3827,1657,1149,27113,2846,1769,22498,A,是
EMP0137,周勇,人力资源部,产品序列,P4,本科,深圳,2017-08-08,7.9,16225,3422,2395,1641,23683,2486,1494,19703,D,是
EMP0138,谢红梅,运营部,技术序列,P4,本科,上海,2018-12-20,6.5,21904,5926,1711,502,30043,3154,2003,24886,C,是
EMP0139,杨秀梅,市场部,销售序列,P3,本科,上海,2017-07-25,7.9,16418,6628,2386,1302,26734,2807,1738,22189,A,是
EMP0140,白想,客户服务部,销售序列,P1,硕士,西安,2018-10-07,6.7,5623,1427,311,1560,8921,936,313,7672,A,是
EMP0141,郭建平,客户服务部,运营序列,P3,硕士,杭州,2024-05-09,1.1,13114,4542,1585,1135,20376,2139,1230,17007,A,是
EMP0142,凌秀兰,产品部,销售序列,P6,本科,广州,2022-04-18,3.2,34813,12629,3593,872,51907,5450,3752,42705,B,是
EMP0143,贾雪,人力资源部,运营序列,P4,硕士,广州,2022-01-16,3.5,20847,6793,2038,367,30045,3154,2003,24888,B,是
EMP0144,胡丽娟,产品部,运营序列,P3,大专,西安,2018-12-12,6.6,10604,2727,767,1713,15811,1660,864,13287,A,是
EMP0145,陈健,产品部,技术序列,P2,本科,上海,2024-05-17,1.1,11070,3576,1334,1058,17038,1788,963,14287,B,是
EMP0146,赵晨,技术研发部,职能序列,P3,本科,杭州,2022-07-22,2.9,12830,3241,886,744,17701,1858,1016,14827,A,是
EMP0147,倪丽,财务部,技术序列,P6,本科,杭州,2020-10-20,4.7,36000,6305,3790,1208,47303,4966,3384,38953,C,是
EMP0148,霍玉华,人力资源部,销售序列,P4,本科,成都,2022-07-18,3.0,17658,7907,1330,1210,28105,2951,1848,23306,B,是
EMP0149,梅桂英,技术研发部,职能序列,P5,硕士,武汉,2020-06-23,5.0,20342,3827,2961,783,27913,2930,1833,23150,B,是
EMP0150,刘红霞,产品部,职能序列,P3,本科,北京,2020-01-22,5.4,16211,2783,856,1042,20892,2193,1271,17428,B,是
EMP0151,马想,销售部,技术序列,P4,大专,西安,2018-06-17,7.0,13227,5470,925,503,20125,2113,1210,16802,B,是
EMP0152,高龙,技术研发部,技术序列,P2,本科,武汉,2017-07-20,8.0,8602,2069,638,1704,13013,1366,641,11006,A,是
EMP0153,郭杰,技术研发部,技术序列,P4,本科,西安,2021-09-18,3.8,17341,5984,1585,1052,25962,2726,1676,21560,B,是
EMP0154,王柳,人力资源部,产品序列,P3,硕士,广州,2021-07-14,4.0,13428,3339,983,1415,19165,2012,1133,16020,C,是
EMP0155,刘桂芳,客户服务部,技术序列,P3,本科,上海,2017-01-07,8.5,16017,4283,1587,1620,23507,2468,1480,19559,A,是
EMP0156,强文,产品部,销售序列,P4,本科,西安,2024-06-22,1.0,14101,3223,1935,1034,20293,2130,1223,16940,S,否
EMP0157,张秀梅,运营部,运营序列,P7,硕士,西安,2016-07-11,9.0,26727,6759,3239,424,37149,3900,2571,30678,B,是
EMP0158,袁莉,运营部,技术序列,P1,本科,成都,2017-03-25,8.3,6253,1708,675,1115,9751,1023,380,8348,B,是
EMP0159,何玉梅,技术研发部,产品序列,P5,本科,深圳,2017-09-18,7.8,31173,11413,1836,865,45287,4755,3222,37310,B,是
EMP0160,王海燕,运营部,产品序列,P2,本科,广州,2023-01-14,2.5,9788,2970,1168,688,14614,1534,769,12311,C,是
EMP0161,郁桂荣,市场部,运营序列,P3,本科,北京,2017-10-17,7.7,14862,6436,990,550,22838,2397,1427,19014,B,是
EMP0162,何冬梅,运营部,运营序列,P1,本科,杭州,2024-11-18,0.6,7010,1139,901,1231,10281,1079,422,8780,A,是
EMP0163,王璐,运营部,销售序列,P3,本科,上海,2023-08-19,1.9,15077,4536,1130,487,21230,2229,1298,17703,B,是
EMP0164,刘丹丹,人力资源部,运营序列,P3,硕士,广州,2020-09-25,4.8,14301,4651,1311,1657,21920,2301,1353,18266,B,是
EMP0165,李丽华,技术研发部,销售序列,P1,硕士,深圳,2022-09-08,2.8,7884,3359,670,734,12647,1327,611,10709,A,是
EMP0166,余冬梅,销售部,销售序列,P3,本科,西安,2016-09-17,8.8,12674,2088,1722,1614,18098,1900,1047,15151,A,是
EMP0167,李健,产品部,技术序列,P6,大专,北京,2020-04-25,5.2,46012,14818,2882,1609,65321,6858,4825,53638,S,是
EMP0168,陈凯,技术研发部,销售序列,P2,硕士,西安,2020-04-12,5.2,6275,2548,668,1522,11013,1156,481,9376,B,是
EMP0169,杨强,技术研发部,技术序列,P5,本科,北京,2022-09-06,2.8,31998,7122,2054,343,41517,4359,2921,34237,C,是
EMP0170,吴娟,财务部,销售序列,P3,本科,成都,2021-04-01,4.3,9826,4057,1183,403,15469,1624,837,13008,B,是
EMP0171,潘岩,运营部,产品序列,P4,本科,西安,2021-12-07,3.6,10342,1610,1453,983,14388,1510,751,12127,D,是
EMP0172,吴欣,技术研发部,销售序列,P2,硕士,广州,2018-10-26,6.7,11096,4102,1037,798,17033,1788,962,14283,A,是
EMP0173,苏玉英,人力资源部,销售序列,P2,本科,深圳,2022-03-16,3.3,12155,5225,1201,557,19138,2009,1131,15998,C,是
EMP0174,黄桂香,技术研发部,销售序列,P2,大专,北京,2016-02-17,9.4,12634,4386,1803,1456,20279,2129,1222,16928,B,是
EMP0175,纪玉,运营部,职能序列,P1,本科,上海,2023-08-18,1.9,8709,2453,889,720,12771,1340,621,10810,A,是
EMP0176,周秀云,技术研发部,技术序列,P2,硕士,北京,2024-01-31,1.4,9905,1619,978,440,12942,1358,635,10949,D,是
EMP0177,唐建华,运营部,技术序列,P4,大专,深圳,2017-04-14,8.2,20007,8523,2157,1435,32122,3372,2169,26581,A,是
EMP0178,何秀云,市场部,产品序列,P6,硕士,杭州,2023-08-24,1.9,40462,11778,4811,724,57775,6066,4222,47487,C,是
EMP0179,陈婷,客户服务部,技术序列,P5,本科,杭州,2022-01-08,3.5,23856,3785,1447,1500,30588,3211,2047,25330,C,是
EMP0180,郑倩,技术研发部,职能序列,P4,本科,成都,2024-06-02,1.1,10275,3667,1357,742,16041,1684,883,13474,B,是
EMP0181,刘红霞,产品部,产品序列,P2,本科,广州,2018-12-28,6.5,9056,2667,847,777,13347,1401,667,11279,B,是
EMP0182,龙玉珍,技术研发部,销售序列,P2,本科,深圳,2024-08-14,0.9,11019,2063,630,972,14684,1541,774,12369,A,是
EMP0183,郭瑜,客户服务部,职能序列,P3,硕士,成都,2023-03-10,2.3,10833,2321,1393,602,15149,1590,811,12748,B,是
EMP0184,王琴,销售部,销售序列,P2,本科,武汉,2019-10-25,5.7,8264,1399,724,1520,11907,1250,552,10105,B,否
EMP0185,鞠浩,产品部,技术序列,P3,硕士,北京,2017-04-01,8.3,17493,5637,1050,305,24485,2570,1558,20357,B,是
EMP0186,杜艳,运营部,销售序列,P3,本科,武汉,2019-04-17,6.2,10722,3609,1215,867,16413,1723,913,13777,B,是
EMP0187,杨文,销售部,销售序列,P3,大专,北京,2020-11-15,4.6,18581,,2564,596,27347,2871,1787,22689,C,是
EMP0188,李芳,财务部,运营序列,P3,大专,杭州,2017-10-09,7.7,11161,4410,1548,566,17685,1856,1014,14815,S,是
EMP0189,胡玉,人力资源部,运营序列,P5,本科,成都,2021-02-01,4.4,22610,9231,3295,1406,36542,3836,2523,30183,B,是
EMP0190,张秀梅,产品部,职能序列,P5,博士,杭州,2016-01-14,9.5,29352,9823,4014,813,44002,4620,3120,36262,C,是
EMP0191,杨玲,技术研发部,技术序列,P3,本科,上海,2024-02-05,1.4,13500,2076,677,657,16910,1775,952,14183,B,是
EMP0192,张秀荣,销售部,运营序列,P6,本科,武汉,2024-01-26,1.4,22950,8229,2020,525,33724,3541,2297,27886,A,是
EMP0193,李红梅,销售部,产品序列,M1,本科,武汉,2018-12-14,6.6,16024,4413,2112,1653,24202,2541,1536,20125,A,是
EMP0194,向秀芳,运营部,技术序列,P3,本科,杭州,2021-08-12,3.9,12566,4016,1088,352,18022,1892,1041,15089,S,是
EMP0195,段健,产品部,产品序列,P3,本科,上海,2024-07-17,1.0,17293,5961,1904,569,25727,2701,1658,21368,B,是
EMP0196,柏雪,产品部,技术序列,P3,硕士,北京,2018-01-01,7.5,15051,3839,1665,330,20885,2192,1270,17423,B,是
EMP0197,杨桂花,运营部,技术序列,P7,本科,成都,2021-09-10,3.8,35315,15013,3054,1033,54415,5713,3953,44749,D,是
EMP0198,韩佳,销售部,技术序列,P6,本科,上海,2017-03-11,8.3,39565,7524,5556,787,53432,5610,3874,43948,B,是
EMP0199,何婷婷,销售部,销售序列,P2,大专,成都,2023-01-05,2.5,8835,3105,886,1505,14331,1504,746,12081,B,是
EMP0200,曹桂芳,运营部,运营序列,P3,博士,武汉,2019-05-07,6.2,10416,1576,1004,963,13959,1465,716,11778,B,是
EMP0201,曾玲,运营部,销售序列,P4,本科,成都,2025-06-09,0.1,14442,6172,2162,332,23108,2426,1448,19234,C,是
EMP0202,王洁,技术研发部,产品序列,P3,大专,武汉,2023-03-02,2.3,10262,1885,1019,656,13822,1451,705,11666,C,是
EMP0203,朱强,技术研发部,技术序列,P2,本科,上海,2021-09-10,3.8,13386,2388,908,843,17525,1840,1002,14683,B,是
EMP0204,王凯,销售部,运营序列,P6,本科,武汉,2022-10-30,2.7,25482,6368,2581,407,34838,3657,2387,28794,B,否
EMP0205,农春梅,财务部,产品序列,P4,本科,西安,2018-03-25,7.3,16256,4260,2136,559,23211,2437,1456,19318,B,是
EMP0206,任刚,技术研发部,技术序列,P5,本科,广州,2017-09-18,7.8,26123,5597,3335,1162,36217,3802,2497,29918,C,是
EMP0207,唐宁,技术研发部,职能序列,P6,硕士,武汉,2020-03-11,5.3,27460,8939,3538,1377,41314,4337,2905,34072,B,是
EMP0208,黄军,运营部,技术序列,P4,本科,杭州,2024-07-20,0.9,24572,6950,2968,532,35022,3677,2401,28944,A,是
EMP0209,张秀华,技术研发部,运营序列,P3,硕士,上海,2017-10-23,7.7,13850,2219,1044,430,17543,1842,1003,14698,A,是
EMP0210,覃颖,技术研发部,职能序列,P4,本科,西安,2022-01-18,3.5,13444,3305,1831,1275,19855,2084,1188,16583,S,是
EMP0211,李玉梅,人力资源部,技术序列,P2,本科,北京,2024-09-24,0.8,10118,3977,1409,1218,16722,1755,937,14030,B,是
EMP0212,何杨,运营部,技术序列,P4,本科,成都,2021-12-12,3.6,16447,5870,1141,1041,24499,2572,1559,20368,A,是
EMP0213,岳玉华,运营部,职能序列,P2,本科,西安,2016-01-03,9.5,8912,3274,561,1351,14098,1480,727,11891,A,是
EMP0214,黄鑫,技术研发部,产品序列,P4,本科,深圳,2022-09-19,2.8,25496,9164,3762,1515,39937,4193,2794,32950,A,是
EMP0215,段岩,运营部,技术序列,P2,本科,西安,2019-08-20,5.9,8498,2067,1162,523,12250,1286,580,10384,B,是
EMP0216,蒋鑫,技术研发部,销售序列,P2,本科,上海,2021-06-24,4.0,11315,2035,1576,1225,16151,1695,892,13564,B,是
EMP0217,田婷,产品部,技术序列,P2,本科,西安,2016-03-20,9.3,7085,1641,982,1331,11039,1159,483,9397,B,是
EMP0218,李华,运营部,职能序列,P1,博士,西安,2017-04-03,8.2,4365,1743,454,753,7315,768,185,6362,S,是
EMP0219,张丽华,运营部,销售序列,P4,本科,杭州,2020-01-26,5.4,23517,10444,2695,1559,38215,4012,2657,31546,A,是
EMP0220,郑华,销售部,技术序列,P4,硕士,武汉,2025-04-29,0.2,15210,4534,1589,388,21721,2280,1337,18104,B,是
EMP0221,刘伟,运营部,技术序列,P3,本科,成都,2025-01-17,0.5,10030,1533,552,1789,13904,1459,712,11733,B,是
EMP0222,姜敏,财务部,技术序列,P2,大专,广州,2019-06-13,6.1,10793,2072,1344,1649,15858,1665,868,13325,A,是
EMP0223,李红梅,技术研发部,技术序列,P1,本科,北京,2018-09-07,6.8,7728,1905,776,1367,11776,1236,542,9998,A,是
EMP0224,刘秀芳,市场部,技术序列,P1,本科,广州,2016-08-25,8.9,7194,2327,825,917,11263,1182,501,9580,C,是
EMP0225,王龙,产品部,职能序列,P2,本科,西安,2018-09-13,6.8,7256,1251,727,1238,10472,1099,437,8936,B,是
EMP0226,王梅,产品部,技术序列,P6,大专,深圳,2022-05-12,3.1,44465,19253,4410,1617,69745,7323,5179,57243,A,是
EMP0227,李燕,客户服务部,运营序列,P2,硕士,上海,2016-11-18,8.6,11501,2984,772,363,15620,1640,849,13131,A,否
EMP0228,祝桂荣,市场部,销售序列,P3,硕士,成都,2016-12-16,8.5,8803,3730,685,424,13642,1432,691,11519,D,是
EMP0229,杨晶,销售部,销售序列,P2,本科,上海,2024-03-16,1.3,11695,4492,770,1280,18237,1914,1058,15265,B,是
EMP0230,李俊,运营部,运营序列,P2,本科,杭州,2021-06-13,4.1,￥11230,4229,781,1122,17362,1823,988,14551,B,是
EMP0231,姚燕,销售部,技术序列,P3,大专,上海,2025-02-24,0.3,15804,5247,2327,1173,24551,2577,1564,20410,B,是
EMP0232,刘阳,人力资源部,运营序列,P4,大专,北京,2016-10-10,8.7,24592,8312,1606,1705,36215,3802,2497,29916,B,是
EMP0233,邹燕,财务部,运营序列,P2,本科,深圳,2024-07-12,1.0,9803,3346,754,521,14424,1514,753,12157,B,是
EMP0234,邱玉梅,人力资源部,产品序列,P1,硕士,广州,2021-12-21,3.5,6838,2315,745,1304,11202,1176,496,9530,B,是
EMP0235,马玉珍,技术研发部,技术序列,P3,本科,西安,2024-08-02,0.9,9380,2965,1041,1758,15144,1590,811,12743,B,是
EMP0236,陈玉兰,运营部,销售序列,P2,大专,西安,2017-05-30,8.1,8074,3600,528,1208,13410,1408,672,11330,S,是
EMP0237,牟晨,产品部,产品序列,P2,本科,深圳,2017-06-09,8.1,11252,4159,1455,450,17316,1818,985,14513,C,是
EMP0238,刘倩,技术研发部,技术序列,M1,本科,成都,2023-05-26,2.1,19533,7482,2510,465,29990,3148,1999,24843,B,是
EMP0239,吴楠,运营部,产品序列,P4,本科,上海,2021-04-30,4.2,24826,,1830,959,37836,3972,2626,31238,A,是
EMP0240,陈桂荣,技术研发部,产品序列,P4,本科,成都,2022-03-01,3.3,15984,3431,1260,1545,22220,2333,1377,18510,C,是
EMP0241,王旭,客户服务部,销售序列,P3,本科,广州,2017-11-07,7.7,13157,2304,1891,603,17955,1885,1036,15034,C,是
EMP0242,罗龙,客户服务部,职能序列,P3,大专,成都,2018-12-21,6.5,9383,2766,1243,434,13826,1451,706,11669,D,是
EMP0243,龚雪梅,销售部,职能序列,P3,大专,杭州,2021-12-01,3.6,13645,4151,1634,558,19988,2098,1199,16691,C,是
EMP0244,孙秀云,市场部,技术序列,P4,博士,深圳,2022-10-20,2.7,19881,7927,1157,863,29828,3131,1986,24711,D,否
EMP0245,王秀珍,技术研发部,产品序列,P4,本科,广州,2020-09-29,4.8,16911,4788,1552,1578,24829,2607,1586,20636,A,是
EMP0246,石敏,客户服务部,运营序列,P2,大专,广州,2018-05-17,7.1,8891,2856,941,1596,14284,1499,742,12043,C,是
EMP0247,张英,市场部,技术序列,P3,本科,武汉,2022-01-17,3.5,9177,2827,630,1498,14132,1483,730,11919,C,否
EMP0248,杨桂芳,客户服务部,技术序列,P3,大专,广州,2024-06-20,1.0,9747,1573,924,1423,13667,1435,693,11539,A,是
EMP0249,周磊,客户服务部,职能序列,P6,本科,武汉,2024-03-08,1.3,25755,8616,2835,1758,38964,4091,2717,32156,A,是
EMP0250,李帆,销售部,技术序列,P4,硕士,北京,2023-09-26,1.8,23022,9172,1904,965,35063,3681,2405,28977,D,是
EMP0251,王燕,产品部,运营序列,P3,本科,西安,2018-04-03,7.2,8499,1676,1088,1080,12343,1296,587,10460,A,是
EMP0252,张桂英,市场部,技术序列,P2,本科,武汉,2023-12-30,1.5,7614,2499,1020,1523,12656,1328,612,10716,C,是
EMP0253,陈波,销售部,技术序列,P4,本科,深圳,2019-06-30,6.0,26083,8557,2148,1386,38174,4008,2653,31513,S,是
EMP0254,贺东,产品部,技术序列,P2,本科,成都,2020-06-22,5.0,8746,1742,1170,903,12561,1318,604,10639,S,是
EMP0255,郝秀英,技术研发部,销售序列,P3,硕士,武汉,2023-07-14,2.0,12451,2328,751,1229,16759,1759,940,14060,B,是
EMP0256,宁兰英,财务部,销售序列,P2,硕士,广州,2023-04-15,2.2,9746,4327,1303,1335,16711,1754,936,14021,A,是
EMP0257,杜杰,客户服务部,销售序列,P4,大专,深圳,2020-03-09,5.3,24215,6492,1580,1539,33826,3551,2306,27969,B,是
EMP0258,杨桂英,运营部,运营序列,P2,硕士,武汉,2020-11-29,4.6,6939,1514,404,1181,10038,1053,403,8582,B,否
EMP0259,傅阳,财务部,技术序列,P3,本科,武汉,2021-10-20,3.7,9595,1932,1095,503,13125,1378,650,11097,A,是
EMP0260,赵宁,技术研发部,运营序列,P6,博士,广州,2021-01-23,4.4,23025,8065,2237,1737,35064,3681,2405,28978,A,是
EMP0261,李帆,财务部,产品序列,P2,本科,杭州,2017-05-10,8.1,11394,3792,1604,534,17324,1819,985,14520,B,是
EMP0262,曾志强,客户服务部,销售序列,P3,博士,杭州,2018-10-12,6.7,16173,5548,1396,1640,24757,2599,1580,20578,A,否
EMP0263,赵春梅,技术研发部,技术序列,P3,本科,武汉,2018-07-09,7.0,9709,1712,764,1633,13818,1450,705,11663,B,是
EMP0264,王小红,人力资源部,运营序列,P1,本科,杭州,2016-09-19,8.8,7126,2979,713,1429,12247,1285,579,10383,B,是
EMP0265,陈建军,销售部,技术序列,P5,本科,上海,2019-10-16,5.7,28850,7696,2757,1776,41079,4313,2886,33880,A,是
EMP0266,刘刚,运营部,产品序列,P1,博士,广州,2016-03-27,9.3,7175,1750,605,740,10270,1078,421,8771,B,是
EMP0267,毛建军,运营部,职能序列,P3,硕士,上海,2022-08-06,2.9,18000,5196,2148,1180,26524,2785,1721,22018,A,是
EMP0268,浦玉华,运营部,运营序列,P4,大专,深圳,2022-03-18,3.3,16798,4485,2115,1224,24622,2585,1569,20468,A,是
EMP0269,武柳,产品部,产品序列,P4,本科,上海,2018-07-31,6.9,23038,9424,3117,767,36346,3816,2507,30023,A,是
EMP0270,赵玉英,产品部,产品序列,P4,本科,深圳,2022-08-07,2.9,20534,8804,3024,1147,33509,3518,2280,27711,C,是
EMP0271,朱琳,销售部,产品序列,P2,大专,武汉,2018-06-21,7.0,7703,1856,590,994,11143,1170,491,9482,C,是
EMP0272,黄帆,销售部,职能序列,P1,本科,深圳,2016-01-30,9.4,8714,3565,1059,1228,14566,1529,765,12272,C,是
EMP0273,赖娜,销售部,销售序列,P4,本科,深圳,2016-10-17,8.7,20760,7981,1856,1116,31713,3329,2137,26247,B,是
EMP0274,傅敏,销售部,销售序列,P3,硕士,成都,2023-12-09,1.6,10527,4518,1239,1151,17435,1830,994,14611,A,是
EMP0275,兰萍,人力资源部,职能序列,P5,本科,上海,2023-01-28,2.4,30905,6914,3016,1794,42629,4476,3010,35143,B,是
EMP0276,徐俊,人力资源部,技术序列,P5,硕士,成都,2016-08-29,8.8,23802,7690,3555,494,35541,3731,2443,29367,B,是
EMP0277,尚伟,销售部,职能序列,P5,大专,武汉,2018-07-26,6.9,21845,5075,2684,940,30544,3207,2043,25294,D,是
EMP0278,周岩,运营部,产品序列,P3,本科,广州,2016-10-03,8.7,13077,5194,1899,1174,21344,2241,1307,17796,A,是
EMP0279,崔雪梅,运营部,技术序列,P3,本科,上海,2016-05-08,9.2,13441,2037,1794,940,18212,1912,1056,15244,S,是
EMP0280,刘想,销售部,销售序列,P5,本科,广州,2019-09-15,5.8,24322,7769,3412,1662,37165,3902,2573,30690,B,是
EMP0281,覃晶,销售部,技术序列,P3,大专,广州,2016-10-17,8.7,14113,3553,1855,822,20343,2136,1227,16980,C,是
EMP0282,翟杰,产品部,销售序列,P2,本科,深圳,2021-10-06,3.7,11260,2779,1080,1066,16185,1699,894,13592,C,是
EMP0283,蔡桂珍,市场部,运营序列,P6,本科,西安,2018-09-01,6.8,29460,10118,2214,612,42404,4452,2992,34960,B,是
EMP0284,关健,技术研发部,运营序列,P6,本科,上海,2019-02-14,6.4,51751,20982,4503,1706,78942,8288,5915,64739,C,是
EMP0285,袁淑兰,财务部,职能序列,P3,本科,广州,2023-07-03,2.0,14327,4767,745,1271,21110,2216,1288,17606,B,否
EMP0286,韦丽娟,技术研发部,销售序列,P1,本科,西安,2021-06-11,4.1,5521,2241,565,437,8764,920,301,7543,C,是
EMP0287,李文,市场部,运营序列,P3,硕士,杭州,2018-05-27,7.1,12812,2938,1287,486,17523,1839,1001,14683,D,否
EMP0288,谢秀芳,人力资源部,运营序列,P5,硕士,广州,2022-01-17,3.5,17672,5404,1811,474,25361,2662,1628,21071,C,是
EMP0289,萧彬,产品部,技术序列,P6,本科,杭州,2017-06-25,8.0,36007,10267,5307,490,52071,5467,3765,42839,A,是
EMP0290,姚冬梅,财务部,运营序列,P2,本科,上海,2024-02-10,1.4,11136,1709,1571,1184,15600,1638,848,13114,A,是
EMP0291,万雷,技术研发部,技术序列,P1,大专,武汉,2022-05-27,3.1,5862,1858,387,497,8604,903,288,7413,B,是
EMP0292,黄秀荣,技术研发部,职能序列,P6,硕士,成都,2022-06-18,3.0,28169,9815,2447,1063,41494,4356,2919,34219,B,是
EMP0293,王欢,销售部,运营序列,P3,大专,上海,2021-04-20,4.2,15250,4995,1409,566,22220,2333,1377,18510,C,是
EMP0294,李雷,市场部,职能序列,P3,本科,成都,2018-09-22,6.8,8383,3109,721,1439,13652,1433,692,11527,A,是
EMP0295,李峰,技术研发部,技术序列,M1,本科,成都,2024-10-18,0.7,16005,5144,2078,422,23649,2483,1491,19675,A,是
EMP0296,蔡娟,人力资源部,技术序列,P1,本科,上海,2021-04-21,4.2,9028,1534,924,1501,12987,1363,638,10986,B,是
EMP0297,周秀兰,运营部,职能序列,P4,本科,广州,2025-01-20,0.4,21272,3933,2280,1450,28935,3038,1914,23983,A,是
EMP0298,许琴,技术研发部,技术序列,P1,硕士,北京,2020-07-25,4.9,8647,2844,1169,1450,14110,1481,728,11901,B,是
EMP0299,包帅,运营部,技术序列,P3,大专,广州,2018-02-18,7.4,13241,3078,1729,975,19023,1997,1121,15905,B,是
EMP0300,苏洁,技术研发部,技术序列,P5,本科,广州,2017-01-21,8.4,28392,4937,1794,1672,36795,3863,2543,30389,B,是
EMP0301,杨伟,技术研发部,销售序列,P3,大专,武汉,2017-02-01,8.4,9388,2618,1139,550,13695,1437,695,11563,A,是
EMP0302,欧阳鹏,人力资源部,职能序列,M3,大专,深圳,2023-05-23,2.1,64060,20261,5992,1141,91454,9602,6916,74936,C,是
EMP0303,刘建,人力资源部,产品序列,P4,硕士,深圳,2020-10-31,4.7,19352,4811,1537,1024,26724,2806,1737,22181,B,是
EMP0304,李凤英,运营部,技术序列,P3,本科,广州,2019-12-22,5.5,14062,5148,773,1662,21645,2272,1331,18042,C,是
EMP0305,王秀荣,运营部,产品序列,P2,硕士,杭州,2020-09-30,4.8,10156,3484,1002,1166,15808,1659,864,13285,B,是
EMP0306,李鑫,客户服务部,职能序列,P3,本科,武汉,2020-08-10,4.9,10772,2691,921,1776,16160,1696,892,13572,A,是
EMP0307,唐洁,人力资源部,职能序列,P3,大专,成都,2021年03月27日,4.3,9658,3635,725,405,14423,1514,753,12156,A,是
EMP0308,陈龙,产品部,技术序列,P1,硕士,西安,2024-03-05,1.3,5923,2041,707,889,9560,1003,364,8193,S,是
EMP0309,郑岩,销售部,技术序列,P3,本科,深圳,2016-08-09,8.9,19177,6543,2434,1529,29683,3116,1974,24593,B,是
EMP0310,钟杰,产品部,技术序列,P3,硕士,广州,2023-07-21,1.9,11199,3539,834,939,16511,1733,920,13858,A,是
EMP0311,尹楠,市场部,职能序列,P4,本科,武汉,2023-04-30,2.2,13812,2118,758,1020,17708,1859,1016,14833,B,是
EMP0312,尹坤,技术研发部,职能序列,P4,硕士,北京,2023-03-31,2.3,23125,8300,3118,512,35055,3680,2404,28971,B,否
EMP0313,顾淑兰,技术研发部,技术序列,P4,大专,杭州,2017-02-07,8.4,20683,5435,1054,1483,28655,3008,1892,23755,A,是
EMP0314,卢鹏,客户服务部,技术序列,P1,本科,上海,2016-09-05,8.8,7966,3447,1144,1339,13896,1459,711,11726,A,是
EMP0315,位娜,销售部,技术序列,P2,硕士,广州,2020-07-07,5.0,6144,2429,692,735,10000,1050,400,8550,B,是
EMP0316,周华,运营部,销售序列,P4,硕士,武汉,2024-03-01,1.3,16748,5465,1376,616,24205,2541,1536,20128,C,是
EMP0317,杨桂香,市场部,技术序列,P3,硕士,广州,2019-10-21,5.7,13902,3137,1037,1644,19720,2070,1177,16473,A,是
EMP0318,张建国,技术研发部,职能序列,P1,硕士,西安,2024-12-23,0.5,4318,911,219,1287,6735,707,138,5890,A,是
EMP0319,王桂兰,技术研发部,运营序列,P5,硕士,成都,2017-03-23,8.3,19765,4983,1453,759,26960,2830,1756,22374,D,是
EMP0320,陈伟,产品部,产品序列,P5,本科,杭州,2018-10-15,6.7,32437,9503,2068,521,44529,4675,3162,36692,S,是
EMP0321,王磊,人力资源部,技术序列,P3,本科,深圳,2018-02-23,7.4,18005,4299,2002,1017,25323,2658,1625,21040,D,是
EMP0322,沈红梅,运营部,技术序列,P1,本科,深圳,2018-02-18,7.4,9190,2798,612,1439,14039,1474,723,11842,S,是
EMP0323,徐波,运营部,运营序列,P5,本科,深圳,2022-01-05,3.5,30031,5994,3089,1052,40166,4217,2813,33136,C,是
EMP0324,吕桂香,产品部,职能序列,P4,本科,西安,2021-01-11,4.5,14179,6285,1545,535,22544,2367,1403,18774,A,是
EMP0325,马倩,客户服务部,职能序列,P5,本科,上海,2017-07-28,7.9,31221,5694,2491,870,40276,4228,2822,33226,C,是
EMP0326,李建,运营部,运营序列,P5,本科,武汉,2020-09-24,4.8,23616,10145,1263,1475,36499,3832,2519,30148,A,是
EMP0327,张平,财务部,技术序列,P5,本科,杭州,2018-01-21,7.4,24430,10360,1312,763,36865,3870,2549,30446,B,是
EMP0328,殷云,财务部,销售序列,P3,本科,杭州,2019-02-14,6.4,12330,3792,648,1178,17948,1884,1035,15029,A,是
EMP0329,阎婷,市场部,职能序列,P2,本科,深圳,2021-03-09,4.3,12569,4618,1557,1448,20192,2120,1215,16857,A,是
EMP0330,王洋,产品部,技术序列,P4,本科,深圳,2018-10-20,6.7,21126,5932,1728,1573,30359,3187,2028,25144,B,是
EMP0331,田莹,产品部,销售序列,P4,硕士,成都,2016-11-04,8.7,17201,5831,2229,1556,26817,2815,1745,22257,B,是
EMP0332,宋秀珍,运营部,运营序列,P4,本科,西安,2020-12-20,4.5,12908,3255,1202,1682,19047,1999,1123,15925,C,是
EMP0333,李坤,技术研发部,运营序列,P2,本科,北京,2025-01-22,0.4,11796,2835,1124,1616,17371,1823,989,14559,B,是
EMP0334,刘小红,技术研发部,职能序列,P2,本科,北京,2022-03-04,3.3,10560,3415,1069,1440,16484,1730,918,13836,C,是
EMP0335,张玉英,技术研发部,销售序列,P6,本科,广州,2017-02-05,8.4,34330,10279,4164,353,49126,5158,3530,40438,B,是
EMP0336,周瑞,技术研发部,职能序列,P4,大专,广州,2016-07-26,8.9,14510,4699,1122,1547,21878,2297,1350,18231,D,是
EMP0337,莫兰英,销售部,技术序列,P6,本科,杭州,2023年04月25日,2.2,34599,8165,2150,1647,46561,4888,3324,38349,C,是
EMP0338,蒋丹,运营部,产品序列,P5,本科,杭州,2022-01-23,3.4,22594,5876,2386,1720,32576,3420,2206,26950,B,否
EMP0339,王杰,市场部,销售序列,P4,大专,上海,2025-05-17,0.1,23788,4166,1967,847,30768,3230,2061,25477,C,是
EMP0340,门建,技术研发部,技术序列,P4,本科,上海,2016-03-01,9.3,23848,3951,2247,359,30405,3192,2032,25181,C,是
EMP0341,张慧,人力资源部,产品序列,P6,硕士,北京,2017-01-17,8.5,34666,7835,3976,669,47146,4950,3371,38825,A,是
EMP0342,郭兵,市场部,产品序列,P4,硕士,西安,2024-06-13,1.0,16287,2805,1619,859,21570,2264,1325,17981,B,是
EMP0343,李娜,技术研发部,产品序列,P4,本科,广州,2018-08-26,6.9,22926,4152,2568,1739,31385,3295,2110,25980,A,是
EMP0344,郭秀梅,市场部,运营序列,P2,大专,北京,2017-11-12,7.6,11940,4702,1246,932,18820,1976,1105,15739,C,是
EMP0345,王帅,市场部,销售序列,P3,本科,西安,2020-07-22,4.9,9359,1512,1160,995,13026,1367,642,11017,A,是
EMP0346,欧秀华,财务部,技术序列,P4,本科,北京,2021-06-12,4.1,30125,10473,3632,1018,45248,4751,3219,37278,A,是
EMP0347,张秀云,运营部,技术序列,P2,硕士,广州,2021-05-25,4.1,7836,1816,810,312,10774,1131,461,9182,B,是
EMP0348,宋伟,技术研发部,技术序列,P2,本科,武汉,2018-05-25,7.1,7618,3134,898,671,12321,1293,585,10443,B,是
EMP0349,吴凤英,市场部,销售序列,P3,硕士,上海,2020-06-30,5.0,16201,4787,2225,593,23806,2499,1504,19803,C,是
EMP0350,张佳,运营部,职能序列,P2,大专,成都,2016-08-28,8.8,9047,2186,843,1459,13535,1421,682,11432,D,是
EMP0351,宋颖,人力资源部,技术序列,P2,博士,成都,2017-11-05,7.7,8126,2480,741,1646,12993,1364,639,10990,B,是
EMP0352,秦淑珍,销售部,销售序列,P3,本科,成都,2020-04-01,5.3,10022,2651,1267,1120,15060,1581,804,12675,A,是
EMP0353,邰岩,运营部,销售序列,P6,硕士,广州,2016-01-09,9.5,30384,9701,3289,442,43816,4600,3105,36111,B,是
EMP0354,刘勇,技术研发部,销售序列,P3,本科,深圳,2020-05-18,5.1,14710,2711,839,590,18850,1979,1108,15763,B,是
EMP0355,姜志强,技术研发部,销售序列,P2,本科,深圳,2018-12-22,6.5,9855,4425,1371,1596,17247,1810,979,14458,B,是
EMP0356,苏丽娟,运营部,技术序列,P1,本科,深圳,2024-10-16,0.7,8307,2306,440,362,11415,1198,513,9704,A,是
EMP0357,朱宁,技术研发部,职能序列,P4,本科,杭州,2024-10-20,0.7,17620,4483,2199,487,24789,2602,1583,20604,B,是
EMP0358,唐倩,财务部,运营序列,P3,硕士,上海,2021-02-06,4.4,13016,4725,1638,1386,20765,2180,1261,17324,B,是
EMP0359,匡艳,客户服务部,销售序列,P5,硕士,上海,2019-03-14,6.3,36497,9458,5303,740,51998,5459,3759,42780,B,是
EMP0360,翟桂兰,财务部,职能序列,P4,硕士,武汉,2020-09-28,4.8,13540,5415,750,1070,20775,2181,1262,17332,B,是
EMP0361,李佳,市场部,职能序列,P5,本科,武汉,2023-10-24,1.7,17634,5048,1934,1159,25775,2706,1662,21407,C,是
EMP0362,邓丹,运营部,职能序列,P2,硕士,杭州,2024-03-11,1.3,9773,3575,906,1229,15483,1625,838,13020,B,是
EMP0363,何明,市场部,技术序列,P4,大专,北京,2024-10-13,0.7,22684,4133,1884,998,29699,3118,1975,24606,A,是
EMP0364,胡桂兰,人力资源部,运营序列,P2,本科,西安,2022-03-26,3.3,5857,2365,345,622,9189,964,335,7890,C,是
EMP0365,曾洁,客户服务部,销售序列,P7,本科,武汉,2023-06-04,2.1,39928,14801,4242,1057,60028,6302,4402,49324,B,是
EMP0366,刘岩,市场部,销售序列,P4,本科,成都,2024-01-21,1.4,12905,2755,1263,938,17861,1875,1028,14958,A,是
EMP0367,桂春梅,客户服务部,技术序列,P3,本科,深圳,2021-06-16,4.0,18489,3579,1117,1777,24962,2621,1596,20745,B,是
EMP0368,戚帆,销售部,技术序列,P2,本科,成都,2017-09-26,7.8,8279,2027,921,964,12191,1280,575,10336,B,是
EMP0369,宁明,技术研发部,技术序列,P2,本科,深圳,2018-02-16,7.4,10672,4725,1321,1462,18180,1908,1054,15218,C,是
EMP0370,潘桂芝,技术研发部,职能序列,P4,硕士,成都,2019-04-30,6.2,13440,3051,1703,1521,19715,2070,1177,16468,B,是
EMP0371,汤艳,技术研发部,销售序列,P2,本科,北京,2018-06-10,7.1,11725,3363,1647,473,17208,1806,976,14426,B,是
EMP0372,吴勇,技术研发部,技术序列,P4,大专,西安,2016-08-27,8.8,15072,2396,1370,407,19245,2020,1139,16086,A,是
EMP0373,范桂荣,技术研发部,运营序列,P2,本科,成都,2022-06-30,3.0,7766,2090,1128,618,11602,1218,528,9856,B,是
EMP0374,康斌,运营部,销售序列,P4,本科,成都,2024-04-01,1.2,14375,4620,1962,622,21579,2265,1326,17988,D,是
EMP0375,聂超,技术研发部,职能序列,P5,本科,广州,2022-01-29,3.4,25658,11185,2043,1565,40451,4247,2836,33368,B,是
EMP0376,贾东,产品部,运营序列,P5,本科,西安,2016-09-06,8.8,18810,5737,1240,401,26188,2749,1695,21744,A,是
EMP0377,张坤,销售部,运营序列,P5,本科,成都,2024-05-21,1.1,20441,8089,1912,1680,32122,3372,2169,26581,A,是
EMP0378,吴桂芝,技术研发部,运营序列,P2,本科,广州,2019-07-08,6.0,6979,2192,629,467,10267,1078,421,8768,B,是
EMP0379,张玉珍,销售部,技术序列,P1,本科,上海,2016-08-22,8.9,9537,1547,1025,857,12966,1361,637,10968,B,是
EMP0380,闻成,产品部,运营序列,P4,硕士,西安,2016-07-24,8.9,14543,3555,1575,1207,20880,2192,1270,17418,B,是
EMP0381,毕红梅,技术研发部,职能序列,P3,本科,杭州,2022-07-20,3.0,12383,3995,1547,1655,19580,2055,1166,16359,B,是
EMP0382,周辉,运营部,销售序列,P3,本科,西安,2021-05-06,4.2,12450,5417,1257,1168,20292,2130,1223,16939,B,是
EMP0383,刘帅,运营部,运营序列,P1,硕士,西安,2021-08-21,3.9,5517,2249,333,1294,9393,986,351,8056,B,是
EMP0384,薛建华,销售部,职能序列,P2,本科,成都,2021-12-15,3.5,6821,1490,926,1543,10780,1131,462,9187,B,是
EMP0385,曾娟,运营部,技术序列,P1,大专,上海,2017-10-06,7.7,9417,2034,762,1205,13418,1408,673,11337,A,是
EMP0386,司辉,销售部,运营序列,P6,硕士,西安,2016-08-20,8.9,28604,6016,4208,1148,39976,4197,2798,32981,B,是
EMP0387,赵勇,产品部,技术序列,P2,本科,武汉,2021-09-11,3.8,7959,3396,491,859,12705,1334,616,10755,C,是
EMP0388,袁雷,技术研发部,技术序列,P4,本科,武汉,2016-11-24,8.6,13664,5544,1992,741,21941,2303,1355,18283,B,是
EMP0389,吴欢,运营部,职能序列,P1,大专,广州,2018-01-31,7.4,7230,2765,427,1349,11771,1235,541,9995,B,是
EMP0390,李瑞,销售部,销售序列,P4,本科,成都,2016-10-07,8.7,14296,3828,1045,533,19702,2068,1176,16458,B,是
EMP0391,萧璐,客户服务部,技术序列,P3,本科,成都,2022-09-03,2.8,11371,3426,621,1006,16424,1724,913,13787,C,是
EMP0392,陶峰,市场部,产品序列,P6,大专,西安,2016-10-05,8.7,21059,6092,2537,1180,30868,3241,2069,25558,B,是
EMP0393,陈丽,市场部,销售序列,P6,本科,北京,2023-07-28,1.9,41472,9373,5599,527,56971,5981,4157,46833,B,是
EMP0394,罗洁,运营部,技术序列,P3,本科,上海,2018-08-21,6.9,19137,5769,1787,880,27573,2895,1805,22873,D,是
EMP0395,陈金凤,产品部,运营序列,P6,本科,深圳,2020-07-11,5.0,37498,5967,5356,1688,50509,5303,3640,41566,C,否
EMP0396,赵秀华,客户服务部,职能序列,M3,大专,深圳,2017-05-06,8.2,56913,10787,6205,1689,75594,7937,5647,62010,B,是
EMP0397,谢晶,销售部,运营序列,P5,本科,北京,2022-05-22,3.1,30752,12792,3474,1514,48532,5095,3482,39955,B,是
EMP0398,刘磊,市场部,技术序列,P5,本科,广州,2018-10-05,6.7,21765,8172,2928,1296,34161,3586,2332,28243,B,是
EMP0399,李杨,运营部,产品序列,P2,大专,深圳,2022-06-29,3.0,8239,2281,656,1379,12555,1318,604,10633,A,否
EMP0400,陈洋,运营部,职能序列,P4,硕士,西安,2022-09-01,2.8,13651,4165,1166,1666,20648,2168,1251,17229,C,是
EMP0401,管斌,技术研发部,运营序列,P1,大专,深圳,2016-06-11,9.1,8394,2190,1180,931,12695,1332,615,10748,B,是
EMP0402,梁峰,销售部,技术序列,P1,本科,武汉,2022-12-11,2.6,5564,2071,779,393,8807,924,304,7579,C,是
EMP0403,房想,人力资源部,职能序列,M3,大专,武汉,2016-12-01,8.6,40876,15747,6035,751,63409,6657,4672,52080,A,是
EMP0404,高楠,销售部,技术序列,P3,本科,杭州,2020-09-13,4.8,13720,5199,1923,1109,21951,2304,1356,18291,B,是
EMP0405,吴凯,产品部,职能序列,P4,硕士,上海,2023-05-16,2.1,24655,9043,1546,1527,36771,3860,2541,30370,S,否
EMP0406,张鑫,销售部,技术序列,P5,本科,广州,2022-07-18,3.0,24897,5262,3295,412,33866,3555,2309,28002,B,是
EMP0407,苏想,市场部,销售序列,P6,硕士,成都,2022-05-04,3.2,26722,6717,2431,315,36185,3799,2494,29892,B,是
EMP0408,杨晨,技术研发部,产品序列,M3,本科,上海,2021-11-11,3.6,61299,17835,9138,718,88990,9343,6719,72928,B,是
EMP0409,赵婷,销售部,产品序列,P2,本科,广州,2019-07-19,6.0,9957,2481,968,917,14323,1503,745,12075,S,是
EMP0410,王桂英,技术研发部,技术序列,P1,本科,深圳,2018-12-04,6.6,9659,3636,1017,732,15044,1579,803,12662,A,是
EMP0411,王兵,产品部,技术序列,P3,硕士,杭州,2018-04-16,7.2,12621,3140,1299,581,17641,1852,1011,14778,A,是
EMP0412,王红梅,客户服务部,销售序列,P2,本科,上海,2023-07-06,2.0,11727,2245,963,823,15758,1654,860,13244,A,是
EMP0413,何彬,客户服务部,销售序列,P1,本科,深圳,2024-01-12,1.5,8595,2318,494,892,12299,1291,583,10425,B,否
EMP0414,吴超,财务部,产品序列,P3,本科,广州,2019-07-10,6.0,11222,4982,1566,971,18741,1967,1099,15675,B,是
EMP0415,叶宁,运营部,产品序列,P5,本科,上海,2018-09-04,6.8,￥31797,6924,4142,545,43408,4557,3072,35779,B,是
EMP0416,涂磊,市场部,职能序列,P4,硕士,成都,2018-12-23,6.5,12163,4058,777,315,17313,1817,985,14511,B,是
EMP0417,覃秀英,产品部,销售序列,P3,本科,上海,2020-06-09,5.1,12493,3496,1595,1318,18902,1984,1112,15806,A,是
EMP0418,伊娟,产品部,运营序列,P4,本科,深圳,2017-06-20,8.0,22174,3798,2496,1181,29649,3113,1971,24565,A,是
EMP0419,李斌,运营部,产品序列,P2,本科,西安,2023-07-14,2.0,7068,2094,642,659,10463,1098,437,8928,A,是
EMP0420,陈秀华,运营部,产品序列,P1,本科,西安,2023-03-28,2.3,5592,2016,421,564,8593,902,287,7404,C,是
EMP0421,张红,销售部,职能序列,P5,硕士,上海,2019-05-13,6.1,31651,,4303,1078,46652,4898,3332,38422,B,是
EMP0422,杨峰,销售部,技术序列,P4,本科,成都,2021-02-15,4.4,13030,5363,1563,1390,21346,2241,1307,17798,A,是
EMP0423,范凤英,技术研发部,运营序列,P5,本科,杭州,2019-07-19,6.0,27151,6426,2844,1741,38162,4007,2652,31503,A,是
EMP0424,高桂珍,人力资源部,产品序列,P1,硕士,杭州,2024-06-06,1.1,6262,1101,694,771,8828,926,306,7596,C,是
EMP0425,阳彬,技术研发部,职能序列,P5,大专,西安,2016-10-24,8.7,23665,10198,1398,1324,36585,3841,2526,30218,B,是
EMP0426,景晶,人力资源部,技术序列,P4,本科,深圳,2016-02-08,9.4,17783,4685,1731,1444,25643,2692,1651,21300,B,否
EMP0427,廖梅,市场部,运营序列,P4,本科,广州,2021-02-20,4.4,17225,5562,1194,1668,25649,2693,1651,21305,B,是
EMP0428,陈敏,销售部,运营序列,P4,本科,深圳,2022-12-19,2.5,18583,7202,1316,1025,28126,2953,1850,23323,A,是
EMP0429,何坤,产品部,职能序列,P6,本科,杭州,2022-04-25,3.2,39265,9710,4559,447,53981,5668,3918,44395,D,是
EMP0430,李淑华,技术研发部,技术序列,P4,硕士,北京,2017-02-13,8.4,21605,7882,3049,1113,33649,3533,2291,27825,B,是
EMP0431,陈秀英,技术研发部,运营序列,P4,本科,北京,2016-10-27,8.7,21099,4022,1906,386,27413,2878,1793,22742,A,是
EMP0432,范丹丹,运营部,运营序列,M2,本科,上海,2022-01-11,3.5,45726,10854,3236,1193,61009,6405,4480,50124,C,是
EMP0433,魏帆,财务部,运营序列,P5,硕士,成都,2018-05-23,7.1,21395,4138,2457,338,28328,2974,1866,23488,B,是
EMP0434,蔡秀梅,技术研发部,运营序列,P3,本科,西安,2021-09-03,3.8,10768,4235,1476,1241,17720,1860,1017,14843,A,是
EMP0435,孙桂香,技术研发部,职能序列,P4,本科,武汉,2018-12-22,6.5,12704,2754,1585,459,17502,1837,1000,14665,B,是
EMP0436,赵金凤,运营部,销售序列,P3,本科,武汉,2017-06-26,8.0,8646,3157,1183,941,13927,1462,714,11751,A,是
EMP0437,常梅,技术研发部,技术序列,P2,硕士,武汉,2019-11-30,5.6,7697,3332,797,1479,13305,1397,664,11244,A,是
EMP0438,罗淑珍,销售部,销售序列,P4,本科,上海,2016-10-08,8.7,21119,6511,2643,1179,31452,3302,2116,26034,B,是
EMP0439,沈兵,运营部,运营序列,P6,硕士,北京,2018-09-27,6.8,47038,14676,3010,1474,66198,6950,4895,54353,A,是
EMP0440,曹欢,技术研发部,技术序列,P6,硕士,杭州,2020-02-22,5.4,36397,10493,3087,1128,51105,5366,3688,42051,C,是
EMP0441,张博,技术研发部,技术序列,P3,本科,上海,2019-03-13,6.3,16250,4026,1445,1753,23474,2464,1477,19533,D,是
EMP0442,穆秀梅,客户服务部,产品序列,P3,本科,武汉,2017-10-08,7.7,8374,2451,846,1611,13282,1394,662,11226,A,是
EMP0443,黄秀珍,市场部,职能序列,P2,硕士,武汉,2020-11-29,4.6,9322,3084,1332,1155,14893,1563,791,12539,B,是
EMP0444,高健,市场部,职能序列,M3,本科,西安,2025-05-08,0.1,39760,17724,5464,892,63840,6703,4707,52430,B,是
EMP0445,张阳,销售部,职能序列,M2,硕士,深圳,2022-02-03,3.4,43478,18753,2758,535,65524,6880,4841,53803,B,是
EMP0446,莫秀华,客户服务部,运营序列,P4,硕士,武汉,2023-11-21,1.6,12955,5294,871,1129,20249,2126,1219,16904,B,是
EMP0447,鲍璐,客户服务部,产品序列,P5,本科,成都,2019-05-24,6.1,22108,9213,1896,342,33559,3523,2284,27752,B,是
EMP0448,张桂芳,运营部,技术序列,P4,本科,武汉,2022-11-10,2.6,12148,3527,960,965,17600,1848,1008,14744,B,是
EMP0449,孟瑜,市场部,产品序列,P4,硕士,深圳,2025-01-18,0.4,22392,7775,2496,651,33314,3497,2265,27552,B,是
EMP0450,吕淑华,技术研发部,产品序列,P1,硕士,武汉,2023-05-02,2.2,5360,2243,751,1565,9919,1041,393,8485,D,是
EMP0451,尹秀梅,运营部,技术序列,P3,本科,成都,2021-12-06,3.6,10697,2865,1564,1242,16368,1718,909,13741,B,是
EMP0452,陶丽,财务部,技术序列,P4,大专,杭州,2016-02-02,9.4,20483,8982,2362,1712,33539,3521,2283,27735,C,是
EMP0453,施玉梅,市场部,运营序列,P4,本科,上海,2023-06-28,2.0,18712,5140,2503,1041,27396,2876,1791,22729,A,是
EMP0454,曲桂芝,销售部,职能序列,P3,本科,成都,2025-02-28,0.3,9784,3231,1003,480,14498,1522,759,12217,D,是
EMP0455,任静,技术研发部,销售序列,P7,本科,深圳,2022-03-21,3.3,59748,21685,4232,1194,86859,9120,6548,71191,B,是
EMP0456,卢旭,人力资源部,销售序列,P2,本科,上海,2019-05-11,6.1,14508,6313,1486,516,22823,2396,1425,19002,B,否
EMP0457,黄玉,技术研发部,职能序列,P3,本科,上海,2023-06-10,2.1,15597,3484,1645,798,21524,2260,1321,17943,B,是
EMP0458,齐杨,市场部,产品序列,P4,本科,深圳,2017-02-28,8.3,22746,8503,2826,1192,35267,3703,2421,29143,A,是
EMP0459,许欣,技术研发部,运营序列,P4,本科,西安,2017-07-04,8.0,13859,4244,997,1506,20606,2163,1248,17195,A,是
EMP0460,胡岩,技术研发部,职能序列,P4,本科,北京,2018-12-19,6.5,27744,6396,2409,1120,37669,3955,2613,31101,A,是
EMP0461,张玉兰,技术研发部,技术序列,P2,本科,武汉,2017-04-17,8.2,6006,2300,518,1373,10197,1070,415,8712,A,是
EMP0462,马明,运营部,产品序列,P2,本科,成都,2017-03-14,8.3,7878,2486,1149,461,11974,1257,557,10160,B,是
EMP0463,韩兰英,运营部,销售序列,P4,本科,深圳,2024-04-28,1.2,17096,5954,1613,1110,25773,2706,1661,21406,B,是
EMP0464,孙欢,财务部,产品序列,P4,本科,杭州,2022-03-16,3.3,13215,3262,1658,935,19070,2002,1125,15943,B,是
EMP0465,张佳,客户服务部,运营序列,P2,本科,广州,2017-09-28,7.8,9642,2838,1206,995,14681,1541,774,12366,A,是
EMP0466,孔红霞,市场部,运营序列,P4,本科,深圳,2019-01-20,6.4,21595,7238,1653,753,31239,3280,2099,25860,C,是
EMP0467,阎玉梅,产品部,技术序列,P3,硕士,武汉,2019-02-28,6.3,10044,2726,1076,982,14828,1556,786,12486,B,是
EMP0468,柳鹏,销售部,产品序列,P4,本科,武汉,2022-10-13,2.7,14216,2978,1982,644,19820,2081,1185,16554,D,是
EMP0469,冷雪,技术研发部,产品序列,P5,硕士,上海,2018-05-12,7.1,43513,19080,4243,456,67292,7065,4983,55244,B,是
EMP0470,郭鹏,客户服务部,技术序列,P2,本科,上海,2024-01-18,1.5,11230,3407,1622,1345,17604,1848,1008,14748,A,是
EMP0471,王秀云,技术研发部,技术序列,P1,本科,深圳,2019-11-05,5.7,8765,3244,626,1596,14231,1494,738,11999,B,是
EMP0472,杨洋,客户服务部,销售序列,P5,硕士,广州,2018-04-13,7.2,23494,6421,1348,533,31796,3338,2143,26315,B,是
EMP0473,张红,技术研发部,技术序列,P4,本科,西安,2023-09-16,1.8,14537,3729,2022,1386,21674,2275,1333,18066,S,是
EMP0474,许静,销售部,运营序列,P4,本科,深圳,2023-02-10,2.4,20632,5614,2780,1344,30370,3188,2029,25153,S,是
EMP0475,林霞,人力资源部,技术序列,P5,本科,广州,2018-12-17,6.5,24224,6607,3615,697,35143,3690,2411,29042,A,是
EMP0476,杨浩,客户服务部,销售序列,P5,本科,西安,2021-09-01,3.8,24706,7739,2913,1015,36373,3819,2509,30045,A,是
EMP0477,李欣,技术研发部,技术序列,M1,大专,广州,2021-06-24,4.0,24605,7702,3534,1019,36860,3870,2548,30442,B,是
EMP0478,严娟,财务部,产品序列,P3,本科,武汉,2018-10-25,6.7,10570,3161,1402,1789,16922,1776,953,14193,B,是
EMP0479,罗娟,客户服务部,销售序列,P3,大专,武汉,2025-06-27,0.0,7524,1432,1011,1621,11588,1216,527,9845,A,是
EMP0480,梁金凤,人力资源部,销售序列,P3,大专,武汉,2016-07-27,8.9,9949,2972,1063,602,14586,1531,766,12289,B,是
EMP0481,樊强,运营部,技术序列,P2,博士,杭州,2017-01-13,8.5,13210,2651,1165,783,17809,1869,1024,14916,B,是
EMP0482,吴娜,运营部,销售序列,P4,本科,武汉,2023-02-11,2.4,14001,2629,2008,510,19148,2010,1131,16007,A,否
EMP0483,张秀兰,市场部,产品序列,P2,本科,成都,2020-09-30,4.8,8821,3791,822,599,14033,1473,722,11838,S,是
EMP0484,王波,运营部,运营序列,P6,硕士,上海,2025-04-20,0.2,50088,16603,5203,824,72718,7635,5417,59666,A,是
EMP0485,王玉华,财务部,技术序列,P4,本科,上海,2019-02-07,6.4,22537,7839,2132,704,33212,3487,2256,27469,B,是
EMP0486,乔岩,销售部,技术序列,P4,本科,广州,2016-06-29,9.0,15858,4290,1688,655,22491,2361,1399,18731,A,是
EMP0487,唐刚,技术研发部,职能序列,P3,本科,上海,2016-01-15,9.5,11225,4744,1089,1533,18591,1952,1087,15552,B,是
EMP0488,王琴,产品部,运营序列,P1,本科,北京,2019-09-28,5.8,9468,3232,518,613,13831,1452,706,11673,B,是
EMP0489,龙秀芳,客户服务部,产品序列,P1,本科,西安,2024-08-24,0.9,4926,1875,680,1642,9123,957,329,7837,B,是
EMP0490,马凤兰,销售部,职能序列,P3,硕士,广州,2017-06-19,8.0,13009,3389,1228,454,18080,1898,1046,15136,A,是
EMP0491,蔡晶,市场部,职能序列,P1,博士,上海,2023-02-22,2.4,7259,3179,790,662,11890,1248,551,10091,B,是
EMP0492,张坤,运营部,技术序列,P4,本科,北京,2018-12-08,6.6,21783,8629,1392,1586,33390,3505,2271,27614,B,是
EMP0493,黄勇,产品部,运营序列,P6,本科,西安,2017-10-23,7.7,27410,11133,1379,1311,41233,4329,2898,34006,C,是
EMP0494,王峰,技术研发部,技术序列,P6,本科,杭州,2024-04-24,1.2,37934,7649,2827,1250,49660,5214,3572,40874,B,是
EMP0495,黄雪梅,市场部,职能序列,P4,大专,上海,2020-12-14,4.5,19022,4399,2291,1454,27166,2852,1773,22541,B,是
EMP0496,扈岩,产品部,职能序列,P2,硕士,北京,2022-03-09,3.3,13580,3200,813,1486,19079,2003,1126,15950,B,是
EMP0497,王建国,财务部,销售序列,P6,大专,深圳,2023-11-30,1.6,38341,8867,5401,1219,53828,5651,3906,44271,B,是
EMP0498,朱霞,技术研发部,技术序列,P6,本科,成都,2020-10-17,4.7,22933,9325,1639,1694,35591,3737,2447,29407,C,是
EMP0499,陈淑珍,客户服务部,技术序列,P2,硕士,深圳,2022-04-16,3.2,11063,1765,779,1456,15063,1581,805,12677,S,是
EMP0500,刘楠,客户服务部,技术序列,P4,本科,北京,2016-02-09,9.4,22592,3904,1539,1616,29651,3113,1972,24566,D,是
EMP0501,阳宁,运营部,技术序列,P2,本科,广州,2017-04-03,8.2,9489,2203,487,1601,13780,1446,702,11632,B,否
EMP0502,李峰,人力资源部,技术序列,P5,本科,武汉,2016-11-04,8.7,24199,5080,3077,1579,33935,3563,2314,28058,B,是
EMP0503,陈秀芳,产品部,销售序列,M3,硕士,武汉,2023-10-01,1.8,40419,8874,5557,961,55811,5860,4064,45887,S,是
EMP0504,李兰英,销售部,技术序列,P1,本科,武汉,2017-09-02,7.8,5519,2149,614,1584,9866,1035,389,8442,B,是
EMP0505,朱军,运营部,技术序列,P6,硕士,西安,2022-02-12,3.4,23685,7554,1630,947,33816,3550,2305,27961,B,是
EMP0506,贾兵,技术研发部,职能序列,P4,大专,广州,2016-05-27,9.1,19376,2939,1521,609,24445,2566,1555,20324,A,是
EMP0507,陈飞,销售部,产品序列,M1,硕士,西安,2025-05-11,0.1,17539,4889,1711,1200,25339,2660,1627,21052,A,否
EMP0508,阳坤,销售部,职能序列,P3,硕士,上海,2020-02-21,5.4,15060,4101,2190,439,21790,2287,1343,18160,C,是
EMP0509,张成,客户服务部,技术序列,P5,本科,武汉,2022-07-13,3.0,16045,2955,1199,1260,21459,2253,1316,17890,B,是
EMP0510,谢帆,运营部,运营序列,P1,本科,深圳,2022-03-13,3.3,9691,3419,1193,1205,15508,1628,840,13040,B,是
EMP0511,张琳,财务部,技术序列,P3,本科,广州,2017-08-29,7.8,10863,3917,1020,1593,17393,1826,991,14576,A,是
EMP0512,王斌,市场部,技术序列,P1,本科,广州,2020-10-26,4.7,6373,2334,508,920,10135,1064,410,8661,B,是
EMP0513,邓桂英,客户服务部,销售序列,M1,本科,武汉,2017-06-06,8.1,18356,6764,1754,862,27736,2912,1818,23006,B,是
EMP0514,刘秀华,销售部,技术序列,P5,本科,深圳,2016-06-20,9.0,26274,3941,1500,1511,33226,3488,2258,27480,B,否
EMP0515,黄秀兰,技术研发部,运营序列,P6,本科,杭州,2019-06-16,6.0,30163,13156,3917,415,47651,5003,3412,39236,B,是
EMP0516,郎玲,技术研发部,产品序列,P7,本科,广州,2020-02-02,5.4,35050,13818,2605,1020,52493,5511,3799,43183,B,是
EMP0517,张桂芳,市场部,产品序列,P1,大专,武汉,2024-12-04,0.6,6084,2562,745,1339,10730,1126,458,9146,B,是
EMP0518,张淑兰,销售部,销售序列,P3,本科,成都,2016-06-12,9.1,9962,1541,566,451,12520,1314,601,10605,A,是
EMP0519,汪建华,客户服务部,技术序列,P1,本科,北京,2020-01-05,5.5,11823,5085,1720,935,19563,2054,1165,16344,C,是
EMP0520,吴婷,技术研发部,职能序列,P2,硕士,西安,2018-05-10,7.1,6525,2563,452,1245,10785,1132,462,9191,B,是
EMP0521,杜燕,财务部,销售序列,P2,本科,上海,2023-08-25,1.9,10308,4135,1425,1225,17093,1794,967,14332,A,是
EMP0522,李丽,市场部,运营序列,P3,本科,广州,2018-10-19,6.7,11875,2113,1554,377,15919,1671,873,13375,B,是
EMP0523,黄明,客户服务部,销售序列,P2,硕士,成都,2023-06-24,2.0,8017,2979,1176,416,12588,1321,607,10660,B,否
EMP0524,燕梅,销售部,技术序列,P2,本科,成都,2017-02-25,8.4,7350,3219,718,1055,12342,1295,587,10460,A,是
EMP0525,夏想,销售部,产品序列,P2,硕士,广州,2019-12-19,5.5,9994,3533,1226,887,15640,1642,851,13147,A,是
EMP0526,黄柳,市场部,技术序列,P2,本科,杭州,2024-09-30,0.8,8803,2827,766,457,12853,1349,628,10876,B,是
EMP0527,韩玉兰,市场部,职能序列,M1,本科,北京,2022-04-12,3.2,22940,9948,1569,1620,36077,3788,2486,29803,A,否
EMP0528,潘龙,产品部,销售序列,P5,大专,上海,2020-07-22,4.9,24875,7036,2345,484,34740,3647,2379,28714,B,是
EMP0529,何成,技术研发部,技术序列,M1,本科,广州,2022-12-17,2.5,15807,5212,1052,1559,23630,2481,1490,19659,A,是
EMP0530,来淑兰,销售部,职能序列,P3,大专,西安,2024-05-27,1.1,9509,2785,1409,1516,15219,1597,817,12805,B,是
EMP0531,王勇,销售部,技术序列,P2,本科,上海,2017-09-25,7.8,11171,4801,666,1338,17976,1887,1038,15051,A,是
EMP0532,陈云,客户服务部,运营序列,P5,本科,深圳,2018-08-27,6.8,28355,4900,3088,1087,37430,3930,2594,30906,S,是
EMP0533,李芳,客户服务部,运营序列,P3,本科,成都,2017-10-27,7.7,12250,3679,1379,1247,18555,1948,1084,15523,C,是
EMP0534,顾鹏,财务部,销售序列,P2,本科,成都,2024-12-20,0.5,8937,3182,927,1488,14534,1526,762,12246,B,是
EMP0535,徐鑫,运营部,运营序列,P2,本科,广州,2025-02-02,0.4,8935,3462,1038,1435,14870,1561,789,12520,B,否
EMP0536,祁云,客户服务部,产品序列,P2,本科,广州,2017-12-26,7.5,7305,2373,450,384,10512,1103,440,8969,A,是
EMP0537,吴志强,销售部,技术序列,P2,本科,西安,2020-08-15,4.9,6906,2918,728,1221,11773,1236,541,9996,B,是
EMP0538,刘琴,产品部,技术序列,P3,硕士,深圳,2016-04-11,9.2,14235,6158,1120,1470,22983,2413,1438,19132,B,是
EMP0539,萧旭,市场部,技术序列,P4,本科,杭州,2018-01-04,7.5,17409,2947,2507,1634,24497,2572,1559,20366,D,是
EMP0540,钟建,技术研发部,技术序列,P1,硕士,广州,2024-04-04,1.2,6285,1701,793,685,9464,993,357,8114,D,是
EMP0541,朱刚,客户服务部,销售序列,P2,硕士,成都,2019-09-22,5.8,7179,1127,1057,958,10321,1083,425,8813,B,是
EMP0542,刘瑞,财务部,运营序列,P5,本科,上海,2024-10-09,0.7,30248,7526,1625,1539,40938,4298,2875,33765,B,是
EMP0543,向淑华,技术研发部,运营序列,P2,本科,北京,2020-08-13,4.9,10969,3412,861,1274,16516,1734,921,13861,B,是
EMP0544,李莹,运营部,技术序列,P3,本科,武汉,2024-12-29,0.5,10659,4511,741,1326,17237,1809,978,14450,B,是
EMP0545,王林,财务部,销售序列,P6,本科,上海,2023-07-06,2.0,44546,17995,2276,608,65425,6869,4834,53722,A,是
EMP0546,徐文,产品部,职能序列,P2,本科,杭州,2024-03-29,1.3,8884,1672,659,426,11641,1222,531,9888,B,是
EMP0547,杜明,技术研发部,技术序列,P1,本科,北京,2025-02-02,0.4,10084,1794,1188,1222,14288,1500,743,12045,A,是
EMP0548,田玉英,运营部,职能序列,P3,本科,上海,2018-10-13,6.7,13994,4572,1023,511,20100,2110,1208,16782,A,是
EMP0549,马柳,人力资源部,运营序列,P3,本科,上海,2018-12-28,6.5,12781,3957,1289,1003,19030,1998,1122,15910,A,是
EMP0550,刘亮,运营部,技术序列,P4,本科,深圳,2017-10-14,7.7,22210,5106,3082,1762,32160,3376,2172,26612,B,是
EMP0551,朱秀华,人力资源部,产品序列,P5,本科,武汉,2024-10-30,0.7,18759,7875,2239,472,29345,3081,1947,24317,B,否
EMP0552,曾海燕,销售部,运营序列,P2,硕士,西安,2023-11-12,1.6,7695,3295,688,1333,13011,1366,640,11005,B,否
EMP0553,叶玉兰,财务部,技术序列,P4,本科,杭州,2017-03-18,8.3,13448,3641,1173,1623,19885,2087,1190,16608,B,否
EMP0554,陈阳,财务部,销售序列,P3,大专,成都,2020-04-15,5.2,12441,5189,1189,653,19472,2044,1157,16271,A,是
EMP0555,李瑜,销售部,销售序列,P2,本科,深圳,2016-06-07,9.1,12114,3212,820,380,16526,1735,922,13869,B,是
EMP0556,邓玉兰,市场部,职能序列,P4,本科,北京,2021-04-11,4.2,18448,6845,2092,807,28192,2960,1855,23377,A,是
EMP0557,萧丹,技术研发部,运营序列,P2,本科,武汉,2018-06-30,7.0,6251,1830,540,1749,10370,1088,429,8853,B,是
EMP0558,商强,技术研发部,产品序列,P3,本科,成都,2018-03-28,7.3,12799,2390,1730,1196,18115,1902,1049,15164,D,是
EMP0559,王秀英,运营部,职能序列,P1,本科,深圳,2025-02-26,0.3,7529,3225,946,1199,12899,1354,631,10914,A,否
EMP0560,陈成,运营部,运营序列,P3,本科,武汉,2021-02-28,4.3,9358,2678,1039,1373,14448,1517,755,12176,A,是
EMP0561,杨玉珍,运营部,技术序列,P3,硕士,西安,2019-12-03,5.6,7382,2733,637,1370,12122,1272,569,10281,B,是
EMP0562,潘坤,技术研发部,运营序列,P5,硕士,杭州,2019-06-04,6.1,26150,6802,1856,1548,36356,3817,2508,30031,D,是
EMP0563,谢阳,技术研发部,销售序列,P1,本科,广州,2025-03-14,0.3,6672,1038,851,625,9186,964,334,7888,B,是
EMP0564,任红梅,技术研发部,产品序列,P3,本科,西安,2024-12-01,0.6,11010,1983,1086,1045,15124,1588,809,12727,C,是
EMP0565,史平,产品部,技术序列,P3,本科,广州,2018-07-21,7.0,10601,3168,768,1063,15600,1638,848,13114,B,是
EMP0566,余军,财务部,职能序列,P4,大专,北京,2018-07-02,7.0,18395,6566,1278,879,27118,2847,1769,22502,D,是
EMP0567,李波,市场部,技术序列,P4,本科,广州,2016-04-06,9.2,18594,4656,1237,1093,25580,2685,1646,21249,A,是
EMP0568,阮丽丽,市场部,技术序列,P4,本科,深圳,2023-05-27,2.1,23805,8537,3040,1137,36519,3834,2521,30164,S,是
EMP0569,李艳,销售部,技术序列,P5,硕士,北京,2018-03-02,7.3,26372,9483,1922,992,38769,4070,2701,31998,C,是
EMP0570,唐晶,产品部,产品序列,P6,大专,成都,2020-06-20,5.0,32424,11710,3328,1690,49152,5160,3532,40460,C,是
EMP0571,杨红,人力资源部,职能序列,P3,本科,西安,2019-09-06,5.8,10185,3032,969,1524,15710,1649,856,13205,A,是
EMP0572,刘林,销售部,运营序列,P3,本科,西安,2019-02-15,6.4,11468,4867,1238,407,17980,1887,1038,15055,A,是
EMP0573,陈婷婷,市场部,技术序列,P5,本科,杭州,2016-10-11,8.7,27069,8032,3727,1592,40420,4244,2833,33343,S,否
EMP0574,黄云,运营部,销售序列,M2,大专,北京,2024-09-02,0.8,29636,8448,4053,1625,43762,4595,3100,36067,A,是
EMP0575,陈鑫,销售部,销售序列,P6,博士,成都,2019-02-17,6.4,28176,5911,2679,985,37751,3963,2620,31168,A,是
EMP0576,黄勇,客户服务部,销售序列,P3,本科,西安,2019-12-09,5.6,11429,2769,589,434,15221,1598,817,12806,D,是
EMP0577,杨雪,技术研发部,技术序列,P2,本科,北京,2023-03-12,2.3,10601,1724,982,975,14282,1499,742,12041,B,是
EMP0578,张桂芝,客户服务部,产品序列,P3,本科,上海,2021-09-17,3.8,15121,5142,1672,493,22428,2354,1394,18680,B,是
EMP0579,吕坤,人力资源部,销售序列,P4,本科,上海,2020-06-25,5.0,21495,4826,2273,1442,30036,3153,2002,24881,B,是
EMP0580,陈萍,产品部,职能序列,P3,本科,北京,2023-08-15,1.9,10595,2556,1219,1689,16059,1686,884,13489,B,是
EMP0581,刘英,市场部,技术序列,P3,大专,西安,2025-06-17,0.0,12173,4640,796,1091,18700,1963,1096,15641,B,是
EMP0582,巫婷婷,客户服务部,技术序列,P5,大专,武汉,2022-01-05,3.5,18550,4603,2126,881,26160,2746,1692,21722,B,是
EMP0583,黄彬,人力资源部,运营序列,P3,硕士,广州,2019-09-18,5.8,13513,3008,922,816,18259,1917,1060,15282,A,是
EMP0584,石慧,产品部,销售序列,P6,本科,上海,2016-04-23,9.2,42255,8481,5284,1782,57802,6069,4224,47509,B,是
EMP0585,陈璐,运营部,运营序列,P3,本科,武汉,2017-04-17,8.2,11969,4577,1004,1644,19194,2015,1135,16044,B,是
EMP0586,赵秀梅,产品部,运营序列,P3,本科,武汉,2018-12-05,6.6,10906,2060,1319,1534,15819,1660,865,13294,C,是
EMP0587,杨秀兰,技术研发部,技术序列,P3,硕士,杭州,2018-01-01,7.5,13265,3795,726,607,18393,1931,1071,15391,D,是
EMP0588,漆凤兰,技术研发部,职能序列,P5,大专,成都,2022-07-06,3.0,19034,5749,1728,982,27493,2886,1799,22808,B,是
EMP0589,吴桂英,技术研发部,销售序列,P2,本科,深圳,2018-12-23,6.5,12283,4375,1480,466,18604,1953,1088,15563,B,是
EMP0590,白淑华,技术研发部,产品序列,P2,大专,上海,2016-06-05,9.1,8984,3054,653,1493,14184,1489,734,11961,A,否
EMP0591,袁桂芳,技术研发部,职能序列,M1,大专,北京,2017-03-20,8.3,29631,11651,3838,1659,46779,4911,3342,38526,B,是
EMP0592,姚龙,运营部,销售序列,P2,大专,广州,2022-09-09,2.8,8082,1320,913,589,10904,1144,472,9288,B,是
EMP0593,常岩,技术研发部,技术序列,P4,硕士,深圳,2020-11-14,4.6,24431,5837,2657,1016,33941,3563,2315,28063,S,是
EMP0594,黄峰,产品部,运营序列,P4,大专,成都,2019-11-16,5.6,15045,3521,1284,935,20785,2182,1262,17341,B,是
EMP0595,邵红,销售部,技术序列,P3,大专,武汉,2024-03-03,1.3,11203,2171,1100,1643,16117,1692,889,13536,B,是
EMP0596,宫洋,市场部,职能序列,P4,本科,成都,2024-10-26,0.7,14905,3528,1635,1730,21798,2288,1343,18167,A,是
EMP0597,丁红梅,运营部,运营序列,P2,硕士,西安,2019-07-08,6.0,5851,1421,568,1656,9496,997,359,8140,C,是
EMP0598,李俊,技术研发部,运营序列,P4,本科,上海,2020-11-22,4.6,19691,6036,2359,1102,29188,3064,1935,24189,A,是
EMP0599,李金凤,技术研发部,职能序列,P3,本科,成都,2022-10-19,2.7,11520,4021,1075,564,17180,1803,974,14403,C,是
EMP0600,高楠,技术研发部,产品序列,P4,大专,成都,2021-09-25,3.8,15055,3979,1057,1518,21609,2268,1328,18013,B,是
EMP0601,张亮,技术研发部,销售序列,P2,本科,广州,2017-04-18,8.2,10629,3888,758,1751,17026,1787,962,14277,B,是
EMP0602,蔡玉英,产品部,运营序列,P4,本科,西安,2020-04-26,5.2,14719,3692,744,473,19628,2060,1170,16398,B,否
EMP0603,邓丹,技术研发部,技术序列,P2,本科,西安,2022-06-19,3.0,6550,1552,524,934,9560,1003,364,8193,B,是
EMP0604,李慧,技术研发部,职能序列,P2,本科,武汉,2018-02-17,7.4,6873,2146,858,1444,11321,1188,505,9628,B,是
EMP0605,赵柳,技术研发部,职能序列,P2,本科,广州,2018-11-09,6.6,9424,1480,1219,1071,13194,1385,655,11154,B,是
EMP0606,刘玉华,市场部,技术序列,P2,大专,广州,2016-06-30,9.0,6724,1169,472,1617,9982,1048,398,8536,B,是
EMP0607,王建平,技术研发部,销售序列,P5,本科,北京,2023-12-13,1.6,39026,10747,5694,972,56439,5926,4115,46398,B,否
EMP0608,何雪,市场部,销售序列,P2,大专,成都,2020-11-21,4.6,8202,3550,822,561,13135,1379,650,11106,D,是
EMP0609,覃鹏,人力资源部,技术序列,P6,硕士,成都,2016-01-07,9.5,32925,12065,4665,1672,51327,5389,3706,42232,A,是
EMP0610,宋海燕,运营部,销售序列,M1,硕士,西安,2021-10-30,3.7,13905,2453,1678,1739,19775,2076,1182,16517,B,是
EMP0611,张英,技术研发部,技术序列,P4,博士,成都,2025-01-16,0.5,16964,6851,2073,1703,27591,2897,1807,22887,A,是
EMP0612,杨斌,销售部,技术序列,P2,硕士,杭州,2022-01-14,3.5,12646,4675,739,1378,19438,2040,1155,16243,B,是
EMP0613,黄楠,运营部,技术序列,P3,本科,广州,2023-09-14,1.8,10720,3572,771,491,15554,1633,844,13077,B,是
EMP0614,丛霞,技术研发部,销售序列,P5,本科,深圳,2024-01-25,1.4,33519,13276,1705,1623,50123,5262,3609,41252,A,是
EMP0615,石龙,销售部,职能序列,P3,本科,西安,2024-04-27,1.2,10141,2750,1233,1673,15797,1658,863,13276,A,是
EMP0616,张荣,客户服务部,技术序列,P1,本科,上海,2024-04-06,1.2,6957,1505,587,1167,10216,1072,417,8727,S,是
EMP0617,高伟,技术研发部,产品序列,P4,本科,西安,2023-07-09,2.0,14870,4514,1913,1341,22638,2376,1411,18851,B,是
EMP0618,陈秀英,产品部,运营序列,P5,本科,武汉,2018-03-18,7.3,22880,7199,1919,1041,33039,3469,2243,27327,B,是
EMP0619,张龙,销售部,技术序列,P5,本科,深圳,2020-01-31,5.4,28466,8867,3755,337,41425,4349,2914,34162,D,是
EMP0620,鲍建华,运营部,销售序列,P2,本科,武汉,2020-11-01,4.7,8663,2768,546,1042,13019,1366,641,11012,B,是
EMP0621,廖兰英,技术研发部,销售序列,P4,本科,北京,2016-10-13,8.7,17999,7822,1212,932,27965,2936,1837,23192,A,是
EMP0622,张琳,技术研发部,运营序列,P2,硕士,北京,2023-06-13,2.1,9744,4099,819,669,15331,1609,826,12896,C,是
EMP0623,李凯,市场部,销售序列,P2,大专,武汉,2019-09-14,5.8,7724,3187,701,738,12350,1296,588,10466,B,否
EMP0624,平华,人力资源部,产品序列,P6,本科,成都,2022-12-27,2.5,28787,11239,2443,999,43468,4564,3077,35827,B,是
EMP0625,孙玉,财务部,销售序列,P2,硕士,深圳,2019-07-09,6.0,10246,4436,1294,1295,17271,1813,981,14477,A,是
EMP0626,管娟,市场部,职能序列,P2,本科,成都,2023-06-10,2.1,8546,1534,510,693,11283,1184,502,9597,B,是
EMP0627,尹涛,市场部,运营序列,P1,本科,西安,2017-05-25,8.1,5807,1332,494,763,8396,881,271,7244,C,是
EMP0628,李成,运营部,技术序列,P6,本科,杭州,2024-01-27,1.4,40534,12100,5420,581,58635,6156,4290,48189,B,是
EMP0629,董霞,技术研发部,销售序列,P5,本科,北京,2019-05-15,6.1,32019,12934,1814,617,47384,4975,3390,39019,B,否
EMP0630,尚明,产品部,产品序列,P4,硕士,北京,2021-09-08,3.8,24126,7275,3479,458,35338,3710,2427,29201,B,是
EMP0631,胡明,运营部,技术序列,P5,本科,深圳,2019-06-20,6.0,29039,10872,4316,905,45132,4738,3210,37184,C,是
EMP0632,曾建军,销售部,技术序列,P2,本科,北京,2023-06-24,2.0,14801,2837,871,507,19016,1996,1121,15899,A,是
EMP0633,汪欣,人力资源部,运营序列,P3,大专,杭州,2020-07-30,4.9,12319,2780,974,1339,17412,1828,992,14592,B,是
EMP0634,洪林,人力资源部,运营序列,P3,大专,杭州,2019-08-29,5.8,17098,6318,1491,1405,26312,2762,1704,21846,C,是
EMP0635,曹博,技术研发部,职能序列,P1,硕士,杭州,2020-07-06,5.0,7380,1471,941,1378,11170,1172,493,9505,A,是
EMP0636,徐瑜,市场部,销售序列,P3,本科,上海,2023-10-26,1.7,13242,3382,1451,377,18452,1937,1076,15439,B,是
EMP0637,杨平,人力资源部,技术序列,P6,本科,杭州,2019-04-26,6.2,42783,9816,4895,1655,59149,6210,4331,48608,B,是
EMP0638,孔丹丹,产品部,职能序列,P1,大专,杭州,2022-03-20,3.3,7461,1902,938,989,11290,1185,503,9602,B,是
EMP0639,冯秀华,产品部,技术序列,P2,本科,上海,2017-06-05,8.1,12773,4630,789,1565,19757,2074,1180,16503,B,是
EMP0640,杨鹏,市场部,销售序列,P2,硕士,成都,2018-02-24,7.4,8934,2326,1191,568,13019,1366,641,11012,A,是
EMP0641,应秀荣,技术研发部,销售序列,P2,本科,西安,2020-09-18,4.8,7710,2440,929,1523,12602,1323,608,10671,B,是
EMP0642,欧健,产品部,运营序列,P6,大专,广州,2023-06-16,2.0,31862,5734,3432,1071,42099,4420,2967,34712,A,是
EMP0643,杨秀云,技术研发部,职能序列,P3,本科,北京,2020-04-01,5.3,18152,7106,2522,615,28395,2981,1871,23543,B,是
EMP0644,邱岩,产品部,技术序列,P3,硕士,杭州,2023-08-06,1.9,13651,3562,1638,632,19483,2045,1158,16280,A,是
EMP0645,崔桂兰,技术研发部,运营序列,P5,本科,北京,2024-05-22,1.1,35174,12119,2468,670,50431,5295,3634,41502,S,是
EMP0646,吕浩,销售部,销售序列,P2,硕士,深圳,2017-12-13,7.6,8312,3055,772,1718,13857,1454,708,11695,D,是
EMP0647,王玉梅,财务部,产品序列,P3,本科,北京,2022-11-26,2.6,17121,3645,1701,1579,24046,2524,1523,19999,B,是
EMP0648,曹桂芝,运营部,产品序列,P3,硕士,武汉,2022-05-20,3.1,9603,3989,533,639,14764,1550,781,12433,D,是
EMP0649,谢晨,销售部,运营序列,P4,本科,成都,2019-05-17,6.1,17688,5923,2572,1776,27959,2935,1836,23188,A,否
EMP0650,丁杨,人力资源部,销售序列,M3,大专,西安,2020-07-21,4.9,43592,12145,2740,1196,59673,6265,4373,49035,B,是
EMP0651,邹强,技术研发部,产品序列,P5,本科,上海,2022-02-22,3.4,32632,6679,3907,389,43607,4578,3088,35941,A,是
EMP0652,唐鑫,人力资源部,技术序列,P3,本科,北京,2025-05-07,0.2,17198,7441,1730,1141,27510,2888,1800,22822,B,是
EMP0653,吉丽丽,财务部,职能序列,P5,硕士,北京,2016-01-02,9.5,28606,10770,1503,1046,41925,4402,2954,34569,B,是
EMP0654,张杰,运营部,销售序列,P2,硕士,北京,2019-05-29,6.1,14188,3013,2021,1685,20907,2195,1272,17440,A,是
EMP0655,姜璐,市场部,技术序列,P1,本科,广州,2019-03-21,6.3,8499,2135,1148,1773,13555,1423,684,11448,C,是
EMP0656,张璐,技术研发部,技术序列,P2,本科,广州,2018-05-10,7.1,9748,3830,998,786,15362,1613,828,12921,A,是
EMP0657,杨桂荣,产品部,技术序列,P3,本科,深圳,2020-10-26,4.7,18267,6552,1331,1209,27359,2872,1788,22699,B,是
EMP0658,魏玉华,市场部,产品序列,P3,本科,上海,2024-10-23,0.7,14776,5610,918,1550,22854,2399,1428,19027,D,是
EMP0659,袁玉梅,运营部,产品序列,P4,本科,北京,2022-07-03,3.0,20347,5745,1756,883,28731,3016,1898,23817,C,是
EMP0660,杨颖,财务部,职能序列,P6,本科,北京,2022-10-20,2.7,43964,16044,3321,1219,64548,6777,4763,53008,C,否
EMP0661,邱玉英,产品部,职能序列,P3,本科,北京,2023-05-05,2.2,17098,4547,1721,779,24145,2535,1531,20079,B,是
EMP0662,罗帅,客户服务部,运营序列,P3,大专,北京,2019-08-12,5.9,15481,3303,2270,1393,22447,2356,1395,18696,A,是
EMP0663,王博,财务部,产品序列,P1,本科,广州,2021-03-19,4.3,7302,2481,784,789,11356,1192,508,9656,A,否
EMP0664,刘建华,技术研发部,销售序列,P1,本科,成都,2020-12-14,4.5,5951,2635,827,933,10346,1086,427,8833,B,是
EMP0665,张娜,技术研发部,运营序列,P4,本科,成都,2020-12-16,4.5,12991,3159,1495,1260,18905,1985,1112,15808,B,是
EMP0666,程琴,技术研发部,销售序列,P3,博士,深圳,2023-07-30,1.9,16294,4697,1589,697,23277,2444,1462,19371,A,是
EMP0667,樊建华,产品部,运营序列,P5,本科,武汉,2018-05-25,7.1,22955,8084,3109,1053,35201,3696,2416,29089,B,是
EMP0668,陈兵,技术研发部,技术序列,P2,大专,杭州,2021-09-24,3.8,10180,3180,988,1689,16037,1683,882,13472,B,是
EMP0669,陈明,技术研发部,职能序列,P1,本科,上海,2021-04-22,4.2,9721,3917,1330,1468,16436,1725,914,13797,B,是
EMP0670,王伟,产品部,产品序列,P3,硕士,成都,2024-11-25,0.6,9102,3445,720,1202,14469,1519,757,12193,B,是
EMP0671,赵文,技术研发部,职能序列,P2,本科,武汉,2024-12-04,0.6,8026,1344,504,1245,11119,1167,489,9463,B,是
EMP0672,罗楠,销售部,技术序列,P1,本科,西安,2024年04月2日,1.2,4693,2109,636,877,8315,873,265,7177,B,是
EMP0673,董杨,技术研发部,技术序列,P4,大专,西安,2017-11-26,7.6,12162,4569,1322,1082,19135,2009,1130,15996,A,是
EMP0674,赵秀梅,人力资源部,销售序列,P2,大专,北京,2023-05-22,2.1,10975,4490,1524,1329,18318,1923,1065,15330,B,是
EMP0675,张凤兰,市场部,技术序列,P4,本科,西安,2016-12-13,8.6,12452,4300,1790,1380,19922,2091,1193,16638,A,是
EMP0676,何淑兰,客户服务部,销售序列,P2,硕士,成都,2019-03-08,6.3,7277,2960,402,1157,11796,1238,543,10015,A,是
EMP0677,耿秀华,技术研发部,技术序列,P2,硕士,深圳,2021-10-12,3.7,10921,2006,1093,631,14651,1538,772,12341,B,是
EMP0678,宗海燕,市场部,职能序列,P3,大专,杭州,2023-06-12,2.1,15021,3820,1314,708,20863,2190,1269,17404,C,是
EMP0679,谭雪,客户服务部,职能序列,P5,本科,成都,2023-02-05,2.4,20498,8464,2307,1538,32807,3444,2224,27139,A,否
EMP0680,周秀梅,销售部,运营序列,P3,硕士,深圳,2022-12-11,2.6,12421,2614,1606,583,17224,1808,977,14439,B,是
EMP0681,韩俊,销售部,技术序列,P5,本科,西安,2019-10-04,5.7,23054,3999,1799,812,29664,3114,1973,24577,B,是
EMP0682,鹿刚,产品部,技术序列,P2,硕士,广州,2017-01-17,8.5,8374,3236,884,406,12900,1354,632,10914,A,是
EMP0683,覃秀华,技术研发部,技术序列,P5,大专,杭州,2025-03-06,0.3,27107,10860,3276,1613,42856,4499,3028,35329,B,是
EMP0684,张晨,运营部,技术序列,P2,硕士,深圳,2024-06-03,1.1,11810,2347,749,1284,16190,1699,895,13596,B,是
EMP0685,刘平,客户服务部,职能序列,P4,本科,武汉,2018-08-20,6.9,14744,5990,1937,1060,23731,2491,1498,19742,A,是
EMP0686,范婷婷,财务部,销售序列,P4,硕士,成都,2023-07-18,2.0,16698,5944,1846,1435,25923,2721,1673,21529,B,是
EMP0687,张淑珍,财务部,销售序列,P6,本科,广州,2019-06-25,6.0,36271,11099,5257,510,53137,5579,3850,43708,B,是
EMP0688,尹娜,产品部,职能序列,P3,本科,武汉,2018-07-09,7.0,9325,3721,782,1756,15584,1636,846,13102,B,是
EMP0689,李利,运营部,职能序列,P1,硕士,深圳,2025-01-16,0.5,10419,2873,633,1356,15281,1604,822,12855,B,是
EMP0690,张畅,技术研发部,职能序列,P1,本科,深圳,2018-03-26,7.3,8452,1759,850,555,11616,1219,529,9868,S,是
EMP0691,蒲超,产品部,技术序列,P5,本科,西安,2017-08-26,7.9,19921,4690,1166,883,26660,2799,1732,22129,B,是
EMP0692,周琴,市场部,销售序列,P3,本科,武汉,2016-04-10,9.2,11602,3498,1704,471,17275,1813,982,14480,A,是
EMP0693,袁建平,人力资源部,职能序列,P5,硕士,成都,2016-07-08,9.0,21958,6793,1182,628,30561,3208,2044,25309,C,是
EMP0694,钱丹,产品部,运营序列,P2,硕士,杭州,2018-09-29,6.8,10452,4093,1310,858,16713,1754,937,14022,B,是
EMP0695,庄杨,技术研发部,技术序列,P3,本科,广州,2021-04-30,4.2,16550,6411,1696,1220,25877,2717,1670,21490,A,是
EMP0696,孙瑜,财务部,产品序列,P1,硕士,西安,2022-11-08,2.6,5279,1712,458,1351,8800,924,304,7572,C,是
EMP0697,蒋建华,产品部,运营序列,M1,本科,北京,2024-08-13,0.9,26451,10163,1496,601,38711,4064,2696,31951,S,是
EMP0698,戴畅,财务部,销售序列,P4,大专,上海,2016-10-25,8.7,22267,4621,2498,1195,30581,3211,2046,25324,B,是
EMP0699,原淑英,技术研发部,运营序列,P7,本科,杭州,2021-02-08,4.4,56880,9386,6172,487,72925,7657,5434,59834,B,是
EMP0700,赵霞,人力资源部,产品序列,P2,本科,西安,2020-08-24,4.9,6070,2501,473,754,9798,1028,383,8387,A,是
EMP0701,路凤兰,人力资源部,销售序列,P4,本科,广州,2023-01-23,2.4,13479,2327,1900,1223,18929,1987,1114,15828,C,是
EMP0702,莫芳,技术研发部,技术序列,P4,博士,武汉,2022-06-15,3.0,13385,2998,1076,1015,18474,1939,1077,15458,B,是
EMP0703,朱秀梅,产品部,产品序列,P3,本科,深圳,2018-03-07,7.3,12332,4422,1171,354,18279,1919,1062,15298,A,是
EMP0704,陈秀梅,技术研发部,技术序列,P5,本科,武汉,2024-01-21,1.4,19739,5385,2060,1149,28333,2974,1866,23493,B,是
EMP0705,黄鑫,技术研发部,职能序列,P7,博士,西安,2023-10-23,1.7,39697,16390,2382,409,58878,6182,4310,48386,B,是
EMP0706,王璐,客户服务部,销售序列,P6,本科,广州,2020-04-21,5.2,30633,7333,4387,1111,43464,4563,3077,35824,C,否
EMP0707,雷伟,产品部,技术序列,P4,硕士,武汉,2021-07-17,4.0,11934,1832,1043,1328,16137,1694,890,13553,A,是
EMP0708,周红,销售部,销售序列,P2,本科,武汉,2020-06-24,5.0,7663,1840,445,1065,11013,1156,481,9376,B,是
EMP0709,程琴,产品部,技术序列,P2,硕士,上海,2018-09-26,6.8,12789,4136,1134,782,18841,1978,1107,15756,B,是
EMP0710,张帆,运营部,销售序列,M1,本科,成都,2017-08-27,7.8,14370,3776,1580,1090,20816,2185,1265,17366,B,是
EMP0711,张辉,运营部,职能序列,P1,硕士,西安,2023-05-11,2.1,5997,1861,607,467,8932,937,314,7681,B,是
EMP0712,房磊,财务部,销售序列,P4,本科,上海,2023-09-17,1.8,24113,9958,2880,1067,38018,3991,2641,31386,A,是
EMP0713,熊静,市场部,技术序列,P4,本科,西安,2016-01-23,9.4,15647,6630,869,759,23905,2510,1512,19883,B,是
EMP0714,孟桂兰,市场部,销售序列,P4,本科,北京,2024-06-02,1.1,25789,5926,2023,357,34095,3579,2327,28189,B,是
EMP0715,陈丽丽,产品部,职能序列,M2,本科,北京,2024-08-20,0.9,53730,15508,7088,952,77278,8114,5782,63382,C,是
EMP0716,潘秀珍,客户服务部,技术序列,P3,本科,上海,2017-03-12,8.3,15182,4778,880,502,21342,2240,1307,17795,A,是
EMP0717,秦萍,销售部,销售序列,P3,本科,杭州,2024-09-23,0.8,13829,6011,1874,1763,23477,2465,1478,19534,B,是
EMP0718,程莹,客户服务部,技术序列,P1,本科,杭州,2020-10-07,4.7,6982,3139,413,1631,12165,1277,573,10315,C,是
EMP0719,陈秀英,技术研发部,销售序列,P3,本科,武汉,2018-06-15,7.0,10402,2294,1388,986,15070,1582,805,12683,B,是
EMP0720,王云,运营部,技术序列,P2,大专,武汉,2017-12-21,7.5,8997,3311,774,599,13681,1436,694,11551,C,否
EMP0721,李桂兰,客户服务部,职能序列,P3,本科,深圳,2025-01-06,0.5,12864,3388,1430,581,18263,1917,1061,15285,C,是
EMP0722,萧梅,技术研发部,运营序列,P5,本科,北京,2023-10-21,1.7,29141,4442,1902,378,35863,3765,2469,29629,B,是
EMP0723,李静,技术研发部,技术序列,P7,本科,西安,2021-10-22,3.7,43627,6665,2470,887,53649,5633,3891,44125,B,是
EMP0724,周颖,运营部,技术序列,P2,本科,深圳,2021-03-17,4.3,12582,3625,900,1267,18374,1929,1069,15376,A,是
EMP0725,徐桂香,财务部,技术序列,P3,本科,北京,2016-07-24,8.9,15541,4607,975,1725,22848,2399,1427,19022,B,否
EMP0726,朱强,销售部,运营序列,P6,大专,上海,2022-04-02,3.2,47077,7380,3824,584,58865,6180,4309,48376,A,是
EMP0727,沈桂英,技术研发部,技术序列,P1,本科,杭州,2018-10-17,6.7,7650,2723,776,1744,12893,1353,631,10909,B,是
EMP0728,张桂芳,销售部,运营序列,P1,硕士,武汉,2017-05-12,8.1,6608,1574,719,1260,10161,1066,412,8683,B,是
EMP0729,施帅,技术研发部,技术序列,P2,本科,杭州,2021-02-12,4.4,10064,3200,1298,1218,15780,1656,862,13262,B,是
EMP0730,吴坤,技术研发部,技术序列,P4,本科,上海,2017-06-30,8.0,24662,5925,2851,1560,34998,3674,2399,28925,A,是
EMP0731,尹宇,技术研发部,职能序列,P2,本科,深圳,2024-12-26,0.5,14764,2954,1636,310,19664,2064,1173,16427,D,是
EMP0732,赵旭,销售部,技术序列,M1,本科,深圳,2021-03-18,4.3,27823,7572,2536,462,38393,4031,2671,31691,A,是
EMP0733,章颖,运营部,销售序列,P3,本科,广州,2023-06-27,2.0,12815,2815,1247,338,17215,1807,977,14431,S,是
EMP0734,郑桂兰,人力资源部,销售序列,P3,本科,武汉,2021-12-15,3.5,11301,3508,1033,824,16666,1749,933,13984,A,是
EMP0735,朱兵,产品部,职能序列,P2,本科,武汉,2022-04-08,3.2,7266,1523,975,741,10505,1103,440,8962,D,是
EMP0736,沈林,销售部,运营序列,P3,大专,西安,2022-09-04,2.8,13045,3946,952,606,18549,1947,1083,15519,D,是
EMP0737,谢莉,市场部,销售序列,P4,本科,武汉,2019-07-23,5.9,14711,2901,743,1423,19778,2076,1182,16520,B,是
EMP0738,刘帅,销售部,技术序列,P5,本科,北京,2024-06-20,1.0,31435,11042,3619,1789,47885,5027,3430,39428,C,是
EMP0739,王洁,市场部,技术序列,P5,大专,深圳,2020-12-17,4.5,27603,10383,1939,1546,41471,4354,2917,34200,A,是
EMP0740,周燕,市场部,技术序列,P4,本科,上海,2022-11-14,2.6,24851,4550,3454,1380,34235,3594,2338,28303,D,是
EMP0741,高柳,市场部,职能序列,P6,博士,深圳,2025-02-20,0.4,45597,13238,6196,1166,66197,6950,4895,54352,A,是
EMP0742,武桂珍,产品部,技术序列,P5,本科,杭州,2024-01-25,1.4,25670,4396,1480,527,32073,3367,2165,26541,A,是
EMP0743,陈帅,运营部,运营序列,P5,本科,北京,2021-08-29,3.8,34748,11447,2107,890,49192,5165,3535,40492,A,是
EMP0744,胡兰英,人力资源部,销售序列,P1,硕士,武汉,2020-10-13,4.7,4586,1051,456,786,6879,722,150,6007,B,是
EMP0745,董春梅,技术研发部,销售序列,P1,本科,西安,2025-04-25,0.2,5581,1720,619,916,8836,927,306,7603,B,是
EMP0746,蒋想,销售部,运营序列,P2,本科,西安,2022-02-22,3.4,7812,2384,605,549,11350,1191,508,9651,B,是
EMP0747,陈健,市场部,技术序列,P4,硕士,西安,2020-12-31,4.5,16916,7228,2058,397,26599,2792,1727,22080,D,是
EMP0748,许明,人力资源部,销售序列,P3,硕士,成都,2017-10-13,7.7,9673,3044,1059,788,14564,1529,765,12270,B,是
EMP0749,吴云,销售部,运营序列,P3,本科,广州,2024-05-04,1.2,10785,3504,889,1159,16337,1715,906,13716,A,是
EMP0750,栗林,运营部,技术序列,P6,本科,北京,2021-04-28,4.2,39049,10562,2051,1608,53270,5593,3861,43816,B,是
EMP0751,杨健,技术研发部,技术序列,P6,本科,杭州,2021-01-17,4.5,30855,13413,3857,1575,49700,5218,3576,40906,B,是
EMP0752,李海燕,客户服务部,销售序列,P6,硕士,武汉,2018-11-27,6.6,32491,12449,2322,1236,48498,5092,3479,39927,C,是
EMP0753,朱斌,运营部,职能序列,P3,本科,杭州,2024-06-06,1.1,16186,3813,2159,428,22586,2371,1406,18809,B,是
EMP0754,邬桂花,产品部,销售序列,P4,大专,杭州,2018-10-09,6.7,19626,7914,1806,527,29873,3136,1989,24748,B,是
EMP0755,崔敏,技术研发部,销售序列,P2,硕士,武汉,2025-06-02,0.1,8713,2437,938,1323,13411,1408,672,11331,A,是
EMP0756,殷建,销售部,运营序列,P2,本科,杭州,2023-02-24,2.4,10135,4039,1391,1522,17087,1794,966,14327,B,是
EMP0757,孙丽丽,运营部,运营序列,P2,大专,西安,2019-02-09,6.4,7325,2907,998,1397,12627,1325,610,10692,D,是
EMP0758,韦秀英,人力资源部,产品序列,P3,本科,上海,2024-08-02,0.9,15226,3146,1326,333,20031,2103,1202,16726,S,是
EMP0759,阳慧,销售部,技术序列,P3,本科,广州,2024-09-20,0.8,12265,4419,869,1594,19147,2010,1131,16006,C,是
EMP0760,阎燕,销售部,产品序列,P5,硕士,成都,2021-11-05,3.7,17360,4117,2213,1355,25045,2629,1603,20813,B,否
EMP0761,蒲玉,技术研发部,职能序列,P2,本科,杭州,2021-06-07,4.1,10291,2462,960,1477,15190,1594,815,12781,A,是
EMP0762,张丽娟,产品部,运营序列,P4,硕士,杭州,2023-01-11,2.5,18808,4493,1301,795,25397,2666,1631,21100,C,是
EMP0763,任建平,产品部,销售序列,P3,本科,深圳,2018-09-06,6.8,16712,6144,2347,1771,26974,2832,1757,22385,B,是
EMP0764,张玉珍,运营部,产品序列,P2,大专,广州,2019-01-29,6.4,9414,2061,657,594,12726,1336,618,10772,B,是
EMP0765,吴宇,技术研发部,运营序列,P3,博士,北京,2020-12-06,4.6,15932,2394,837,896,20059,2106,1204,16749,A,是
EMP0766,高艳,财务部,运营序列,P2,本科,广州,2016-11-13,8.6,8336,3039,433,1179,12987,1363,638,10986,A,是
EMP0767,姜坤,运营部,运营序列,P4,本科,广州,2024-01-01,1.5,17792,3582,1996,303,23673,2485,1493,19695,C,是
EMP0768,陶丽娟,销售部,职能序列,P3,本科,武汉,2019-03-16,6.3,11321,2053,1315,1559,16248,1706,899,13643,B,是
EMP0769,张冬梅,产品部,技术序列,P2,硕士,武汉,2018-08-18,6.9,6557,1450,531,1022,9560,1003,364,8193,C,是
EMP0770,陆俊,销售部,运营序列,P2,本科,武汉,2019-01-17,6.5,7679,2027,629,792,11127,1168,490,9469,A,是
EMP0771,丁建华,技术研发部,技术序列,P3,本科,成都,2019-10-07,5.7,10958,3208,919,1468,16553,1738,924,13891,A,是
EMP0772,陈桂兰,销售部,产品序列,P6,大专,西安,2019-08-02,5.9,24947,4075,2944,1153,33119,3477,2249,27393,S,是
EMP0773,李峰,技术研发部,运营序列,P3,本科,广州,2022-01-21,3.4,11841,5223,660,683,18407,1932,1072,15403,B,是
EMP0774,杨桂芝,市场部,职能序列,P4,硕士,成都,2016-11-26,8.6,15168,5533,2167,1660,24528,2575,1562,20391,D,是
EMP0775,孙佳,销售部,销售序列,P4,本科,杭州,2017-07-20,8.0,16329,4032,1179,1668,23208,2436,1456,19316,B,是
EMP0776,佟莉,技术研发部,运营序列,P7,本科,武汉,2017-09-09,7.8,40012,9827,6000,475,56314,5912,4105,46297,A,是
EMP0777,解磊,技术研发部,职能序列,P5,本科,杭州,2018-08-05,6.9,24366,6933,1636,1372,34307,3602,2344,28361,C,否
EMP0778,朱莹,运营部,运营序列,P4,本科,武汉,2020-04-17,5.2,16236,5485,2064,1038,24823,2606,1585,20632,B,是
EMP0779,曾丽丽,运营部,运营序列,P4,硕士,上海,2023-10-13,1.7,28120,5452,2034,438,36044,3784,2483,29777,S,否
EMP0780,刘丹,运营部,技术序列,P6,本科,成都,2017-09-17,7.8,25735,5318,1494,1377,33924,3562,2313,28049,B,是
EMP0781,王浩,运营部,技术序列,P3,博士,成都,2023-12-03,1.6,11343,4626,1559,1414,18942,1988,1115,15839,A,否
EMP0782,王海燕,人力资源部,产品序列,P3,本科,西安,2018-05-26,7.1,9255,2099,1257,1339,13950,1464,716,11770,A,是
EMP0783,李帆,产品部,运营序列,P1,本科,北京,2016-09-20,8.8,9843,2599,889,1339,14670,1540,773,12357,A,是
EMP0784,黄建平,产品部,技术序列,P5,硕士,深圳,2020-08-26,4.8,26021,10704,3128,1434,41287,4335,2902,34050,B,是
EMP0785,侯峰,技术研发部,技术序列,P5,本科,广州,2020-07-27,4.9,26949,9403,2848,341,39541,4151,2763,32627,B,是
EMP0786,罗晨,销售部,技术序列,P2,本科,北京,2019-09-17,5.8,10630,2684,1438,1099,15851,1664,868,13319,A,是
EMP0787,王秀华,财务部,销售序列,P4,博士,成都,2022-01-31,3.4,14393,5111,1173,1262,21939,2303,1355,18281,A,是
EMP0788,莫杰,市场部,产品序列,P3,大专,北京,2021-03-23,4.3,14239,2219,1457,389,18304,1921,1064,15319,B,是
EMP0789,魏霞,市场部,运营序列,P2,大专,上海,2020-08-30,4.8,12733,4720,1254,1601,20308,2132,1224,16952,D,否
EMP0790,黄丹,客户服务部,技术序列,M2,本科,深圳,2016-09-12,8.8,36090,10686,3081,1092,50949,5349,3675,41925,B,是
EMP0791,张凯,技术研发部,运营序列,P2,本科,西安,2018-04-27,7.2,7900,3112,1099,1064,13175,1383,654,11138,A,是
EMP0792,张伟,财务部,技术序列,P1,本科,成都,2025-05-04,0.2,5502,2401,366,819,9088,954,327,7807,A,是
EMP0793,金鹏,人力资源部,技术序列,P4,大专,成都,2020-09-16,4.8,14557,6226,945,333,22061,2316,1364,18381,A,否
EMP0794,白秀英,财务部,运营序列,P4,大专,广州,2020-05-14,5.1,17952,7589,1933,1031,28505,2993,1880,23632,A,否
EMP0795,雷秀梅,技术研发部,技术序列,P1,硕士,西安,2024-08-19,0.9,4960,1506,574,438,7478,785,198,6495,B,是
EMP0796,乔鑫,销售部,技术序列,P4,大专,西安,2022-07-20,3.0,14394,3714,999,1006,20113,2111,1209,16793,B,是
EMP0797,李鹏,客户服务部,技术序列,P3,本科,武汉,2023-10-19,1.7,12309,3563,1096,793,17761,1864,1020,14877,B,是
EMP0798,赵帅,财务部,技术序列,P2,本科,深圳,2016-03-21,9.3,10163,3627,1470,1645,16905,1775,952,14178,B,是
EMP0799,张英,运营部,技术序列,P2,本科,上海,2024-08-01,0.9,13219,5488,986,1586,21279,2234,1302,17743,A,是
EMP0800,赵凤兰,客户服务部,产品序列,P4,大专,杭州,2022-06-16,3.0,22297,4729,2605,512,30143,3165,2011,24967,B,是
EMP0801,黎淑华,运营部,销售序列,P2,硕士,北京,2020-04-07,5.2,10711,4557,1328,1491,18087,1899,1046,15142,B,是
EMP0802,印雪,技术研发部,运营序列,P7,大专,西安,2021-05-07,4.2,30902,12192,2929,980,47003,4935,3360,38708,B,是
EMP0803,陈瑞,财务部,运营序列,P5,硕士,广州,2016-01-25,9.4,26403,11713,3795,573,42484,4460,2998,35026,A,是
EMP0804,刘晶,财务部,技术序列,M2,硕士,成都,2019-12-11,5.6,26048,10785,3221,390,40444,4246,2835,33363,B,是
EMP0805,徐岩,市场部,销售序列,P2,本科,杭州,2019-05-08,6.2,12211,2857,1169,1021,17258,1812,980,14466,A,是
EMP0806,麦华,运营部,产品序列,M1,本科,上海,2024-06-13,1.0,26952,4899,2882,1418,36151,3795,2492,29864,A,是
EMP0807,高春梅,客户服务部,技术序列,P3,本科,深圳,2020-05-16,5.1,13863,2546,1653,993,19055,2000,1124,15931,C,是
EMP0808,张雷,客户服务部,运营序列,P3,本科,西安,2025-05-16,0.1,8744,2075,955,1616,13390,1405,671,11314,C,是
EMP0809,任明,市场部,技术序列,P1,硕士,北京,2020-09-12,4.8,9894,3307,1364,658,15223,1598,817,12808,A,是
EMP0810,王小红,技术研发部,产品序列,P1,硕士,西安,2022-01-13,3.5,5085,1989,435,1702,9211,967,336,7908,A,是
EMP0811,曾涛,客户服务部,运营序列,P4,本科,广州,2024-05-19,1.1,17732,7443,1418,1251,27844,2923,1827,23094,B,否
EMP0812,王金凤,销售部,销售序列,P3,本科,西安,2024-03-28,1.3,11303,3810,806,1724,17643,1852,1011,14780,A,是
EMP0813,杨淑珍,技术研发部,运营序列,P2,硕士,西安,2022-02-14,3.4,6979,1058,375,1280,9692,1017,375,8300,B,是
EMP0814,梁磊,客户服务部,职能序列,P4,硕士,西安,2024-12-20,0.5,13962,2874,758,1593,19187,2014,1134,16039,A,是
EMP0815,李桂英,销售部,销售序列,P2,本科,成都,2022-10-06,2.7,7774,1398,1065,673,10910,1145,472,9293,A,是
EMP0816,庄艳,人力资源部,技术序列,P4,本科,成都,2018-06-22,7.0,15970,4136,1881,576,22563,2369,1405,18789,B,是
EMP0817,周璐,财务部,技术序列,P3,本科,杭州,2021-06-22,4.0,14617,4391,1696,429,21133,2218,1290,17625,B,是
EMP0818,杨玉梅,市场部,产品序列,P5,硕士,杭州,2018-06-17,7.0,26578,4332,2962,1766,35638,3741,2451,29446,A,是
EMP0819,魏亮,技术研发部,产品序列,P5,本科,北京,2019-01-22,6.4,32748,8335,4418,1237,46738,4907,3339,38492,B,是
EMP0820,刘浩,产品部,产品序列,P3,本科,深圳,2020-11-20,4.6,14655,2986,1436,375,19452,2042,1156,16254,A,是
EMP0821,王彬,销售部,销售序列,P3,本科,上海,2021-06-12,4.1,13047,4489,1787,900,20223,2123,1217,16883,A,是
EMP0822,黄淑兰,技术研发部,职能序列,P3,本科,武汉,2016-04-28,9.2,10721,3101,921,712,15455,1622,836,12997,D,是
EMP0823,欧阳雪梅,产品部,运营序列,P5,本科,深圳,2020-05-11,5.1,37646,11240,5370,389,54645,5737,3971,44937,B,是
EMP0824,邵娜,市场部,技术序列,P3,博士,深圳,2019-10-08,5.7,13713,3816,1643,708,19880,2087,1190,16603,B,是
EMP0825,薛杰,人力资源部,销售序列,P2,大专,深圳,2023-07-02,2.0,10170,4442,770,385,15767,1655,861,13251,B,是
EMP0826,黄凤英,销售部,销售序列,P1,本科,武汉,2023-08-13,1.9,5014,1075,533,946,7568,794,205,6569,C,是
EMP0827,温琴,产品部,销售序列,P3,大专,北京,2024-12-13,0.5,17662,5386,1824,935,25807,2709,1664,21434,B,是
EMP0828,陈平,产品部,技术序列,P3,本科,武汉,2020-07-14,5.0,10959,4063,699,1355,17076,1792,966,14318,S,是
EMP0829,张勇,运营部,运营序列,P5,本科,北京,2024-02-14,1.4,31881,10107,3478,1115,46581,4891,3326,38364,A,是
EMP0830,邹秀英,市场部,技术序列,P2,本科,武汉,2017-11-07,7.7,6762,2898,550,1412,11622,1220,529,9873,B,是
EMP0831,王颖,技术研发部,技术序列,P3,本科,上海,2025-06-04,0.1,16035,4223,885,1269,22412,2353,1392,18667,B,是
EMP0832,刘丽丽,市场部,技术序列,P5,本科,西安,2021-03-29,4.3,16472,4762,2386,818,24438,2565,1555,20318,D,是
EMP0833,傅荣,技术研发部,运营序列,P5,大专,深圳,2017-06-06,8.1,31208,5509,3562,374,40653,4268,2852,33533,B,是
EMP0834,林婷,技术研发部,职能序列,P3,本科,西安,2022-12-23,2.5,11200,3726,1542,1624,18092,1899,1047,15146,C,是
EMP0835,孙林,人力资源部,技术序列,P3,硕士,北京,2021-12-27,3.5,13810,3265,1624,691,19390,2035,1151,16204,A,是
EMP0836,宋秀梅,市场部,产品序列,P3,硕士,武汉,2016-04-20,9.2,8487,1681,727,885,11780,1236,542,10002,C,否
EMP0837,黄玉珍,销售部,产品序列,P7,本科,上海,2020-06-01,5.1,69659,21828,7054,1031,99572,10455,7565,81552,B,是
EMP0838,饶海燕,市场部,产品序列,P2,本科,武汉,2022-08-21,2.9,7042,2180,827,397,10446,1096,435,8915,D,是
EMP0839,杜丽华,财务部,技术序列,P7,硕士,西安,2022-04-30,3.2,42543,7349,6212,1642,57746,6063,4219,47464,A,是
EMP0840,马桂香,运营部,产品序列,P4,大专,成都,2023-06-08,2.1,14487,5207,1091,979,21764,2285,1341,18138,B,是
EMP0841,王倩,技术研发部,职能序列,P3,硕士,上海,2016-04-21,9.2,15551,5242,2138,859,23790,2497,1503,19790,B,是
EMP0842,王阳,运营部,技术序列,P1,硕士,深圳,2016-12-09,8.6,8694,1797,1238,554,12283,1289,582,10412,B,是
EMP0843,田宁,技术研发部,技术序列,P3,大专,广州,2023-03-17,2.3,11388,3311,1332,1053,17084,1793,966,14325,B,否
EMP0844,明岩,客户服务部,产品序列,P3,本科,深圳,2020-10-21,4.7,15583,5704,2230,1194,24711,2594,1576,20541,D,是
EMP0845,梁军,技术研发部,销售序列,P2,硕士,广州,2017-07-09,8.0,8883,2743,797,1119,13542,1421,683,11438,B,否
EMP0846,王斌,市场部,职能序列,P4,本科,上海,2021-03-06,4.3,18480,4964,2685,1200,27329,2869,1786,22674,B,是
EMP0847,张健,技术研发部,职能序列,M1,大专,成都,2018-01-14,7.5,18770,4630,2257,1091,26748,2808,1739,22201,S,是
EMP0848,张丽华,客户服务部,产品序列,P4,本科,西安,2016-07-24,8.9,13596,4529,736,994,19855,2084,1188,16583,C,是
EMP0849,陈丽娟,人力资源部,运营序列,P4,本科,成都,2018-12-01,6.6,14481,6251,2037,682,23451,2462,1476,19513,B,是
EMP0850,李阳,财务部,技术序列,P1,本科,北京,2020-04-01,5.3,7479,2629,736,1316,12160,1276,572,10312,B,是
EMP0851,何玉,技术研发部,运营序列,P3,本科,成都,2019-09-02,5.8,12695,2188,1219,1717,17819,1870,1025,14924,S,是
EMP0852,梁静,运营部,销售序列,P2,博士,杭州,2018-05-16,7.1,11024,3177,1175,1318,16694,1752,935,14007,B,是
EMP0853,王晶,技术研发部,运营序列,P4,本科,上海,2021-02-05,4.4,24500,10222,1590,1052,37364,3923,2589,30852,S,是
EMP0854,姜秀荣,销售部,销售序列,P7,本科,西安,2019-08-31,5.8,36067,6432,3495,1363,47357,4972,3388,38997,S,是
EMP0855,吕杨,技术研发部,职能序列,P4,本科,西安,2019-10-14,5.7,11126,4969,1481,846,18422,1934,1073,15415,B,是
EMP0856,姚伟,技术研发部,技术序列,P1,本科,北京,2024-07-14,1.0,10800,4694,556,469,16519,1734,921,13864,A,是
EMP0857,王丹丹,技术研发部,销售序列,P3,本科,西安,2020-04-01,5.3,10065,1746,777,1789,14377,1509,750,12118,A,是
EMP0858,郭坤,市场部,技术序列,P4,博士,成都,2019-02-13,6.4,13433,5776,674,1169,21052,2210,1284,17558,B,是
EMP0859,高彬,财务部,运营序列,P3,硕士,上海,2024-06-07,1.1,16653,4312,1524,461,22950,2409,1436,19105,S,是
EMP0860,林健,技术研发部,技术序列,P5,本科,深圳,2025-04-30,0.2,34976,14109,4296,1181,54562,5729,3964,44869,A,是
EMP0861,刘丽娟,运营部,技术序列,P5,本科,成都,2020-09-22,4.8,21261,5857,2761,1533,31412,3298,2112,26002,A,是
EMP0862,徐瑞,市场部,产品序列,P4,本科,武汉,2018-10-30,6.7,16609,4687,2400,669,24365,2558,1549,20258,B,是
EMP0863,刘金凤,人力资源部,技术序列,P3,本科,广州,2025-05-12,0.1,14395,4898,1595,1417,22305,2342,1384,18579,B,是
EMP0864,裴凤兰,市场部,运营序列,P2,本科,上海,2016-12-01,8.6,10092,3858,761,901,15612,1639,848,13125,B,是
EMP0865,万建平,市场部,运营序列,P2,本科,西安,2021-04-10,4.2,6810,1090,969,957,9826,1031,386,8409,A,是
EMP0866,何莉,财务部,技术序列,P3,博士,北京,2016-03-20,9.3,18117,5941,2310,510,26878,2822,1750,22306,A,是
EMP0867,王淑华,技术研发部,技术序列,P3,本科,深圳,2024-05-26,1.1,10346,2131,1111,463,14051,1475,724,11852,A,是
EMP0868,关秀华,技术研发部,运营序列,P4,本科,杭州,2022-01-18,3.5,18561,4710,2219,971,26461,2778,1716,21967,B,是
EMP0869,唐海燕,销售部,产品序列,P4,硕士,深圳,2016-08-01,8.9,17593,4475,2505,1653,26226,2753,1698,21775,C,是
EMP0870,韩玉珍,客户服务部,职能序列,P1,本科,成都,2019-12-04,5.6,5411,1573,656,905,8545,897,283,7365,A,是
EMP0871,王秀华,市场部,职能序列,P3,本科,广州,2018-07-07,7.0,12283,3073,1066,927,17349,1821,987,14541,A,是
EMP0872,杨秀珍,产品部,销售序列,P2,本科,深圳,2023-04-16,2.2,10728,1954,1301,1213,15196,1595,815,12786,A,是
EMP0873,陈秀云,运营部,职能序列,P2,本科,杭州,2016-10-08,8.7,9313,1803,503,1534,13153,1381,652,11120,B,是
EMP0874,冯林,市场部,产品序列,P5,硕士,武汉,2024-10-04,0.7,18061,2890,1600,1769,24320,2553,1545,20222,B,是
EMP0875,郑畅,技术研发部,职能序列,P1,本科,北京,2023-04-23,2.2,11156,3247,1011,1172,16586,1741,926,13919,B,是
EMP0876,李辉,技术研发部,技术序列,P3,硕士,上海,2016-06-13,9.1,19414,8470,1294,641,29819,3130,1985,24704,C,是
EMP0877,邓东,运营部,技术序列,P2,本科,广州,2024-06-16,1.0,8011,1479,419,1712,11621,1220,529,9872,B,是
EMP0878,朱玉,运营部,职能序列,P6,本科,杭州,2016-05-07,9.2,43727,18972,2769,1209,66677,7001,4934,54742,A,是
EMP0879,杨宇,技术研发部,产品序列,P4,硕士,西安,2018-10-09,6.7,13366,4945,1543,1019,20873,2191,1269,17413,A,是
EMP0880,薛玉,技术研发部,职能序列,P2,本科,成都,2018-03-27,7.3,7910,2699,1030,1215,12854,1349,628,10877,B,是
EMP0881,刘莉,技术研发部,销售序列,P3,本科,成都,2025-05-30,0.1,10579,3634,1574,386,16173,1698,893,13582,B,是
EMP0882,段冬梅,运营部,销售序列,P4,本科,成都,2016-03-24,9.3,13591,5409,1150,1788,21938,2303,1355,18280,B,是
EMP0883,任梅,技术研发部,销售序列,M1,本科,西安,2022-12-19,2.5,19185,3493,2109,1022,25809,2709,1664,21436,B,是
EMP0884,杨华,技术研发部,产品序列,P2,大专,西安,2017-09-16,7.8,7521,2267,1080,1559,12427,1304,594,10529,B,是
EMP0885,张淑珍,销售部,技术序列,P6,本科,广州,2018-09-04,6.8,32338,11613,2157,1190,47298,4966,3383,38949,C,是
EMP0886,钟辉,技术研发部,运营序列,P7,本科,深圳,2017-06-01,8.1,47772,15575,5816,862,70025,7352,5202,57471,B,否
EMP0887,李瑜,运营部,产品序列,P6,本科,广州,2021-04-23,4.2,30621,12243,3842,1609,48315,5073,3465,39777,B,是
EMP0888,梁淑珍,技术研发部,运营序列,P4,硕士,成都,2023-07-05,2.0,11852,2034,698,417,15001,1575,800,12626,A,否
EMP0889,陈丹丹,技术研发部,职能序列,P4,本科,武汉,2017-04-13,8.2,14421,5151,1963,453,21988,2308,1359,18321,B,是
EMP0890,龙红,产品部,职能序列,P3,硕士,杭州,2022-04-29,3.2,11689,3626,1534,1674,18523,1944,1081,15498,C,是
EMP0891,程丹丹,运营部,产品序列,P5,大专,上海,2018-06-11,7.1,30709,8099,1638,1605,42051,4415,2964,34672,B,是
EMP0892,施峰,销售部,技术序列,P3,本科,上海,2021-03-19,4.3,18467,4655,1091,1131,25344,2661,1627,21056,B,是
EMP0893,洪阳,销售部,产品序列,P4,硕士,广州,2023-11-05,1.7,20178,6784,1108,1044,29114,3056,1929,24129,B,否
EMP0894,谢帆,市场部,技术序列,P3,本科,成都,2018-11-15,6.6,10618,4430,886,1350,17284,1814,982,14488,S,是
EMP0895,江佳,运营部,销售序列,P4,本科,西安,2024-08-07,0.9,13893,4151,1402,1691,21137,2219,1290,17628,B,是
EMP0896,唐玉英,技术研发部,产品序列,P5,本科,北京,2020-02-19,5.4,39831,15829,4111,627,60398,6341,4431,49626,A,是
EMP0897,徐洋,产品部,技术序列,P2,大专,武汉,2017-11-18,7.6,8074,2185,619,363,11241,1180,499,9562,D,是
EMP0898,陈帆,销售部,技术序列,P5,本科,广州,2022-10-17,2.7,24477,4423,3455,592,32947,3459,2235,27253,B,是
EMP0899,刘凤兰,技术研发部,职能序列,P3,本科,成都,2022-10-23,2.7,8835,1488,767,1544,12634,1326,610,10698,A,是
EMP0900,黄玉,技术研发部,运营序列,P5,硕士,深圳,2024-05-21,1.1,32130,5314,1752,1688,40884,4292,2870,33722,A,否
EMP0901,张艳,技术研发部,产品序列,P3,本科,上海,2024-01-21,1.4,17438,4604,1395,1197,24634,2586,1570,20478,B,是
EMP0902,李秀英,技术研发部,技术序列,P3,硕士,上海,2017-04-14,8.2,14657,3681,1511,371,20220,2123,1217,16880,B,是
EMP0903,王帆,技术研发部,产品序列,P6,硕士,武汉,2024-09-20,0.8,28978,10588,2631,558,42755,4489,3020,35246,S,是
EMP0904,马丽华,财务部,技术序列,P2,本科,上海,2025-03-09,0.3,11084,4132,857,437,16510,1733,920,13857,B,是
EMP0905,邹利,市场部,职能序列,P5,本科,北京,2017-11-01,7.7,31782,,2006,783,39823,4181,2785,32857,B,是
EMP0906,白桂兰,销售部,运营序列,P3,硕士,成都,2019-06-28,6.0,7477,1617,986,1621,11701,1228,536,9937,A,是
EMP0907,郑军,销售部,产品序列,P3,硕士,成都,2017-03-18,8.3,10376,2410,1552,1050,15388,1615,831,12942,B,是
EMP0908,刘丽,产品部,技术序列,P3,本科,武汉,2022-06-28,3.0,11609,3648,963,1041,17261,1812,980,14469,C,是
EMP0909,钱婷,产品部,销售序列,P4,本科,成都,2016-04-15,9.2,13641,2637,1202,1084,18564,1949,1085,15530,B,否
EMP0910,宋桂花,市场部,产品序列,P3,本科,西安,2019-07-01,6.0,10203,1940,1140,1461,14744,1548,779,12417,C,是
EMP0911,郭春梅,财务部,职能序列,P1,本科,武汉,2022-06-16,3.0,5092,2205,620,366,8283,869,262,7152,A,是
EMP0912,张玉华,产品部,技术序列,P2,本科,成都,2023-08-06,1.9,8126,3179,724,1539,13568,1424,685,11459,A,是
EMP0913,冼平,运营部,运营序列,P1,本科,北京,2020-03-17,5.3,8522,,1197,614,12073,1267,565,10241,A,是
EMP0914,马秀梅,市场部,技术序列,M1,大专,杭州,2020-06-12,5.1,20496,5574,2172,1690,29932,3142,1994,24796,B,是
EMP0915,徐刚,财务部,运营序列,M1,大专,广州,2024-01-07,1.5,25007,6418,2376,1221,35022,3677,2401,28944,C,是
EMP0916,李璐,市场部,销售序列,P3,本科,广州,2018-03-23,7.3,14160,5484,1623,1059,22326,2344,1386,18596,B,是
EMP0917,黄彬,产品部,产品序列,P4,本科,成都,2016-11-07,8.7,13688,4148,1988,1061,20885,2192,1270,17423,C,否
EMP0918,徐晶,客户服务部,技术序列,P3,本科,深圳,2022-08-22,2.9,16256,3061,2104,1209,22630,2376,1410,18844,B,是
EMP0919,毛利,运营部,技术序列,P4,本科,上海,2023-09-29,1.8,23376,8688,1262,457,33783,3547,2302,27934,B,是
EMP0920,姚飞,技术研发部,产品序列,P5,本科,北京,2025-04-25,0.2,35004,9418,2913,1475,48810,5125,3504,40181,B,否
EMP0921,李桂花,销售部,技术序列,P7,本科,深圳,2023-01-13,2.5,45124,10327,4379,581,60411,6343,4432,49636,A,是
EMP0922,王波,人力资源部,技术序列,P3,本科,西安,2018-09-21,6.8,11364,2984,925,1384,16657,1748,932,13977,S,是
EMP0923,潘军,销售部,职能序列,P5,博士,深圳,2017-02-21,8.4,28582,8555,3430,1051,41618,4369,2929,34320,B,是
EMP0924,刘萍,销售部,产品序列,P2,本科,成都,2023-10-26,1.7,7455,1885,988,1115,11443,1201,515,9727,B,否
EMP0925,刘建国,市场部,技术序列,M2,本科,北京,2024-08-30,0.8,55953,12453,6889,943,76238,8004,5699,62535,B,是
EMP0926,田桂英,技术研发部,销售序列,P1,本科,广州,2019-05-20,6.1,7108,1915,1058,1630,11711,1229,536,9946,B,是
EMP0927,陆斌,产品部,技术序列,P4,博士,上海,2023-09-03,1.8,20941,3261,1617,870,26689,2802,1735,22152,A,是
EMP0928,周坤,人力资源部,销售序列,P4,本科,广州,2022-09-25,2.8,12971,4951,1783,811,20516,2154,1241,17121,B,是
EMP0929,张利,运营部,技术序列,P4,本科,深圳,2025-01-12,0.5,24782,4988,3138,532,33440,3511,2275,27654,B,是
EMP0930,唐柳,产品部,销售序列,P2,本科,西安,2017-05-10,8.1,6213,1013,535,353,8114,851,249,7014,B,是
EMP0931,彭成,技术研发部,运营序列,P7,本科,上海,2024-12-05,0.6,51508,17827,6356,681,76372,8019,5709,62644,C,是
EMP0932,包桂荣,销售部,销售序列,P2,大专,杭州,2022-05-07,3.2,9578,3660,578,1322,15138,1589,811,12738,B,是
EMP0933,吴岩,客户服务部,销售序列,P4,本科,深圳,2024-10-10,0.7,24850,9794,3203,1360,39207,4116,2736,32355,B,是
EMP0934,向丹丹,人力资源部,技术序列,P2,大专,广州,2016-06-17,9.0,10173,3032,1050,1092,15347,1611,827,12909,C,是
EMP0935,石倩,技术研发部,销售序列,P3,本科,广州,2019-11-23,5.6,12498,2644,990,1450,17582,1846,1006,14730,C,是
EMP0936,秦秀荣,产品部,产品序列,P3,本科,成都,2021-12-22,3.5,11054,4102,1277,541,16974,1782,957,14235,C,是
EMP0937,翁莉,技术研发部,产品序列,P3,本科,广州,2020-10-20,4.7,11822,4254,1349,836,18261,1917,1060,15284,A,是
EMP0938,蒋桂芳,销售部,产品序列,P2,硕士,北京,2023-06-02,2.1,12074,2703,856,833,16466,1728,917,13821,S,是
EMP0939,杨雪梅,技术研发部,运营序列,P2,大专,深圳,2020-02-26,5.3,11308,4760,599,1741,18408,1932,1072,15404,A,是
EMP0940,沈燕,财务部,技术序列,P3,硕士,武汉,2016-10-09,8.7,11609,2104,1083,1213,16009,1680,880,13449,A,是
EMP0941,罗英,产品部,运营序列,P5,本科,武汉,2021-09-03,3.8,23214,10325,2482,739,36760,3859,2540,30361,C,是
EMP0942,庞建华,财务部,运营序列,P6,本科,西安,2023-04-06,2.2,28918,11800,3980,1553,46251,4856,3300,38095,B,是
EMP0943,黄淑英,运营部,职能序列,P1,大专,上海,2019-10-29,5.7,8168,2910,1166,884,13128,1378,650,11100,A,是
EMP0944,余坤,销售部,销售序列,P3,硕士,广州,2016-02-21,9.4,13874,5988,1427,1721,23010,2416,1440,19154,A,是
EMP0945,陈琴,技术研发部,产品序列,P2,大专,成都,2020-09-16,4.8,7704,2825,965,1305,12799,1343,623,10833,A,否
EMP0946,庄桂英,技术研发部,技术序列,P1,本科,成都,2025-03-22,0.3,4994,1034,469,709,7206,756,176,6274,B,是
EMP0947,杨淑华,技术研发部,技术序列,P4,本科,广州,2021-06-30,4.0,16786,4744,2091,551,24172,2538,1533,20101,B,是
EMP0948,张玉梅,销售部,技术序列,P4,本科,北京,2017-03-08,8.3,22728,3896,1601,577,28802,3024,1904,23874,C,是
EMP0949,司莉,销售部,技术序列,P2,本科,成都,2020-11-10,4.6,8640,2305,752,451,12148,1275,571,10302,C,是
EMP0950,姜丽丽,财务部,产品序列,P2,大专,武汉,2020-01-23,5.4,7432,2768,842,1225,12267,1288,581,10398,A,是
EMP0951,王超,财务部,技术序列,P1,本科,上海,2023-02-16,2.4,7300,1941,378,653,10272,1078,421,8773,A,是
EMP0952,余婷婷,运营部,销售序列,P5,本科,深圳,2025-04-17,0.2,30888,7693,3775,1760,44116,4632,3129,36355,A,是
EMP0953,李桂兰,技术研发部,运营序列,M1,本科,杭州,2021-02-26,4.3,23414,7693,3127,1211,35445,3721,2435,29289,B,是
EMP0954,李琴,销售部,产品序列,P2,本科,北京,2023-12-07,1.6,12139,4997,1091,479,18706,1964,1096,15646,C,是
EMP0955,黄平,市场部,运营序列,P2,本科,西安,2017-09-18,7.8,8227,1351,779,1696,12053,1265,564,10224,B,是
EMP0956,阮宇,市场部,技术序列,P6,本科,西安,2020-11-18,4.6,30637,8138,4139,954,43868,4606,3109,36153,B,是
EMP0957,刘晶,人力资源部,产品序列,P6,本科,成都,2017-12-22,7.5,26653,5263,3400,1667,36983,3883,2558,30542,B,是
EMP0958,徐佳,技术研发部,运营序列,P3,本科,深圳,2024-03-24,1.3,14205,5094,1119,1011,21429,2250,1314,17865,S,是
EMP0959,高丽华,技术研发部,运营序列,P1,博士,杭州,2021-11-07,3.6,6432,1168,529,1753,9882,1037,390,8455,A,是
EMP0960,祁婷婷,运营部,产品序列,P1,硕士,西安,2023-04-18,2.2,5917,2067,697,432,9113,956,329,7828,B,是
EMP0961,吴东,技术研发部,销售序列,P4,硕士,广州,2019-01-11,6.5,20706,4883,2201,1426,29216,3067,1937,24212,B,是
EMP0962,孙艳,财务部,销售序列,P3,本科,广州,2022-11-27,2.6,12258,2570,811,1410,17049,1790,963,14296,A,是
EMP0963,罗璐,产品部,运营序列,P1,大专,上海,2025-01-23,0.4,8292,3573,671,894,13430,1410,674,11346,B,是
EMP0964,吴娜,市场部,运营序列,P4,本科,杭州,2022-01-13,3.5,22226,3457,3111,914,29708,3119,1976,24613,B,是
EMP0965,康秀芳,产品部,运营序列,P1,本科,广州,2024-09-07,0.8,7276,2046,864,622,10808,1134,464,9210,B,是
EMP0966,姜楠,产品部,技术序列,P5,本科,西安,2021-06-03,4.1,21341,3339,3171,1757,29608,3108,1968,24532,B,是
EMP0967,闻琴,运营部,产品序列,P3,硕士,广州,2021-03-19,4.3,10919,3221,1383,1753,17276,1813,982,14481,B,是
EMP0968,李丽丽,产品部,技术序列,P1,硕士,武汉,2020-11-19,4.6,6056,1818,873,1734,10481,1100,438,8943,B,是
EMP0969,熊玉华,财务部,运营序列,P4,硕士,成都,2025-04-05,0.2,13114,3232,939,1606,18891,1983,1111,15797,B,是
EMP0970,王桂花,市场部,运营序列,P3,本科,西安,2024-03-13,1.3,8760,1661,1113,656,12190,1279,575,10336,D,是
EMP0971,董畅,运营部,技术序列,M1,本科,西安,2022-08-23,2.9,16445,4323,855,1040,22663,2379,1413,18871,B,是
EMP0972,黄刚,客户服务部,销售序列,P3,本科,西安,2019-01-04,6.5,9427,3315,1103,1341,15186,1594,814,12778,B,是
EMP0973,刘雷,运营部,销售序列,P2,大专,上海,2019-08-13,5.9,11281,4340,1093,759,17473,1834,997,14642,A,是
EMP0974,黄英,技术研发部,职能序列,P4,本科,深圳,2018-10-02,6.8,17567,5432,1487,548,25034,2628,1602,20804,A,是
EMP0975,徐欣,技术研发部,运营序列,P2,大专,西安,2025-04-25,0.2,8262,2701,1125,711,12799,1343,623,10833,B,是
EMP0976,周兵,产品部,销售序列,P6,本科,广州,2016-12-20,8.5,38941,8184,5273,584,52982,5563,3838,43581,C,是
EMP0977,张波,财务部,技术序列,P3,本科,武汉,2019-02-16,6.4,7969,1882,416,784,11051,1160,484,9407,B,是
EMP0978,佘凤兰,技术研发部,职能序列,P3,本科,西安,2021-01-20,4.4,11330,2249,1257,1311,16147,1695,891,13561,A,是
EMP0979,颜淑英,人力资源部,技术序列,P1,硕士,北京,2018-09-25,6.8,7898,1775,685,353,10711,1124,456,9131,A,是
EMP0980,熊玉英,财务部,职能序列,P3,本科,北京,2024-05-31,1.1,17921,3897,1640,1039,24497,2572,1559,20366,B,是
EMP0981,陈霞,产品部,技术序列,P5,硕士,深圳,2021-03-18,4.3,30428,9305,4053,1434,45220,4748,3217,37255,A,是
EMP0982,朱斌,运营部,销售序列,P5,本科,杭州,2022-05-23,3.1,27394,8733,2218,1472,39817,4180,2785,32852,A,是
EMP0983,孙欢,技术研发部,销售序列,P2,本科,上海,2022-11-04,2.7,11332,4912,1635,1055,18934,1988,1114,15832,B,是
EMP0984,周想,技术研发部,技术序列,P2,本科,武汉,2023-06-29,2.0,8705,1816,591,1257,12369,1298,589,10482,S,是
EMP0985,王鑫,运营部,运营序列,P5,本科,成都,2020-04-01,5.3,18148,6215,2110,1429,27902,2929,1832,23141,B,是
EMP0986,汪桂花,人力资源部,销售序列,P7,博士,武汉,2019-10-09,5.7,41200,16281,4829,565,62875,6601,4630,51644,B,是
EMP0987,祁杨,运营部,运营序列,P1,本科,北京,2016-04-27,9.2,9906,3150,745,1553,15354,1612,828,12914,A,是
EMP0988,林海燕,市场部,销售序列,P3,本科,北京,2021-07-17,4.0,17646,3996,1455,476,23573,2475,1485,19613,B,是
EMP0989,牛明,产品部,运营序列,P3,本科,深圳,2019-08-24,5.9,19619,4488,2618,434,27159,2851,1772,22536,B,是
EMP0990,周杰,销售部,产品序列,P6,硕士,杭州,2018-01-14,7.5,34417,5567,4342,933,45259,4752,3220,37287,B,是
EMP0991,蒙春梅,销售部,技术序列,P1,本科,杭州,2021-06-20,4.0,8194,1979,679,1115,11967,1256,557,10154,B,是
EMP0992,范飞,运营部,技术序列,P2,本科,深圳,2018-05-18,7.1,11067,4132,1144,1768,18111,1901,1048,15162,B,是
EMP0993,袁辉,产品部,职能序列,P5,本科,西安,2019-12-24,5.5,23281,3824,1307,1772,30184,3169,2014,25001,C,是
EMP0994,唐萍,财务部,产品序列,P1,本科,武汉,2024-12-11,0.6,5594,1207,396,1280,8477,890,278,7309,B,是
EMP0995,龚颖,市场部,运营序列,P3,本科,北京,2018-11-24,6.6,15493,5606,1527,1376,24002,2520,1520,19962,B,是
EMP0996,辛霞,技术研发部,运营序列,P3,本科,武汉,2019-10-26,5.7,12029,4628,704,1141,18502,1942,1080,15480,A,是
EMP0997,徐淑华,销售部,运营序列,P3,本科,武汉,2019-02-19,6.4,9786,2804,1314,1138,15042,1579,803,12660,A,是
EMP0998,彭伟,技术研发部,销售序列,P3,硕士,上海,2022-09-07,2.8,13171,4733,1604,1477,20985,2203,1278,17504,A,是
EMP0999,刘鹏,客户服务部,销售序列,P3,本科,北京,2023-11-12,1.6,15242,4060,2200,451,21953,2305,1356,18292,B,是
EMP1000,阳雪梅,市场部,产品序列,P2,本科,杭州,2019-02-05,6.4,10715,2121,1278,556,14670,1540,773,12357,S,是
EMP1001,邓浩,技术研发部,销售序列,P4,本科,成都,2022-03-26,3.3,17225,4641,2481,949,25296,2656,1623,21017,B,否
EMP1002,孟峰,人力资源部,职能序列,P5,大专,武汉,2016-02-11,9.4,21077,,2222,1615,31742,3332,2139,26271,B,是
EMP1003,王丽娟,销售部,运营序列,P5,本科,北京,2021-10-17,3.7,37640,16351,4141,451,58583,6151,4286,48146,A,是
EMP1004,杨兰英,运营部,销售序列,P2,本科,武汉,2018-02-21,7.4,6361,1085,939,1221,9606,1008,368,8230,B,是
EMP1005,赵志强,销售部,技术序列,P2,本科,上海,2016-12-16,8.5,10973,3316,1253,1254,16796,1763,943,14090,B,是
EMP1006,任小红,运营部,技术序列,P2,本科,西安,2018-09-15,6.8,7153,1778,379,1692,11002,1155,480,9367,A,是
EMP1007,彭云,运营部,销售序列,P3,本科,广州,2024-01-28,1.4,12564,3800,1537,1359,19260,2022,1140,16098,B,是
EMP1008,田秀芳,销售部,产品序列,P3,本科,北京,2020-07-22,4.9,16413,2580,2306,1005,22304,2341,1384,18579,B,是
EMP1009,王桂花,产品部,销售序列,P4,本科,深圳,2021-06-24,4.0,23000,5609,2979,562,32150,3375,2172,26603,B,是
EMP1010,王秀云,人力资源部,销售序列,P1,本科,广州,2022-03-24,3.3,6493,2570,703,1429,11195,1175,495,9525,A,是
EMP1011,刘秀珍,技术研发部,技术序列,P1,大专,武汉,2024-07-02,1.0,5693,1800,666,1610,9769,1025,381,8363,B,是
EMP1012,李梅,客户服务部,销售序列,P3,硕士,深圳,2018-09-11,6.8,15256,4350,2273,1503,23382,2455,1470,19457,C,是
EMP1013,张宇,客户服务部,产品序列,P4,硕士,深圳,2023-09-29,1.8,18880,4449,1115,672,25116,2637,1609,20870,B,是
EMP1014,陈丽,技术研发部,运营序列,P2,本科,深圳,2021-05-04,4.2,11057,2647,1290,564,15558,1633,844,13081,A,否
EMP1015,高海燕,运营部,运营序列,P4,大专,北京,2023-03-30,2.3,22112,5858,1732,1186,30888,3243,2071,25574,B,是
EMP1016,娄欣,客户服务部,销售序列,P2,硕士,杭州,2023-12-25,1.5,9777,3917,1114,1329,16137,1694,890,13553,B,是
EMP1017,李帅,技术研发部,技术序列,P6,硕士,武汉,2021-07-03,4.0,28106,12371,3113,413,44003,4620,3120,36263,B,是
EMP1018,傅建华,财务部,运营序列,P6,硕士,广州,2021-01-09,4.5,34611,9746,2261,554,47172,4953,3373,38846,B,是
EMP1019,姚丽丽,销售部,职能序列,P2,大专,上海,2024-11-21,0.6,10988,2944,776,1361,16069,1687,885,13497,B,是
EMP1020,孙荣,技术研发部,职能序列,P2,本科,杭州,2016-03-11,9.3,11498,4644,1289,613,18044,1894,1043,15107,B,是
EMP1021,李阳,运营部,职能序列,P3,硕士,武汉,2017-01-16,8.5,8940,2485,561,922,12908,1355,632,10921,B,是
EMP1022,胡东,产品部,技术序列,P2,本科,西安,2019-04-20,6.2,6768,2136,517,637,10058,1056,404,8598,B,是
EMP1023,查丽,客户服务部,技术序列,P4,本科,西安,2018-06-26,7.0,18723,4105,2499,631,25958,2725,1676,21557,A,是
EMP1024,彭利,客户服务部,产品序列,P5,本科,北京,2020-07-14,5.0,28451,10613,2353,960,42377,4449,2990,34938,C,是
EMP1025,栗文,客户服务部,销售序列,P4,本科,深圳,2023-10-04,1.7,17789,5507,1757,1752,26805,2814,1744,22247,C,是
EMP1026,武建平,市场部,技术序列,P5,大专,上海,2018-09-23,6.8,34515,13554,4974,761,53804,5649,3904,44251,A,是
EMP1027,马桂芝,销售部,技术序列,P3,本科,武汉,2019-06-08,6.1,7807,2999,567,1008,12381,1300,590,10491,B,是
EMP1028,周瑜,销售部,销售序列,P2,大专,广州,2023-06-12,2.1,9047,1940,804,1362,13153,1381,652,11120,A,是
EMP1029,郑鹏,产品部,技术序列,P4,本科,武汉,2022-07-10,3.0,18107,6603,2003,881,27594,2897,1807,22890,B,是
EMP1030,邹建军,销售部,销售序列,P3,本科,杭州,2020-02-20,5.4,11119,4336,1395,461,17311,1817,984,14510,B,是
EMP1031,何平,技术研发部,职能序列,P4,本科,西安,2021-04-22,4.2,10700,2716,1499,813,15728,1651,858,13219,A,是
EMP1032,张秀兰,财务部,销售序列,P2,大专,成都,2022-03-17,3.3,6388,1288,904,702,9282,974,342,7966,C,是
EMP1033,梁玲,技术研发部,技术序列,P1,本科,杭州,2021-12-14,3.5,8142,1227,1039,1600,12008,1260,560,10188,A,是
EMP1034,孙淑兰,技术研发部,技术序列,M2,硕士,武汉,2019-11-09,5.6,30871,8806,2248,1428,43353,4552,3068,35733,B,是
EMP1035,丛荣,技术研发部,职能序列,P2,本科,上海,2020-10-08,4.7,10877,2781,570,862,15090,1584,807,12699,B,是
EMP1036,周梅,运营部,销售序列,M2,大专,武汉,2024-05-13,1.1,￥29430,9313,2600,556,41899,4399,2951,34549,B,是
EMP1037,刘萍,产品部,职能序列,M1,本科,武汉,2022-03-04,3.3,20536,4238,1317,1580,27671,2905,1813,22953,A,是
EMP1038,魏畅,运营部,技术序列,P5,硕士,北京,2019-09-16,5.8,39470,16099,4777,920,61266,6432,4501,50333,A,否
EMP1039,徐坤,技术研发部,职能序列,P4,本科,广州,2019-12-12,5.6,17118,3891,1987,1558,24554,2578,1564,20412,B,是
EMP1040,崔建,产品部,职能序列,P4,本科,上海,2023-11-18,1.6,15895,3463,864,1392,21614,2269,1329,18016,B,是
EMP1041,曾玉英,人力资源部,职能序列,P6,大专,武汉,2021-02-01,4.4,25241,7426,3373,491,36531,3835,2522,30174,A,是
EMP1042,彭玉兰,销售部,职能序列,P2,本科,深圳,2019-01-14,6.5,10635,3186,796,1329,15946,1674,875,13397,A,是
EMP1043,王桂花,产品部,销售序列,P3,硕士,广州,2019-06-09,6.1,12344,2648,1150,1612,17754,1864,1020,14870,A,是
EMP1044,周丽丽,运营部,运营序列,P4,硕士,杭州,2018-10-26,6.7,18473,4277,2157,645,25552,2682,1644,21226,B,是
EMP1045,王琴,销售部,技术序列,P3,本科,上海,2018-08-02,6.9,17989,3614,1671,1512,24786,2602,1582,20602,B,是
EMP1046,刘桂荣,财务部,运营序列,P3,大专,杭州,2017-05-09,8.2,15737,,1481,1489,24459,2568,1556,20335,S,是
EMP1047,宋丽华,技术研发部,技术序列,P3,大专,西安,2024-02-02,1.4,9931,3783,561,615,14890,1563,791,12536,B,是
EMP1048,王桂香,技术研发部,产品序列,P4,大专,武汉,2018-02-27,7.3,16298,4705,1469,650,23122,2427,1449,19246,A,否
EMP1049,徐浩,销售部,产品序列,P6,本科,杭州,2019-07-16,6.0,38327,13959,4847,1649,58782,6172,4302,48308,C,是
EMP1050,邓阳,技术研发部,技术序列,P2,大专,杭州,2017-05-04,8.2,10052,3727,1422,1578,16779,1761,942,14076,C,是
EMP1051,寇淑珍,销售部,产品序列,P7,本科,北京,2024-04-30,1.2,66527,12738,6077,1775,87117,9147,6569,71401,B,是
EMP1052,赵丽娟,人力资源部,技术序列,P4,本科,杭州,2022-01-03,3.5,19063,8384,1760,1539,30746,3228,2059,25459,C,是
EMP1053,宋岩,客户服务部,销售序列,P5,硕士,深圳,2024-07-18,1.0,38256,15161,4600,991,59008,6195,4320,48493,B,是
EMP1054,赵宁,销售部,销售序列,P4,本科,深圳,2023-09-27,1.8,17573,3713,2535,1454,25275,2653,1622,21000,C,是
EMP1055,郭荣,客户服务部,技术序列,P5,硕士,广州,2018-01-28,7.4,23904,4920,1833,384,31041,3259,2083,25699,B,是
EMP1056,张英,产品部,销售序列,P1,本科,武汉,2018-02-23,7.4,5514,1034,518,358,7424,779,193,6452,A,是
EMP1057,黄博,运营部,运营序列,P5,大专,成都,2018-06-05,7.1,22444,4298,2908,466,30116,3162,2009,24945,A,是
EMP1058,黄丽,市场部,技术序列,P1,本科,西安,2024-04-13,1.2,6290,2355,697,393,9735,1022,378,8335,B,是
EMP1059,柴秀芳,市场部,技术序列,P6,本科,杭州,2021-06-06,4.1,36642,10659,2237,1613,51151,5370,3692,42089,B,是
EMP1060,叶玉华,运营部,运营序列,M2,本科,杭州,2019-02-06,6.4,29607,11395,3338,1481,45821,4811,3265,37745,A,是
EMP1061,杨强,销售部,职能序列,P2,本科,上海,2024-02-15,1.4,12761,4771,876,842,19250,2021,1140,16089,A,是
EMP1062,王浩,客户服务部,职能序列,P2,博士,北京,2022-08-11,2.9,12950,4291,1308,1633,20182,2119,1214,16849,B,否
EMP1063,王璐,运营部,技术序列,P5,本科,成都,2024-07-10,1.0,16351,5819,1682,731,24583,2581,1566,20436,A,否
EMP1064,陈俊,市场部,技术序列,P2,本科,广州,2021-11-18,3.6,9305,1446,1280,1471,13502,1417,680,11405,B,是
EMP1065,王超,市场部,产品序列,P6,硕士,西安,2022-09-10,2.8,22090,5379,2126,1153,30748,3228,2059,25461,C,是
EMP1066,宋刚,运营部,技术序列,P2,大专,成都,2019年03月5日,6.3,7168,2446,558,1565,11737,1232,538,9967,B,是
EMP1067,胡桂荣,技术研发部,技术序列,P2,本科,杭州,2017-02-15,8.4,8894,1359,650,1608,12511,1313,600,10598,B,是
EMP1068,顾丽,技术研发部,技术序列,M1,本科,上海,2025-05-03,0.2,29446,4708,4046,362,38562,4049,2684,31829,B,是
EMP1069,孙秀英,产品部,销售序列,P4,硕士,武汉,2018-03-06,7.3,14601,5921,979,1319,22820,2396,1425,18999,B,是
EMP1070,李桂珍,产品部,销售序列,P5,博士,北京,2019-04-28,6.2,27486,9763,2544,1584,41377,4344,2910,34123,A,是
EMP1071,王华,产品部,产品序列,P3,博士,武汉,2018-07-20,7.0,11498,2640,790,1417,16345,1716,907,13722,C,是
EMP1072,陈建,技术研发部,销售序列,P4,大专,广州,2020-01-18,5.5,14604,5204,1859,893,22560,2368,1404,18788,A,是
EMP1073,董桂芝,技术研发部,产品序列,P4,硕士,成都,2018-01-04,7.5,15344,5949,1495,1614,24402,2562,1552,20288,A,是
EMP1074,师洁,技术研发部,运营序列,P4,本科,广州,2019-05-23,6.1,15916,3852,1354,918,22040,2314,1363,18363,B,是
EMP1075,郭建华,客户服务部,技术序列,P4,本科,杭州,2016-02-27,9.3,18070,2905,1556,1289,23820,2501,1505,19814,A,是
EMP1076,吕莉,市场部,职能序列,P4,大专,广州,2023-12-10,1.6,18707,8040,2529,801,30077,3158,2006,24913,B,否
EMP1077,潘亮,市场部,销售序列,P3,本科,武汉,2021-12-27,3.5,11050,2801,1164,1702,16717,1755,937,14025,S,是
EMP1078,朱红梅,运营部,运营序列,P2,博士,上海,2017-06-02,8.1,13449,2446,1637,1131,18663,1959,1093,15611,A,是
EMP1079,韩林,技术研发部,产品序列,P5,硕士,广州,2019-01-28,6.4,25228,7506,3524,909,37167,3902,2573,30692,A,是
EMP1080,汪飞,客户服务部,职能序列,P2,本科,深圳,2016-07-05,9.0,11622,4422,1629,1228,18901,1984,1112,15805,S,是
EMP1081,李楠,销售部,技术序列,P4,大专,上海,2016-08-11,8.9,20806,4504,1723,449,27482,2885,1798,22799,B,是
EMP1082,陈旭,技术研发部,销售序列,P2,本科,成都,2022-03-16,3.3,7960,1837,1156,1710,12663,1329,613,10721,C,是
EMP1083,薛婷婷,市场部,运营序列,P4,硕士,北京,2019-04-11,6.2,23686,5277,1243,422,30628,3215,2050,25363,B,是
EMP1084,牟秀云,销售部,产品序列,P4,本科,北京,2023-10-27,1.7,22234,9949,1949,623,34755,3649,2380,28726,C,否
EMP1085,陈淑兰,客户服务部,运营序列,P2,本科,杭州,2017-06-01,8.1,7815,1635,1090,1200,11740,1232,539,9969,A,是
EMP1086,张桂芝,市场部,运营序列,P1,大专,杭州,2023-02-25,2.3,7642,2465,591,1151,11849,1244,547,10058,B,是
EMP1087,郭瑜,财务部,技术序列,P2,本科,深圳,2024-06-10,1.1,11700,5002,904,1291,18897,1984,1111,15802,A,是
EMP1088,龙洋,技术研发部,职能序列,P4,本科,成都,2021-07-03,4.0,13555,2630,1087,1251,18523,1944,1081,15498,B,是
EMP1089,王伟,客户服务部,技术序列,P5,硕士,武汉,2017-02-24,8.4,17594,7763,1957,717,28031,2943,1842,23246,B,是
EMP1090,齐彬,技术研发部,职能序列,P1,本科,北京,2016-02-20,9.4,10299,4472,966,996,16733,1756,938,14039,B,是
EMP1091,王飞,客户服务部,销售序列,P4,本科,北京,2022-06-09,3.1,23826,9896,2922,1542,38186,4009,2654,31523,B,是
EMP1092,杨丹丹,运营部,销售序列,P3,本科,北京,2019-03-10,6.3,15803,3387,2204,594,21988,2308,1359,18321,B,是
EMP1093,赵东,财务部,运营序列,P3,大专,武汉,2021-04-06,4.2,8980,3055,1054,940,14029,1473,722,11834,B,否
EMP1094,张丽,人力资源部,运营序列,P6,博士,北京,2021-05-14,4.1,39435,14916,2778,1771,58900,6184,4312,48404,C,是
EMP1095,杨波,技术研发部,技术序列,P3,本科,广州,2020-12-09,4.6,14731,6567,2110,953,24361,2557,1548,20256,A,是
EMP1096,刘成,技术研发部,职能序列,P3,本科,成都,2019-10-27,5.7,10836,2211,828,1007,14882,1562,790,12530,B,是
EMP1097,冯杨,技术研发部,技术序列,P1,本科,上海,2018-01-25,7.4,7975,3028,518,1116,12637,1326,610,10701,B,是
EMP1098,黄浩,技术研发部,运营序列,P1,本科,上海,2016-07-29,8.9,9062,2280,534,567,12443,1306,595,10542,B,是
EMP1099,韩荣,运营部,技术序列,P2,本科,深圳,2018-10-31,6.7,10114,2049,1075,1058,14296,1501,743,12052,A,是
EMP1100,张淑兰,产品部,技术序列,P1,本科,广州,2021年05月10日,4.1,8095,2237,496,1354,12182,1279,574,10329,B,是
EMP1101,吴雷,技术研发部,运营序列,P4,本科,北京,2017-04-12,8.2,26152,10150,1670,1450,39422,4139,2753,32530,B,是
EMP1102,杨华,客户服务部,技术序列,P3,本科,北京,2025-03-21,0.3,15340,4440,1227,517,21524,2260,1321,17943,B,是
EMP1103,何龙,销售部,职能序列,P3,大专,杭州,2016-09-24,8.8,12620,3928,986,953,18487,1941,1078,15468,A,是
EMP1104,黄丽,客户服务部,技术序列,P2,本科,杭州,2020-06-29,5.0,6841,3068,755,795,11459,1203,516,9740,C,是
EMP1105,崔娟,客户服务部,技术序列,P2,大专,深圳,2021-07-07,4.0,9216,2485,1213,1255,14169,1487,733,11949,B,是
EMP1106,董楠,技术研发部,运营序列,P4,本科,北京,2016-10-30,8.7,18883,6318,2381,550,28132,2953,1850,23329,B,是
EMP1107,郑超,市场部,技术序列,M1,硕士,深圳,2022-06-21,3.0,26381,6847,2011,847,36086,3789,2486,29811,B,是
EMP1108,韦平,运营部,技术序列,P1,硕士,广州,2023-01-22,2.4,6591,1765,491,1220,10067,1057,405,8605,C,是
EMP1109,杨淑英,运营部,职能序列,P6,本科,上海,2023-09-12,1.8,35806,12843,5248,807,54704,5743,3976,44985,A,是
EMP1110,汪勇,技术研发部,技术序列,P4,本科,北京,2016-08-07,8.9,21740,9377,1104,588,32809,3444,2224,27141,A,是
EMP1111,陈秀芳,销售部,销售序列,P4,大专,成都,2017-09-13,7.8,15655,4895,2159,498,23207,2436,1456,19315,B,是
EMP1112,龚倩,技术研发部,技术序列,P3,本科,武汉,2017-09-03,7.8,11058,4207,773,403,16441,1726,915,13800,B,是
EMP1113,冯楠,技术研发部,技术序列,P1,硕士,广州,2025-02-04,0.4,5296,936,766,894,7892,828,231,6833,S,是
EMP1114,王秀荣,人力资源部,职能序列,P1,本科,北京,2022-04-24,3.2,8615,1837,725,1086,12263,1287,581,10395,D,是
EMP1115,谢波,财务部,技术序列,P4,本科,武汉,2019-05-29,6.1,12009,3610,1129,1560,18308,1922,1064,15322,B,是
EMP1116,谢桂荣,财务部,技术序列,P3,硕士,成都,2016-12-14,8.6,11813,1842,1425,1156,16236,1704,898,13634,B,是
EMP1117,汪勇,技术研发部,产品序列,P6,硕士,杭州,2018-10-13,6.7,40208,9081,4373,808,54470,5719,3957,44794,A,是
EMP1118,王阳,销售部,技术序列,P3,本科,深圳,2017-04-30,8.2,13686,4177,1119,627,19609,2058,1168,16383,A,是
EMP1119,邵莉,产品部,销售序列,P2,本科,杭州,2022-04-04,3.2,9058,1399,954,970,12381,1300,590,10491,B,是
EMP1120,刘帅,技术研发部,技术序列,P4,本科,上海,2024-07-28,0.9,20744,4757,2552,1483,29536,3101,1962,24473,C,是
EMP1121,王玉兰,销售部,职能序列,P2,大专,杭州,2020-08-31,4.8,7278,2214,394,1776,11662,1224,532,9906,B,是
EMP1122,陈想,客户服务部,销售序列,P3,硕士,北京,2022-10-19,2.7,￥16905,5442,864,940,24151,2535,1532,20084,C,是
EMP1123,袁倩,销售部,产品序列,P4,硕士,成都,2022-09-07,2.8,14276,6106,1367,688,22437,2355,1394,18688,C,是
EMP1124,顾建国,销售部,销售序列,P6,硕士,杭州,2024-11-12,0.6,41028,14097,2592,626,58343,6126,4267,47950,B,是
EMP1125,芮萍,运营部,产品序列,P5,大专,北京,2022-12-08,2.6,28216,7743,3285,1320,40564,4259,2845,33460,B,是
EMP1126,黄刚,财务部,销售序列,P4,硕士,上海,2018-07-13,7.0,20328,8722,1451,1354,31855,3344,2148,26363,B,是
EMP1127,魏冬梅,技术研发部,技术序列,P4,本科,武汉,2024-09-12,0.8,11796,4546,1100,1256,18698,1963,1095,15640,B,是
EMP1128,董桂芳,市场部,职能序列,P7,本科,成都,2021-11-10,3.6,34616,7269,2415,1321,45621,4790,3249,37582,S,是
EMP1129,张柳,市场部,运营序列,P2,本科,杭州,2020-04-07,5.2,8560,1620,897,931,12008,1260,560,10188,B,是
EMP1130,李楠,产品部,产品序列,P1,大专,深圳,2021-01-19,4.4,9247,3261,569,1318,14395,1511,751,12133,S,是
EMP1131,朱娜,运营部,运营序列,P2,本科,深圳,2020-12-18,4.5,10270,3265,537,347,14419,1513,753,12153,B,是
EMP1132,田萍,人力资源部,职能序列,P2,本科,成都,2019-05-02,6.2,7906,3058,435,484,11883,1247,550,10086,C,是
EMP1133,王雪,技术研发部,技术序列,P4,本科,深圳,2022-08-07,2.9,20269,7532,2947,1105,31853,3344,2148,26361,A,是
EMP1134,刘淑珍,技术研发部,技术序列,P4,本科,杭州,2020-10-22,4.7,16020,5407,1028,1335,23790,2497,1503,19790,B,是
EMP1135,吴斌,运营部,职能序列,P4,本科,杭州,2019-06-04,6.1,18518,8257,2237,1236,30248,3176,2019,25053,B,是
EMP1136,向莹,技术研发部,职能序列,P1,大专,成都,2022-05-18,3.1,6152,1907,349,793,9201,966,336,7899,B,是
EMP1137,张玉珍,销售部,销售序列,P4,本科,杭州,2022-12-18,2.5,16160,2972,982,740,20854,2189,1268,17397,A,是
EMP1138,吴龙,人力资源部,职能序列,P3,硕士,武汉,2016-09-03,8.8,11409,4546,1151,1494,18600,1953,1088,15559,B,是
EMP1139,庄秀华,人力资源部,销售序列,P4,大专,北京,2022-11-02,2.7,20205,4557,1949,1022,27733,2911,1818,23004,A,是
EMP1140,李旭,财务部,职能序列,P4,大专,上海,2024-04-19,1.2,20687,7927,3002,399,32015,3361,2161,26493,S,是
EMP1141,朱莹,销售部,技术序列,P3,本科,武汉,2017-02-10,8.4,11062,4835,1598,403,17898,1879,1031,14988,S,是
EMP1142,胡玉英,产品部,技术序列,P2,硕士,武汉,2024-07-21,0.9,6994,2511,894,876,11275,1183,502,9590,A,是
EMP1143,刘雪,运营部,职能序列,P1,本科,深圳,2018-05-01,7.2,8297,2728,914,1313,13252,1391,660,11201,B,是
EMP1144,张杨,财务部,职能序列,P5,本科,北京,2023-01-06,2.5,31272,9009,2986,1523,44790,4702,3183,36905,D,是
EMP1145,吴洋,产品部,技术序列,P6,本科,成都,2018-05-14,7.1,29145,7557,2495,1639,40836,4287,2866,33683,B,是
EMP1146,郑颖,销售部,产品序列,P4,本科,西安,2018-12-19,6.5,10028,2566,1451,1677,15722,1650,857,13215,B,是
EMP1147,戴欣,销售部,销售序列,P2,大专,深圳,2023-05-29,2.1,8748,2982,964,1263,13957,1465,716,11776,A,是
EMP1148,罗淑英,运营部,运营序列,P3,本科,北京,2016-11-28,8.6,17451,6550,1883,885,26769,2810,1741,22218,B,是
EMP1149,鞠波,销售部,产品序列,P4,本科,杭州,2017-10-05,7.7,21252,7513,1555,1399,31719,3330,2137,26252,A,是
EMP1150,高建华,销售部,产品序列,P5,本科,成都,2018-09-09,6.8,18990,3978,1038,316,24322,2553,1545,20224,B,是
EMP1151,张凤英,运营部,技术序列,P2,本科,西安,2017-12-12,7.6,7193,2144,1039,520,10896,1144,471,9281,C,否
EMP1152,江静,销售部,产品序列,P1,本科,成都,2022-03-10,3.3,5943,2302,483,1182,9910,1040,392,8478,A,是
EMP1153,林秀兰,运营部,产品序列,P4,本科,西安,2016-11-03,8.7,15207,4451,1433,574,21665,2274,1333,18058,B,是
EMP1154,邵瑞,运营部,技术序列,P3,本科,西安,2017-10-03,7.7,7672,2385,471,841,11369,1193,509,9667,S,是
EMP1155,陈娜,财务部,职能序列,P2,大专,深圳,2016-01-11,9.5,10018,3820,1339,1789,16966,1781,957,14228,B,是
EMP1156,卢杰,运营部,产品序列,P1,大专,杭州,2020-07-31,4.9,7056,2458,372,1049,10935,1148,474,9313,A,是
EMP1157,赵金凤,技术研发部,销售序列,P3,本科,深圳,2021-01-19,4.4,16634,4537,2218,1125,24514,2573,1561,20380,B,是
EMP1158,劳红,销售部,销售序列,P6,硕士,西安,2023-09-24,1.8,35484,14854,2271,1049,53658,5634,3892,44132,A,是
EMP1159,李华,销售部,技术序列,M1,硕士,西安,2022-08-29,2.8,16690,3317,2314,392,22713,2384,1417,18912,B,是
EMP1160,李红梅,技术研发部,职能序列,P4,本科,广州,2021-04-08,4.2,14661,6577,1802,1120,24160,2536,1532,20092,B,是
EMP1161,段莹,销售部,运营序列,P3,本科,北京,2019-04-07,6.2,17034,3162,1132,404,21732,2281,1338,18113,A,是
EMP1162,莫娟,技术研发部,销售序列,P1,大专,广州,2016-05-13,9.1,7947,1227,847,1467,11488,1206,519,9763,B,否
EMP1163,杨淑英,产品部,技术序列,P3,硕士,北京,2018-08-06,6.9,16460,6863,1337,1450,26110,2741,1688,21681,C,是
EMP1164,张春梅,运营部,职能序列,P3,本科,上海,2019-03-26,6.3,14134,3158,958,698,18948,1989,1115,15844,B,否
EMP1165,姚凤兰,技术研发部,运营序列,P4,本科,武汉,2023-12-05,1.6,16055,5922,2182,1042,25201,2646,1616,20939,A,是
EMP1166,王欢,销售部,技术序列,P3,硕士,成都,2019-03-04,6.3,11508,4526,1039,1433,18506,1943,1080,15483,A,是
EMP1167,韩婷婷,销售部,技术序列,P2,本科,深圳,2023-11-19,1.6,9829,4007,883,891,15610,1639,848,13123,C,是
EMP1168,张荣,人力资源部,职能序列,P1,硕士,上海,2021-02-02,4.4,8930,3995,598,450,13973,1467,717,11789,B,是
EMP1169,马红霞,技术研发部,职能序列,P3,大专,上海,2016-10-18,8.7,17757,4229,1568,1091,24645,2587,1571,20487,B,是
EMP1170,傅旭,产品部,技术序列,P1,本科,成都,2023-09-16,1.8,6554,2379,898,1332,11163,1172,493,9498,A,否
EMP1171,王娟,财务部,职能序列,P2,硕士,成都,2018-08-14,6.9,7727,1426,666,1222,11041,1159,483,9399,B,否
EMP1172,刘婷,客户服务部,产品序列,M2,本科,北京,2018-12-19,6.5,40673,11064,5904,1426,59067,6202,4325,48540,A,是
EMP1173,彭云,运营部,职能序列,P3,本科,广州,2024-10-31,0.7,￥14616,5910,2113,872,23511,2468,1480,19563,C,是
EMP1174,孙健,产品部,技术序列,P3,本科,杭州,2024-11-14,0.6,11667,3036,752,1576,17031,1788,962,14281,C,是
EMP1175,郑斌,运营部,销售序列,P6,硕士,北京,2023-01-04,2.5,46052,15074,3119,1693,65938,6923,4875,54140,A,是
EMP1176,李华,人力资源部,技术序列,M3,大专,杭州,2022-08-12,2.9,45623,13738,6216,1551,67128,7048,4970,55110,B,是
EMP1177,黄建华,运营部,产品序列,P4,本科,上海,2023-06-01,2.1,24767,8514,2211,543,36035,3783,2482,29770,A,是
EMP1178,胡磊,技术研发部,技术序列,P5,本科,杭州,2025-01-05,0.5,26454,11689,1334,563,40040,4204,2803,33033,B,是
EMP1179,陈艳,运营部,技术序列,P3,本科,广州,2018-03-21,7.3,14679,2447,1135,498,18759,1969,1100,15690,C,是
EMP1180,周婷婷,人力资源部,运营序列,P3,本科,北京,2020-10-07,4.7,17208,5544,1888,1106,25746,2703,1659,21384,B,是
EMP1181,许志强,客户服务部,技术序列,P3,本科,西安,2017-04-15,8.2,8651,3537,1123,1064,14375,1509,750,12116,B,是
EMP1182,周鑫,产品部,销售序列,P4,本科,成都,2022-02-08,3.4,17283,5088,1094,994,24459,2568,1556,20335,A,是
EMP1183,刘丽丽,运营部,技术序列,P4,硕士,西安,2018-07-09,7.0,16653,2890,1016,1442,22001,2310,1360,18331,B,否
EMP1184,黄秀芳,客户服务部,产品序列,P3,本科,广州,2023-04-06,2.2,14088,4482,2003,1048,21621,2270,1329,18022,B,是
EMP1185,郑琳,技术研发部,产品序列,P2,本科,武汉,2017-09-02,7.8,6905,1723,863,595,10086,1059,406,8621,B,是
EMP1186,刘岩,客户服务部,技术序列,P4,本科,广州,2018-12-24,6.5,16992,3338,1851,707,22888,2403,1431,19054,A,是
EMP1187,焦伟,运营部,技术序列,P2,本科,武汉,2025-04-08,0.2,7732,3129,981,1533,13375,1404,670,11301,B,否
EMP1188,郭楠,技术研发部,产品序列,P4,硕士,北京,2017-08-05,7.9,20599,6313,1913,1342,30167,3167,2013,24987,C,是
EMP1189,张淑英,产品部,运营序列,P4,本科,成都,2016-10-19,8.7,17757,7635,2234,1122,28748,3018,1899,23831,B,是
EMP1190,陈兵,运营部,产品序列,P4,本科,广州,2016-09-01,8.8,17945,7030,1564,1324,27863,2925,1829,23109,B,是
EMP1191,王晨,技术研发部,运营序列,P5,本科,西安,2017-11-10,7.6,13701,4903,1019,382,20005,2100,1200,16705,B,是
EMP1192,张丽丽,财务部,运营序列,P6,本科,武汉,2024-11-20,0.6,29140,4414,3581,392,37527,3940,2602,30985,B,是
EMP1193,杨红霞,产品部,技术序列,P3,本科,成都,2019-06-13,6.1,10214,2843,939,379,14375,1509,750,12116,B,否
EMP1194,李博,运营部,运营序列,P4,本科,深圳,2022-09-03,2.8,21049,4404,3118,580,29151,3060,1932,24159,A,是
EMP1195,王俊,技术研发部,销售序列,P4,本科,深圳,2024-05-25,1.1,20300,,1724,1761,32376,3399,2190,26787,B,否
EMP1196,徐丽华,销售部,运营序列,P2,本科,深圳,2025-03-30,0.3,12295,2488,1748,982,17513,1838,1001,14674,B,是
EMP1197,陈丽娟,客户服务部,职能序列,P1,本科,杭州,2022-05-20,3.1,8337,1966,1194,1270,12767,1340,621,10806,B,是
EMP1198,韩帅,客户服务部,技术序列,P2,本科,广州,2019-03-28,6.3,9626,2936,714,1363,14639,1537,771,12331,C,是
EMP1199,韩帅,运营部,职能序列,P3,博士,北京,2020-12-03,4.6,15588,3569,2023,1235,22415,2353,1393,18669,B,是
EMP1200,潘雷,技术研发部,职能序列,P4,本科,西安,2017-05-24,8.1,13970,2975,1303,605,18853,1979,1108,15766,A,是
EMP1201,邹东,运营部,运营序列,P5,本科,北京,2021-04-03,4.2,32576,10741,4617,1541,49475,5194,3558,40723,C,是
EMP1202,张杨,技术研发部,销售序列,P2,本科,杭州,2023-09-21,1.8,9014,1592,856,1355,12817,1345,625,10847,B,是
EMP1203,程秀英,技术研发部,技术序列,P2,本科,北京,2019-05-30,6.1,12699,2126,1580,586,16991,1784,959,14248,B,是
EMP1204,孟建军,产品部,技术序列,M1,本科,武汉,2023-11-06,1.7,18571,4859,1795,971,26196,2750,1695,21751,B,是
EMP1205,马秀云,人力资源部,职能序列,P2,硕士,深圳,2020-07-06,5.0,13282,4863,966,1555,20666,2169,1253,17244,B,是
EMP1206,潘霞,运营部,销售序列,P3,本科,西安,2019-01-20,6.4,11667,3691,815,952,17125,1798,970,14357,A,是
EMP1207,刘燕,运营部,技术序列,P4,硕士,广州,2021-08-11,3.9,16188,4481,1498,632,22799,2393,1423,18983,B,否
EMP1208,徐小红,市场部,技术序列,P3,大专,北京,2022-01-20,3.4,17849,5706,2240,1104,26899,2824,1751,22324,B,是
EMP1209,马亮,产品部,技术序列,P1,本科,北京,2021-07-15,4.0,7751,2012,856,1562,12181,1279,574,10328,B,是
EMP1210,李梅,客户服务部,技术序列,P1,硕士,上海,2020-11-28,4.6,9253,3986,1099,912,15250,1601,820,12829,B,是
EMP1211,李雪,市场部,职能序列,P2,本科,上海,2016-11-25,8.6,10871,1809,850,1515,15045,1579,803,12663,A,是
EMP1212,李杨,市场部,运营序列,P4,硕士,上海,2022-09-15,2.8,19263,6780,1890,988,28921,3036,1913,23972,A,是
EMP1213,傅伟,技术研发部,产品序列,P3,本科,广州,2016-06-12,9.1,13168,5496,716,1338,20718,2175,1257,17286,B,是
EMP1214,余雪,销售部,产品序列,P2,硕士,深圳,2020-11-04,4.7,7612,2977,1002,1343,12934,1358,634,10942,A,是
EMP1215,刘秀英,运营部,技术序列,P4,本科,成都,2024-03-27,1.3,11658,2392,1736,1390,17176,1803,974,14399,C,是
EMP1216,杨浩,技术研发部,技术序列,P5,本科,深圳,2019-08-13,5.9,30026,7169,2722,1303,41220,4328,2897,33995,B,是
EMP1217,翟秀兰,技术研发部,职能序列,P1,本科,西安,2022-10-08,2.7,5514,2013,281,1751,9559,1003,364,8192,B,是
EMP1218,吕坤,运营部,销售序列,P3,本科,深圳,2018-10-22,6.7,14660,2569,981,1452,19662,2064,1172,16426,B,是
EMP1219,江瑜,运营部,销售序列,P4,大专,广州,2016-04-15,9.2,14296,5626,1647,913,22482,2360,1398,18724,A,是
EMP1220,莫颖,产品部,技术序列,P2,本科,武汉,2017-01-09,8.5,6854,2506,762,1272,11394,1196,511,9687,D,是
EMP1221,冉倩,客户服务部,销售序列,P3,大专,武汉,2018-07-26,6.9,10888,4016,1402,334,16640,1747,931,13962,B,是
EMP1222,李云,技术研发部,职能序列,P4,本科,广州,2023-07-24,1.9,18871,3398,1422,1054,24745,2598,1579,20568,A,是
EMP1223,李志强,市场部,职能序列,P6,硕士,上海,2025-05-17,0.1,42616,15568,5385,978,64547,6777,4763,53007,B,是
EMP1224,宋东,客户服务部,产品序列,P5,本科,北京,2022-06-14,3.0,37011,13099,4396,1679,56185,5899,4094,46192,C,是
EMP1225,严欢,市场部,产品序列,P4,大专,杭州,2022-08-01,2.9,19801,7906,1629,524,29860,3135,1988,24737,C,是
EMP1226,蒋兰英,运营部,技术序列,P4,本科,杭州,2016-03-25,9.3,17204,2795,1798,1153,22950,2409,1436,19105,S,是
EMP1227,张欣,市场部,技术序列,P3,本科,成都,2024-07-29,0.9,10301,1616,666,1495,14078,1478,726,11874,C,是
EMP1228,宋淑珍,产品部,技术序列,P4,大专,北京,2023-07-16,2.0,18712,4900,1782,930,26324,2764,1705,21855,A,是
EMP1229,田兰英,客户服务部,技术序列,P3,本科,成都,2025-03-18,0.3,10521,2047,1453,1785,15806,1659,864,13283,S,是
EMP1230,郝成,市场部,运营序列,P2,硕士,上海,2019-01-08,6.5,13136,4170,1210,1709,20225,2123,1218,16884,C,是
EMP1231,齐岩,销售部,职能序列,P4,硕士,成都,2022-06-18,3.0,15973,6791,2139,1588,26491,2781,1719,21991,C,是
EMP1232,毛辉,技术研发部,运营序列,P4,本科,北京,2016-06-13,9.1,26285,7029,2865,354,36533,3835,2522,30176,B,是
EMP1233,金杰,技术研发部,技术序列,P3,本科,西安,2024-07-22,0.9,9771,3942,676,1522,15911,1670,872,13369,B,是
EMP1234,李欣,技术研发部,销售序列,P6,本科,北京,2024-06-24,1.0,50817,7626,5493,1271,65207,6846,4816,53545,B,是
EMP1235,林红梅,运营部,销售序列,P1,本科,杭州,2017-12-18,7.5,7179,1439,722,843,10183,1069,414,8700,B,是
EMP1236,陈峰,市场部,职能序列,P3,本科,武汉,2021-04-11,4.2,12236,1947,1099,1642,16924,1777,953,14194,C,是
EMP1237,吴琴,销售部,销售序列,P1,本科,上海,2021-10-26,3.7,8517,2115,527,1484,12643,1327,611,10705,B,是
EMP1238,黄磊,市场部,运营序列,P5,本科,西安,2023-04-22,2.2,22001,9294,2016,1482,34793,3653,2383,28757,D,是
EMP1239,莫刚,客户服务部,销售序列,P4,大专,广州,2020-12-16,4.5,20762,3718,1189,766,26435,2775,1714,21946,D,是
EMP1240,马英,技术研发部,技术序列,P3,本科,西安,2019-02-13,6.4,9904,3287,593,1777,15561,1633,844,13084,A,是
EMP1241,叶敏,销售部,产品序列,P4,硕士,西安,2018-01-13,7.5,14407,4112,1319,405,20243,2125,1219,16899,C,是
EMP1242,高帆,运营部,技术序列,P3,本科,成都,2022-07-25,2.9,12308,5311,991,1495,20105,2111,1208,16786,B,是
EMP1243,周志强,运营部,技术序列,P5,硕士,杭州,2020-11-20,4.6,26864,5017,3829,1283,36993,3884,2559,30550,B,是
EMP1244,萧鹏,销售部,技术序列,P3,博士,成都,2023-02-13,2.4,8970,1916,785,649,12320,1293,585,10442,B,是
EMP1245,刘丹丹,运营部,运营序列,P3,本科,成都,2025-02-17,0.4,13401,2128,1685,1373,18587,1951,1086,15550,S,否
EMP1246,罗建华,运营部,职能序列,P7,本科,广州,2021-07-07,4.0,44388,12436,4573,1588,62985,6613,4638,51734,B,是
EMP1247,张秀芳,技术研发部,运营序列,P2,本科,上海,2017-01-08,8.5,11810,2755,1422,1776,17763,1865,1021,14877,C,否
EMP1248,赵淑英,技术研发部,技术序列,P2,博士,北京,2021-04-09,4.2,13522,5557,1027,1569,21675,2275,1334,18066,A,是
EMP1249,芦桂英,客户服务部,销售序列,P4,博士,深圳,2019-11-26,5.6,19689,6526,2838,1078,30131,3163,2010,24958,B,是
EMP1250,卢桂兰,财务部,运营序列,M1,本科,成都,2020-07-30,4.9,15858,5300,1633,602,23393,2456,1471,19466,C,是
EMP1251,刘浩,销售部,产品序列,P3,本科,深圳,2019-09-27,5.8,15807,4893,2104,1694,24498,2572,1559,20367,B,是
EMP1252,张丽丽,人力资源部,职能序列,P1,硕士,上海,2019-08-08,5.9,6702,1189,579,796,9266,972,341,7953,B,是
EMP1253,刘明,技术研发部,技术序列,P3,大专,深圳,2023-07-07,2.0,14810,4198,888,364,20260,2127,1220,16913,B,是
EMP1254,冯佳,技术研发部,产品序列,P3,硕士,成都,2017-03-04,8.3,10973,4936,1287,1472,18668,1960,1093,15615,B,是
EMP1255,郑红梅,运营部,销售序列,P2,硕士,广州,2017-10-20,7.7,9008,3608,457,1734,14807,1554,784,12469,B,是
EMP1256,邓阳,市场部,技术序列,P4,本科,深圳,2019-09-12,5.8,17306,7234,1687,525,26752,2808,1740,22204,B,是
EMP1257,汤旭,技术研发部,运营序列,M3,本科,上海,2020-08-13,4.9,75576,30001,5235,690,111502,11707,8520,91275,B,否
EMP1258,岑成,人力资源部,销售序列,P3,本科,上海,2023-10-12,1.7,16057,2904,1810,338,21109,2216,1288,17605,B,是
EMP1259,贺勇,技术研发部,职能序列,P3,本科,武汉,2021-07-22,3.9,12186,2659,1802,1203,17850,1874,1028,14948,B,是
EMP1260,廖莹,财务部,技术序列,P3,本科,武汉,2019-03-26,6.3,10075,1520,971,942,13508,1418,680,11410,B,是
EMP1261,覃飞,产品部,技术序列,P2,硕士,广州,2023-06-06,2.1,8326,2007,1096,1157,12586,1321,606,10659,B,是
EMP1262,饶伟,销售部,技术序列,P6,硕士,深圳,2020-06-28,5.0,42634,7784,4296,610,55324,5809,4025,45490,B,是
EMP1263,孙淑珍,产品部,运营序列,P3,硕士,深圳,2025-02-14,0.4,14942,4360,1487,1145,21934,2303,1354,18277,B,是
EMP1264,林波,市场部,产品序列,P3,本科,武汉,2024-07-12,1.0,8930,3153,1277,1714,15074,1582,805,12687,S,是
EMP1265,刘飞,技术研发部,技术序列,P4,硕士,北京,2022-03-03,3.3,26468,10914,3678,717,41777,4386,2942,34449,A,是
EMP1266,耿瑜,技术研发部,销售序列,P3,本科,杭州,2016-05-30,9.1,12630,4733,1623,1140,20126,2113,1210,16803,A,是
EMP1267,贾杰,市场部,运营序列,P4,本科,上海,2021-02-05,4.4,17110,7384,1362,1327,27183,2854,1774,22555,A,是
EMP1268,史红,市场部,技术序列,P1,大专,北京,2016-12-26,8.5,10144,1685,1060,1552,14441,1516,755,12170,B,是
EMP1269,左金凤,财务部,运营序列,P5,本科,上海,2019-07-12,6.0,29800,4578,2157,1265,37800,3969,2624,31207,S,是
EMP1270,郭秀珍,产品部,职能序列,P7,硕士,西安,2018-10-30,6.7,34709,12092,3276,1789,51866,5445,3749,42672,B,是
EMP1271,梁俊,运营部,技术序列,P4,本科,西安,2019-08-17,5.9,11065,2620,1089,427,15201,1596,816,12789,A,是
EMP1272,丁玉,销售部,技术序列,M1,本科,北京,2017-04-19,8.2,33245,7515,4427,1745,46932,4927,3354,38651,A,是
EMP1273,许红梅,运营部,销售序列,P2,本科,西安,2024-08-30,0.8,6263,1561,874,582,9280,974,342,7964,B,是
EMP1274,谢桂英,技术研发部,产品序列,P3,本科,武汉,2020-07-13,5.0,10472,2418,957,1362,15209,1596,816,12797,A,是
EMP1275,胡秀梅,人力资源部,运营序列,P4,大专,武汉,2021-10-08,3.7,15977,4847,827,724,22375,2349,1390,18636,C,是
EMP1276,鞠洁,技术研发部,产品序列,P4,本科,杭州,2025-04-01,0.2,19856,5600,2703,1448,29607,3108,1968,24531,A,否
EMP1277,方秀兰,产品部,技术序列,P3,本科,北京,2016-01-05,9.5,16133,4900,1087,965,23085,2423,1446,19216,B,是
EMP1278,尹畅,客户服务部,技术序列,P3,本科,上海,2023-05-17,2.1,12621,4440,1415,1656,20132,2113,1210,16809,C,是
EMP1279,熊雪梅,技术研发部,产品序列,P2,硕士,深圳,2022-01-31,3.4,10120,2693,531,1279,14623,1535,769,12319,B,是
EMP1280,温云,人力资源部,技术序列,P3,本科,上海,2021-03-07,4.3,16217,3655,1458,1376,22706,2384,1416,18906,A,否
EMP1281,陆静,财务部,技术序列,P2,本科,成都,2020-08-19,4.9,7054,1409,1048,1071,10582,1111,446,9025,B,是
EMP1282,徐俊,运营部,销售序列,P4,本科,武汉,2016-08-10,8.9,14751,3759,886,942,20338,2135,1227,16976,B,是
EMP1283,林琴,财务部,销售序列,P2,本科,广州,2018-02-07,7.4,10071,3751,930,654,15406,1617,832,12957,D,是
EMP1284,张岩,技术研发部,职能序列,P1,大专,广州,2021-10-24,3.7,7652,2884,617,1241,12394,1301,591,10502,C,是
EMP1285,孙玉华,产品部,销售序列,P4,大专,武汉,2020-01-21,5.4,12281,4299,1725,1391,19696,2068,1175,16453,B,是
EMP1286,杨勇,人力资源部,技术序列,P4,硕士,成都,2022-12-25,2.5,18650,4106,2553,1001,26310,2762,1704,21844,D,是
EMP1287,陶雷,技术研发部,销售序列,P6,本科,广州,2024-06-25,1.0,37458,12227,2763,1418,53866,5655,3909,44302,S,否
EMP1288,李飞,产品部,技术序列,P4,硕士,西安,2021-08-03,3.9,14037,4508,815,1025,20385,2140,1230,17015,S,是
EMP1289,袁小红,技术研发部,销售序列,P3,博士,武汉,2023-01-05,2.5,11759,3472,1325,1684,18240,1915,1059,15266,C,是
EMP1290,马建平,技术研发部,销售序列,P5,本科,广州,2020-12-15,4.5,32712,10304,2735,1776,47527,4990,3402,39135,A,是
EMP1291,郭宇,市场部,职能序列,P3,本科,武汉,2024-07-09,1.0,8604,2560,1008,1694,13866,1455,709,11702,A,否
EMP1292,陆英,技术研发部,销售序列,P1,本科,杭州,2016-07-30,8.9,7151,2285,380,1617,11433,1200,514,9719,A,是
EMP1293,邓兰英,财务部,运营序列,P4,硕士,深圳,2018-04-13,7.2,15177,5534,961,1719,23391,2456,1471,19464,B,是
EMP1294,李秀华,运营部,技术序列,P6,硕士,深圳,2018-12-29,6.5,42254,7727,5012,841,55834,5862,4066,45906,B,是
EMP1295,徐兰英,销售部,产品序列,P3,本科,上海,2022-02-27,3.3,16555,6206,1179,1549,25489,2676,1639,21174,B,是
EMP1296,柏洋,技术研发部,运营序列,P2,硕士,成都,2017-06-20,8.0,7753,1479,1052,1291,11575,1215,526,9834,A,是
EMP1297,陈华,技术研发部,技术序列,P2,大专,武汉,2019-03-25,6.3,7003,1190,391,693,9277,974,342,7961,B,是
EMP1298,黄伟,技术研发部,运营序列,P2,博士,北京,2020-11-29,4.6,8954,3965,640,804,14363,1508,749,12106,C,否
EMP1299,陆玉英,运营部,销售序列,P3,硕士,上海,2023-10-31,1.7,16570,7242,2483,871,27166,2852,1773,22541,B,是
EMP1300,陈帆,运营部,技术序列,P4,本科,上海,2021-06-08,4.1,25795,4336,2406,1442,33979,3567,2318,28094,B,是
EMP1301,胡婷婷,技术研发部,职能序列,P1,本科,武汉,2017-05-12,8.1,5202,1472,625,911,8210,862,256,7092,D,是
EMP1302,杨颖,客户服务部,销售序列,P7,大专,武汉,2016-04-28,9.2,40427,8322,2759,760,52268,5488,3781,42999,B,是
EMP1303,邵婷婷,技术研发部,销售序列,P5,本科,上海,2023-01-24,2.4,25751,7612,2858,909,37130,3898,2570,30662,A,是
EMP1304,郑倩,人力资源部,销售序列,P4,硕士,上海,2022-10-29,2.7,23164,9243,2840,891,36138,3794,2491,29853,S,否
EMP1305,王莹,运营部,运营序列,P5,本科,深圳,2024-12-17,0.5,29231,12720,2380,1743,46074,4837,3285,37952,A,是
EMP1306,卞勇,销售部,销售序列,P1,大专,北京,2018-09-07,6.8,7949,2704,1056,724,12433,1305,594,10534,B,是
EMP1307,李晨,运营部,职能序列,P3,本科,西安,2023-12-17,1.5,9214,2360,1016,1713,14303,1501,744,12058,A,是
EMP1308,刘雷,销售部,技术序列,P4,博士,上海,2017-10-10,7.7,20922,6925,1860,1743,31450,3302,2116,26032,B,是
EMP1309,李利,产品部,运营序列,P5,本科,西安,2019-06-26,6.0,21210,5166,2243,1301,29920,3141,1993,24786,A,是
EMP1310,周莉,销售部,职能序列,P5,本科,深圳,2022-03-06,3.3,25849,10932,2783,949,40513,4253,2841,33419,C,是
EMP1311,许丽,技术研发部,技术序列,P2,本科,上海,2016-02-26,9.4,11037,4537,734,1282,17590,1846,1007,14737,B,是
EMP1312,李秀云,销售部,职能序列,P7,博士,广州,2022-03-12,3.3,46805,14859,4225,1014,66903,7024,4952,54927,C,是
EMP1313,赵桂芝,人力资源部,职能序列,P2,硕士,上海,2020-07-29,4.9,10061,2489,848,1447,14845,1558,787,12500,C,是
EMP1314,苏婷,销售部,技术序列,P6,本科,武汉,2017-01-16,8.5,34036,8101,3066,1777,46980,4932,3358,38690,S,是
EMP1315,贾梅,市场部,运营序列,M1,大专,成都,2018-07-09,7.0,16192,2591,2041,860,21684,2276,1334,18074,B,是
EMP1316,姜梅,运营部,职能序列,P2,大专,成都,2025-06-08,0.1,7164,2827,703,889,11583,1216,526,9841,S,是
EMP1317,王畅,人力资源部,运营序列,P4,大专,上海,2017-04-09,8.2,19381,5525,2791,549,28246,2965,1859,23422,C,是
EMP1318,刘彬,运营部,技术序列,P1,本科,杭州,2021-03-05,4.3,8936,2212,709,1474,13331,1399,666,11266,B,是
EMP1319,吴丽,技术研发部,技术序列,P3,硕士,广州,2017-04-26,8.2,13585,3957,1243,1685,20470,2149,1237,17084,A,是
EMP1320,公秀珍,技术研发部,产品序列,P3,本科,北京,2023-04-07,2.2,14423,5706,1856,1412,23397,2456,1471,19470,A,是
EMP1321,赵建平,产品部,销售序列,P4,硕士,上海,2025-05-01,0.2,24875,4661,2601,1077,33214,3487,2257,27470,B,是
EMP1322,张琴,技术研发部,技术序列,P7,本科,西安,2017-09-22,7.8,38341,15616,4014,1108,59079,6203,4326,48550,C,是
EMP1323,徐秀芳,销售部,运营序列,P4,本科,北京,2021-08-03,3.9,23194,9724,1283,1006,35207,3696,2416,29095,B,是
EMP1324,杨杨,技术研发部,技术序列,P3,本科,广州,2024-01-14,1.5,12213,5300,1097,599,19209,2016,1136,16057,C,是
EMP1325,杨志强,客户服务部,产品序列,P5,本科,上海,2019-04-10,6.2,28867,7772,2224,894,39757,4174,2780,32803,B,是
EMP1326,黄凤兰,产品部,销售序列,M1,本科,杭州,2021-09-15,3.8,24036,5171,3603,386,33196,3485,2255,27456,S,是
EMP1327,陆桂香,技术研发部,职能序列,P1,本科,深圳,2023-11-29,1.6,7719,2023,623,889,11254,1181,500,9573,D,是
EMP1328,张波,销售部,技术序列,M2,大专,杭州,2019-01-24,6.4,43482,10865,6020,1762,62129,6523,4570,51036,S,是
EMP1329,朱旭,运营部,产品序列,P1,本科,武汉,2020-08-28,4.8,4747,962,558,461,6728,706,138,5884,C,是
EMP1330,陆丽丽,人力资源部,技术序列,P5,本科,杭州,2025-05-12,0.1,32332,10740,2718,1009,46799,4913,3343,38543,B,是
EMP1331,许欢,财务部,运营序列,P2,博士,西安,2021-05-30,4.1,7311,2142,762,1205,11420,1199,513,9708,S,是
EMP1332,陈文,运营部,职能序列,P2,本科,深圳,2021-04-18,4.2,11612,4757,1556,1643,19568,2054,1165,16349,B,是
EMP1333,邹强,技术研发部,技术序列,P3,硕士,武汉,2018-09-25,6.8,11439,1826,1582,825,15672,1645,853,13174,D,是
EMP1334,王辉,客户服务部,技术序列,P4,本科,深圳,2021-02-13,4.4,19633,6737,1296,1281,28947,3039,1915,23993,D,是
EMP1335,蒙华,客户服务部,产品序列,P3,硕士,成都,2022-03-07,3.3,11765,4457,987,738,17947,1884,1035,15028,A,否
EMP1336,赵伟,运营部,销售序列,P1,本科,深圳,2017-08-15,7.9,5576,2106,465,713,8860,930,308,7622,A,是
EMP1337,卢军,技术研发部,销售序列,P4,硕士,上海,2020-04-20,5.2,20062,8342,1087,1403,30894,3243,2071,25580,B,否
EMP1338,赵春梅,运营部,技术序列,P6,本科,北京,2018-02-19,7.4,38898,14342,4271,855,58366,6128,4269,47969,B,是
EMP1339,马凤英,技术研发部,职能序列,P3,本科,成都,2022-09-21,2.8,9056,3879,1226,1451,15612,1639,848,13125,B,是
EMP1340,谭强,技术研发部,产品序列,P2,本科,成都,2021-09-12,3.8,7589,1895,669,1725,11878,1247,550,10081,A,是
EMP1341,傅娜,产品部,产品序列,P3,本科,北京,2024-05-14,1.1,17002,5116,2108,856,25082,2633,1606,20843,C,是
EMP1342,李娟,市场部,职能序列,P1,本科,西安,2017-07-13,8.0,5920,913,667,581,8081,848,246,6987,B,是
EMP1343,叶辉,销售部,销售序列,P5,大专,成都,2016-10-12,8.7,21936,3336,1920,523,27715,2910,1817,22988,C,是
EMP1344,麻娟,运营部,销售序列,P5,大专,深圳,2019-02-05,6.4,28229,6267,1809,1560,37865,3975,2629,31261,B,是
EMP1345,贾春梅,运营部,运营序列,P4,硕士,杭州,2024-08-30,0.8,19736,3557,2386,1501,27180,2853,1774,22553,B,否
EMP1346,李帆,市场部,产品序列,P3,本科,广州,2024-11-09,0.6,12930,2948,1751,790,18419,1933,1073,15413,D,是
EMP1347,周斌,产品部,职能序列,P5,本科,西安,2020-08-26,4.8,22557,4581,2674,796,30608,3213,2048,25347,B,是
EMP1348,范建,市场部,技术序列,P4,本科,深圳,2019-10-24,5.7,23220,3681,1202,403,28506,2993,1880,23633,C,否
EMP1349,吴红霞,客户服务部,运营序列,P5,本科,武汉,2024-10-31,0.7,20876,8826,1495,1671,32868,3451,2229,27188,C,是
EMP1350,梁辉,技术研发部,产品序列,P4,本科,武汉,2021-09-10,3.8,12849,1959,731,1387,16926,1777,954,14195,B,是
EMP1351,刘杰,销售部,职能序列,P5,本科,杭州,2018-12-30,6.5,25160,9329,2693,762,37944,3984,2635,31325,B,是
EMP1352,张璐,财务部,技术序列,P4,硕士,西安,2025-03-14,0.3,13113,2565,1647,1606,18931,1987,1114,15830,S,是
EMP1353,傅颖,市场部,技术序列,P3,硕士,西安,2016-01-11,9.5,9756,4133,595,776,15260,1602,820,12838,S,是
EMP1354,马飞,运营部,销售序列,M1,硕士,杭州,2019-03-04,6.3,23843,9962,3190,407,37402,3927,2592,30883,A,是
EMP1355,潘亮,人力资源部,技术序列,P3,本科,西安,2024-02-21,1.4,11010,3811,1162,505,16488,1731,919,13838,A,是
EMP1356,邢慧,销售部,运营序列,P4,硕士,成都,2019-05-07,6.2,14669,5158,1745,1146,22718,2385,1417,18916,A,是
EMP1357,姬楠,销售部,技术序列,P2,本科,上海,2025-05-23,0.1,11612,1760,1708,976,16056,1685,884,13487,A,是
EMP1358,吴丽华,市场部,技术序列,P4,大专,上海,2022-08-01,2.9,22337,9950,1303,1769,35359,3712,2428,29219,B,否
EMP1359,任杰,产品部,技术序列,P4,大专,西安,2022-07-03,3.0,13170,5443,1845,1267,21725,2281,1338,18106,B,是
EMP1360,余杰,财务部,技术序列,P2,本科,成都,2023-05-27,2.1,6924,2897,433,505,10759,1129,460,9170,A,是
EMP1361,胡宁,销售部,销售序列,P1,本科,成都,2021-06-28,4.0,4530,1575,404,1695,8204,861,256,7087,S,是
EMP1362,温健,技术研发部,技术序列,P4,本科,北京,2017-08-31,7.8,20623,5226,2787,581,29217,3067,1937,24213,B,是
EMP1363,刘琳,运营部,销售序列,P5,大专,北京,2021-01-03,4.5,34345,14359,4829,310,53843,5653,3907,44283,B,是
EMP1364,唐帅,运营部,运营序列,P3,本科,广州,2022-01-15,3.5,11665,2769,1173,1427,17034,1788,962,14284,B,是
EMP1365,吴峰,运营部,产品序列,P2,本科,广州,2021-06-06,4.1,9044,2883,989,623,13539,1421,683,11435,B,是
EMP1366,高洁,技术研发部,运营序列,P4,本科,广州,2019-11-14,5.6,18627,3351,2250,1133,25361,2662,1628,21071,C,是
EMP1367,孙秀英,运营部,运营序列,P1,本科,广州,2019-09-23,5.8,7288,3108,971,1637,13004,1365,640,10999,B,是
EMP1368,何淑兰,销售部,职能序列,P3,本科,杭州,2022-03-10,3.3,11881,2283,738,1274,16176,1698,894,13584,B,是
EMP1369,张荣,技术研发部,技术序列,P2,硕士,杭州,2024-07-21,0.9,11168,2428,1463,1277,16336,1715,906,13715,C,是
EMP1370,刘玉兰,技术研发部,产品序列,P2,本科,北京,2022-02-03,3.4,13481,4279,1322,1632,20714,2174,1257,17283,C,是
EMP1371,罗玉珍,客户服务部,销售序列,P2,本科,上海,2020-03-25,5.3,10018,3799,952,708,15477,1625,838,13014,B,是
EMP1372,魏婷,技术研发部,销售序列,P3,本科,成都,2021-02-08,4.4,9606,3225,887,888,14606,1533,768,12305,B,是
EMP1373,陈宁,销售部,销售序列,P1,本科,武汉,2019-08-11,5.9,6400,1405,645,957,9407,987,352,8068,A,是
EMP1374,罗彬,人力资源部,产品序列,P3,硕士,上海,2018-02-11,7.4,15580,2341,2251,884,21056,2210,1284,17562,B,是
EMP1375,胡浩,产品部,职能序列,P3,本科,深圳,2023-10-27,1.7,11253,4244,1179,1622,18298,1921,1063,15314,D,是
EMP1376,俞凯,销售部,运营序列,P3,本科,杭州,2018-09-05,6.8,11357,5060,1650,421,18488,1941,1079,15468,B,是
EMP1377,曹俊,市场部,运营序列,P3,硕士,广州,2022-05-31,3.1,12358,4856,840,483,18537,1946,1082,15509,C,是
EMP1378,袁博,人力资源部,技术序列,P5,本科,广州,2020-04-17,5.2,21923,6315,2683,1635,32556,3418,2204,26934,B,是
EMP1379,黄杰,产品部,运营序列,P2,本科,深圳,2018-08-14,6.9,10653,4486,1397,1475,18011,1891,1040,15080,D,是
EMP1380,刘秀珍,财务部,技术序列,P3,本科,上海,2024-09-11,0.8,15921,4345,1877,775,22918,2406,1433,19079,B,是
EMP1381,王桂英,技术研发部,产品序列,P1,本科,广州,2020-08-09,4.9,8063,2479,892,1395,12829,1347,626,10856,S,是
EMP1382,周红,市场部,销售序列,P1,本科,上海,2016-06-27,9.0,8242,2416,877,1780,13315,1398,665,11252,B,是
EMP1383,李建,客户服务部,技术序列,P4,本科,成都,2019-07-27,5.9,16659,4735,2267,376,24037,2523,1522,19992,A,是
EMP1384,张雪,产品部,技术序列,P4,博士,深圳,2024-05-08,1.1,24881,9518,3288,658,38345,4026,2667,31652,S,是
EMP1385,黄建军,运营部,技术序列,P6,本科,武汉,2021-04-21,4.2,32819,10109,2042,1155,46125,4843,3290,37992,C,是
EMP1386,刘岩,产品部,销售序列,P4,本科,上海,2023-11-28,1.6,22710,5564,3062,660,31996,3359,2159,26478,A,是
EMP1387,梁洁,运营部,运营序列,M1,本科,成都,2025-02-05,0.4,13789,3136,1260,374,18559,1948,1084,15527,B,是
EMP1388,薛丹,技术研发部,产品序列,P1,硕士,西安,2020-04-10,5.2,5761,929,434,1113,8237,864,258,7115,A,是
EMP1389,徐建华,客户服务部,销售序列,P1,硕士,西安,2020-04-30,5.2,6146,1997,841,1314,10298,1081,423,8794,A,是
EMP1390,金帆,市场部,销售序列,P1,本科,上海,2023-06-11,2.1,8456,1851,788,681,11776,1236,542,9998,D,是
EMP1391,杨秀华,技术研发部,产品序列,P2,本科,西安,2024-11-19,0.6,8961,1742,1172,892,12767,1340,621,10806,B,是
EMP1392,周成,技术研发部,职能序列,P3,本科,上海,2025-03-15,0.3,17496,6056,1335,376,25263,2652,1621,20990,B,是
EMP1393,覃丽丽,技术研发部,职能序列,P4,本科,广州,2023-04-24,2.2,18842,6676,949,318,26785,2812,1742,22231,B,否
EMP1394,金玉珍,人力资源部,职能序列,P1,本科,北京,2017-09-15,7.8,9890,,984,911,15500,1627,840,13033,B,是
EMP1395,潘伟,产品部,技术序列,P7,本科,西安,2021-07-21,3.9,38937,11722,2337,1463,54459,5718,3956,44785,C,是
EMP1396,许霞,销售部,销售序列,P5,本科,杭州,2016-05-31,9.1,19133,8001,2399,1534,31067,3262,2085,25720,B,是
EMP1397,侯桂芝,市场部,运营序列,P2,硕士,上海,2017-06-01,8.1,10895,4694,845,519,16953,1780,956,14217,B,是
EMP1398,刘丽娟,产品部,技术序列,P1,本科,上海,2021-08-19,3.9,9766,3830,921,986,15503,1627,840,13036,C,否
EMP1399,赵雪,财务部,产品序列,P2,硕士,上海,2022-08-14,2.9,10466,3565,614,882,15527,1630,842,13055,A,是
EMP1400,石健,运营部,技术序列,P2,本科,北京,2019-09-21,5.8,11556,2786,909,1230,16481,1730,918,13833,B,是
EMP1401,穆金凤,技术研发部,技术序列,P2,本科,成都,2017-02-15,8.4,6813,3030,873,1613,12329,1294,586,10449,C,是
EMP1402,冯秀云,技术研发部,职能序列,P3,本科,西安,2025-06-23,0.0,12310,2858,802,1412,17382,1825,990,14567,B,是
EMP1403,郑瑞,技术研发部,技术序列,P2,大专,武汉,2020-12-08,4.6,9133,1925,1047,1373,13478,1415,678,11385,B,否
EMP1404,吴洋,运营部,产品序列,P3,本科,武汉,2017-02-12,8.4,9296,2627,1317,1311,14551,1527,764,12260,B,是
EMP1405,王洋,运营部,运营序列,M2,大专,深圳,2021-11-24,3.6,40829,6820,4817,574,53040,5569,3843,43628,C,是
EMP1406,王浩,市场部,技术序列,P4,本科,广州,2021-02-14,4.4,16199,7185,2123,1332,26839,2818,1747,22274,C,是
EMP1407,曾金凤,销售部,销售序列,P7,本科,北京,2016-03-03,9.3,64427,21037,3923,1258,90645,9517,6851,74277,A,是
EMP1408,王霞,销售部,技术序列,P2,硕士,成都,2024-02-07,1.4,8266,2621,620,858,12365,1298,589,10478,A,是
EMP1409,刘丹丹,财务部,技术序列,P3,本科,上海,2017-08-13,7.9,17404,6034,2427,694,26559,2788,1724,22047,B,是
EMP1410,薛玉梅,销售部,技术序列,P4,本科,成都,2020-08-06,4.9,15347,4590,1864,530,22331,2344,1386,18601,B,是
EMP1411,杨玉华,技术研发部,技术序列,P1,本科,北京,2023-05-05,2.2,11832,1888,1348,977,16045,1684,883,13478,A,是
EMP1412,梁平,技术研发部,技术序列,P1,硕士,北京,2017-09-24,7.8,7670,2559,892,632,11753,1234,540,9979,S,是
EMP1413,李想,产品部,职能序列,P4,本科,北京,2016-11-02,8.7,17881,6523,1634,1797,27835,2922,1826,23087,B,否
EMP1414,何楠,技术研发部,销售序列,P4,本科,深圳,2021-04-07,4.2,20238,5565,1102,1239,28144,2955,1851,23338,D,是
EMP1415,王波,人力资源部,技术序列,P3,本科,杭州,2024-10-06,0.7,11081,4179,1423,1627,18310,1922,1064,15324,B,是
EMP1416,阎明,客户服务部,职能序列,P3,大专,广州,2018-12-21,6.5,10458,2280,1232,826,14796,1553,783,12460,B,是
EMP1417,方伟,技术研发部,职能序列,P3,博士,深圳,2019-10-18,5.7,13496,2920,1312,1771,19499,2047,1159,16293,A,是
EMP1418,庞丹丹,技术研发部,销售序列,P1,本科,深圳,2022-12-27,2.5,7345,1457,1028,681,10511,1103,440,8968,B,否
EMP1419,杜欣,市场部,产品序列,P3,本科,西安,2023-10-08,1.7,8978,2348,750,328,12404,1302,592,10510,A,是
EMP1420,鹿雪梅,客户服务部,技术序列,P2,本科,杭州,2020-06-16,5.0,10595,4281,841,990,16707,1754,936,14017,A,是
EMP1421,李梅,产品部,产品序列,P1,大专,深圳,2023-04-15,2.2,7758,3090,1065,904,12817,1345,625,10847,C,是
EMP1422,孔建平,人力资源部,职能序列,M1,硕士,北京,2016-11-24,8.6,26907,7126,3489,1462,38984,4093,2718,32173,D,是
EMP1423,朱伟,技术研发部,销售序列,P4,本科,北京,2019-09-07,5.8,24914,8140,2528,1681,37263,3912,2581,30770,A,否
EMP1424,王丽华,技术研发部,技术序列,P4,本科,西安,2023-07-25,1.9,12748,4668,804,695,18915,1986,1113,15816,S,否
EMP1425,杨秀云,客户服务部,产品序列,P3,本科,成都,2021-12-25,3.5,10321,2294,738,659,14012,1471,720,11821,B,是
EMP1426,赵兵,客户服务部,销售序列,P3,本科,上海,2020-04-05,5.2,16556,3318,1914,1551,23339,2450,1467,19422,B,否
EMP1427,文洁,技术研发部,销售序列,P2,硕士,深圳,2019-07-21,6.0,8598,3797,760,1608,14763,1550,781,12432,A,是
EMP1428,王璐,客户服务部,销售序列,P1,本科,上海,2023-01-11,2.5,6095,2043,814,1130,10082,1058,406,8618,A,是
EMP1429,刘鑫,运营部,职能序列,P2,本科,广州,2024-01-22,1.4,9696,4309,1405,1175,16585,1741,926,13918,A,是
EMP1430,谢娜,销售部,产品序列,P5,硕士,武汉,2024-07-07,1.0,22028,5536,2876,1355,31795,3338,2143,26314,B,是
EMP1431,冯鑫,市场部,运营序列,P4,大专,北京,2021-06-21,4.0,28073,10131,2463,971,41638,4371,2931,34336,B,是
EMP1432,缪欢,人力资源部,职能序列,P3,本科,成都,2022-01-25,3.4,10862,2354,1399,477,15092,1584,807,12701,B,是
EMP1433,刘磊,人力资源部,技术序列,P3,本科,广州,2016-05-27,9.1,13993,3195,1191,1120,19499,2047,1159,16293,B,是
EMP1434,冯云,运营部,运营序列,P6,博士,西安,2022-12-04,2.6,26659,8092,1778,1670,38199,4010,2655,31534,C,是
EMP1435,梁柳,技术研发部,职能序列,P1,本科,成都,2016-10-07,8.7,5944,1461,317,495,8217,862,257,7098,D,是
EMP1436,王淑华,技术研发部,技术序列,P2,本科,武汉,2018-08-19,6.9,9120,1826,807,678,12431,1305,594,10532,A,是
EMP1437,宋淑华,产品部,职能序列,P3,本科,武汉,2023-01-29,2.4,7749,1773,1087,587,11196,1175,495,9526,A,是
EMP1438,李莹,运营部,运营序列,P5,本科,西安,2023-09-04,1.8,21286,3421,1573,1277,27557,2893,1804,22860,B,是
EMP1439,吕玉华,技术研发部,销售序列,M2,本科,杭州,2019-03-23,6.3,44848,16204,3168,962,65182,6844,4814,53524,A,是
EMP1440,张晶,运营部,技术序列,P2,本科,西安,2018-07-20,7.0,7660,2279,1125,808,11872,1246,549,10077,B,是
EMP1441,严琴,客户服务部,技术序列,P6,本科,北京,2024-05-16,1.1,52415,9344,2751,313,64823,6806,4785,53232,B,是
EMP1442,陈娟,技术研发部,运营序列,P5,本科,广州,2017-01-05,8.5,23556,4746,3028,834,32164,3377,2173,26614,B,是
EMP1443,刘玲,运营部,技术序列,P2,大专,杭州,2020-11-12,4.6,9936,1796,816,1085,13633,1431,690,11512,B,是
EMP1444,施帅,市场部,职能序列,P3,硕士,武汉,2017-02-07,8.4,10441,3484,561,782,15268,1603,821,12844,B,是
EMP1445,赖晨,销售部,职能序列,P3,硕士,广州,2024-07-11,1.0,9349,1666,1325,1214,13554,1423,684,11447,C,是
EMP1446,董涛,技术研发部,技术序列,M1,本科,成都,2023-02-08,2.4,15511,5836,992,846,23185,2434,1454,19297,A,是
EMP1447,戴金凤,运营部,运营序列,P2,本科,杭州,2023-11-23,1.6,8662,1352,911,975,11900,1249,552,10099,B,是
EMP1448,金桂珍,销售部,运营序列,P5,大专,杭州,2017-02-15,8.4,29993,6742,2321,918,39974,4197,2797,32980,S,是
EMP1449,沈颖,客户服务部,产品序列,P3,本科,北京,2020-12-22,4.5,17950,7488,1014,1492,27944,2934,1835,23175,A,是
EMP1450,盖楠,运营部,销售序列,P4,硕士,西安,2017-11-12,7.6,14585,5331,802,1780,22498,2362,1399,18737,B,是
EMP1451,颜丹丹,人力资源部,销售序列,P3,本科,上海,2023-10-13,1.7,17428,2995,1072,1473,22968,2411,1437,19120,A,是
EMP1452,赵桂兰,财务部,职能序列,P4,本科,成都,2019-05-11,6.1,14469,5734,826,323,21352,2241,1308,17803,S,是
EMP1453,张帆,销售部,职能序列,P5,硕士,成都,2016-04-28,9.2,24395,7267,3075,835,35572,3735,2445,29392,A,是
EMP1454,刘岩,财务部,运营序列,P5,本科,西安,2016-07-07,9.0,20301,8202,2000,1638,32141,3374,2171,26596,B,是
EMP1455,梁坤,技术研发部,销售序列,P6,大专,杭州,2019-08-21,5.9,37005,12219,3119,1036,53379,5604,3870,43905,B,是
EMP1456,宋晶,客户服务部,职能序列,P1,本科,杭州,2024-12-05,0.6,7115,2522,653,1718,12008,1260,560,10188,A,是
EMP1457,王燕,运营部,职能序列,P4,本科,北京,2016-08-17,8.9,24348,10909,3479,783,39519,4149,2761,32609,B,是
EMP1458,翟丽华,运营部,销售序列,P2,本科,上海,2019-04-16,6.2,11004,2417,1552,427,15400,1617,832,12951,A,是
EMP1459,李淑华,技术研发部,技术序列,P3,硕士,成都,2020-01-08,5.5,11909,4015,1447,1667,19038,1998,1123,15917,B,是
EMP1460,陈洋,运营部,销售序列,P3,硕士,武汉,2020-03-15,5.3,8987,2589,1244,542,13362,1403,668,11291,B,是
EMP1461,左晨,市场部,技术序列,P3,本科,深圳,2020-10-30,4.7,13317,2155,1091,1253,17816,1870,1025,14921,B,是
EMP1462,谭军,运营部,产品序列,P3,硕士,深圳,2017-08-19,7.9,16605,2562,1463,928,21558,2263,1324,17971,D,是
EMP1463,彭凤兰,技术研发部,产品序列,M3,本科,上海,2018-09-27,6.8,62765,11659,6990,627,82041,8614,6163,67264,C,是
EMP1464,彭燕,运营部,销售序列,P2,硕士,广州,2021-12-15,3.5,8802,3034,989,1130,13955,1465,716,11774,S,是
EMP1465,陈桂芝,客户服务部,销售序列,P4,本科,北京,2020-08-14,4.9,24903,7972,2444,1705,37024,3887,2561,30576,C,是
EMP1466,杨秀芳,技术研发部,职能序列,P3,硕士,上海,2022-05-07,3.2,14704,4646,1324,1329,22003,2310,1360,18333,A,是
EMP1467,贺峰,客户服务部,职能序列,P2,硕士,西安,2023-08-24,1.9,7231,1153,1074,1740,11198,1175,495,9528,C,是
EMP1468,赵杰,市场部,运营序列,P2,大专,西安,2024-11-20,0.6,8654,2516,1143,936,13249,1391,659,11199,A,是
EMP1469,顾雪,销售部,销售序列,P7,硕士,深圳,2018-01-07,7.5,67101,,6273,1713,103765,10895,7901,84969,B,是
EMP1470,陈鑫,销售部,运营序列,P6,硕士,杭州,2017-11-27,7.6,43684,11763,5361,540,61348,6441,4507,50400,A,是
EMP1471,周亮,财务部,产品序列,P6,硕士,深圳,2017-12-18,7.5,39901,13465,3070,1608,58044,6094,4243,47707,A,是
EMP1472,刘秀荣,运营部,技术序列,M2,本科,杭州,2016-11-19,8.6,40972,15731,2459,904,60066,6306,4405,49355,B,是
EMP1473,邱秀云,销售部,职能序列,P2,硕士,北京,2022-11-01,2.7,10522,4052,896,1052,16522,1734,921,13867,C,是
EMP1474,叶杨,市场部,职能序列,P3,硕士,杭州,2020-04-15,5.2,12164,3719,1098,1558,18539,1946,1083,15510,B,是
EMP1475,李洁,产品部,产品序列,P4,本科,上海,2022-12-13,2.6,15766,6422,814,752,23754,2494,1500,19760,B,是
EMP1476,陈军,运营部,技术序列,P3,硕士,杭州,2023-08-30,1.8,16390,4382,2154,748,23674,2485,1493,19696,B,是
EMP1477,邹鑫,销售部,销售序列,P3,大专,广州,2018-09-13,6.8,11419,4757,981,573,17730,1861,1018,14851,A,是
EMP1478,韩俊,运营部,技术序列,P3,本科,西安,2021-07-31,3.9,9986,2217,1078,1279,14560,1528,764,12268,S,是
EMP1479,王超,销售部,职能序列,P4,本科,上海,2022-07-16,3.0,19561,4578,1122,613,25874,2716,1669,21489,S,是
EMP1480,张飞,市场部,销售序列,P4,本科,西安,2017-08-09,7.9,15211,2524,1026,1231,19992,2099,1199,16694,B,是
EMP1481,董秀华,销售部,产品序列,P2,本科,北京,2018-08-09,6.9,11339,4407,1575,1540,18861,1980,1108,15773,A,是
EMP1482,林文,技术研发部,技术序列,P3,大专,上海,2021-03-03,4.3,13376,3679,1482,1065,19602,2058,1168,16376,A,是
EMP1483,李鑫,人力资源部,职能序列,P4,硕士,广州,2023-02-25,2.3,18574,4062,2693,1151,26480,2780,1718,21982,A,是
EMP1484,陈丹,技术研发部,销售序列,P4,大专,北京,2018-11-06,6.7,18628,4089,2791,1737,27245,2860,1779,22606,A,是
EMP1485,祝玲,产品部,运营序列,P2,本科,深圳,2021-02-25,4.3,10083,4239,879,1424,16625,1745,930,13950,C,是
EMP1486,唐林,市场部,销售序列,P4,大专,广州,2018-11-11,6.6,13180,5274,1052,1264,20770,2180,1261,17329,A,否
EMP1487,裴宇,市场部,技术序列,P1,本科,北京,2023-06-24,2.0,7254,2292,985,1400,11931,1252,554,10125,B,是
EMP1488,马坤,运营部,运营序列,P3,硕士,武汉,2016-02-08,9.4,10622,3556,1591,1660,17429,1830,994,14605,B,是
EMP1489,郭涛,市场部,职能序列,P5,本科,杭州,2025-01-08,0.5,20864,6098,2356,747,30065,3156,2005,24904,B,是
EMP1490,任利,市场部,销售序列,P4,硕士,上海,2021-03-20,4.3,18056,4829,2338,806,26029,2733,1682,21614,A,是
EMP1491,刘淑兰,技术研发部,技术序列,P2,大专,北京,2019-03-24,6.3,11871,5040,1521,1693,20125,2113,1210,16802,A,是
EMP1492,王玉英,市场部,销售序列,P4,本科,上海,2023-08-07,1.9,20527,3852,1755,1520,27654,2903,1812,22939,S,是
EMP1493,曾军,技术研发部,运营序列,P4,本科,杭州,2022-02-16,3.4,23417,6452,2515,467,32851,3449,2228,27174,B,是
EMP1494,宋亮,技术研发部,产品序列,P5,本科,北京,2017-10-09,7.7,39652,10046,5285,1376,56359,5917,4108,46334,A,是
EMP1495,赵海燕,财务部,技术序列,P4,大专,深圳,2016-10-29,8.7,19027,5697,2260,1214,28198,2960,1855,23383,B,是
EMP1496,刘平,运营部,销售序列,P4,本科,武汉,2020-12-14,4.5,15362,4413,800,1381,21956,2305,1356,18295,B,是
EMP1497,王红,财务部,技术序列,P3,本科,武汉,2019-11-16,5.6,11335,3464,948,1741,17488,1836,999,14653,B,是
EMP1498,谭勇,市场部,技术序列,P2,硕士,广州,2022-08-03,2.9,8642,1659,556,1040,11897,1249,551,10097,B,是
EMP1499,凌建,市场部,技术序列,P2,本科,北京,2019-05-10,6.1,9743,2961,714,459,13877,1457,710,11710,B,是
EMP1500,叶秀梅,销售部,销售序列,P3,本科,杭州,2023-03-02,2.3,13629,3035,1915,1455,20034,2103,1202,16729,C,是
,,,,,,,,,,,,,,,,,,
,,,,,,,,,,,,,,,,,,
,,,,,,,,,,,,,,,,,,
,,,,,,,,,,,,,,,,,,
,,,,,,,,,,,,,,,,,,
,,,,,,,,,,,,,,,,,,
,,,,,,,,,,,,,,,,,,
,,,,,,,,,,,,,,,,,,
EMP1375,胡浩,产品部,职能序列,P3,本科,深圳,2023-10-27,1.7,11253,4244,1179,1622,18298,1921,1063,15314,D,是
EMP1112,龚倩,技术研发部,技术序列,P3,本科,武汉,2017-09-03,7.8,11058,4207,773,403,16441,1726,915,13800,B,是
EMP0555,李瑜,销售部,销售序列,P2,本科,深圳,2016-06-07,9.1,12114,3212,820,380,16526,1735,922,13869,B,是
EMP0357,朱宁,技术研发部,职能序列,P4,本科,杭州,2024-10-20,0.7,17620,4483,2199,487,24789,2602,1583,20604,B,是
EMP0629,董霞,技术研发部,销售序列,P5,本科,北京,2019-05-15,6.1,32019,12934,1814,617,47384,4975,3390,39019,B,否
